entry_id,entry_type,subsystem,surface,trigger_or_path,handler_or_component,code_evidence,coverage_note,updated_at
API-001,fastapi_route,Backend API,health,GET /api/health,health,portal_bot/api.py:5309,Route inventory row generated; map to canonical story/test.,2026-06-27
API-002,fastapi_route,Backend API,internal,POST /api/internal/observer/batches,api_internal_observer_batches,portal_bot/api.py:5314,Route inventory row generated; map to canonical story/test.,2026-06-27
API-003,fastapi_route,Backend API,public,GET /api/public/plans,public_plans,portal_bot/api.py:5364,Route inventory row generated; map to canonical story/test.,2026-06-27
API-004,fastapi_route,Backend API,public,GET /api/public/catalog,public_catalog,portal_bot/api.py:5375,Route inventory row generated; map to canonical story/test.,2026-06-27
API-005,fastapi_route,Backend API,public,GET /api/public/live-updates,public_live_updates,portal_bot/api.py:5385,Route inventory row generated; map to canonical story/test.,2026-06-27
API-006,fastapi_route,Backend API,auth,POST /api/auth/telegram/web-login,auth_telegram_web_login,portal_bot/api.py:5427,Route inventory row generated; map to canonical story/test.,2026-06-27
API-007,fastapi_route,Backend API,auth,GET /api/auth/telegram/oidc/start,auth_telegram_oidc_start,portal_bot/api.py:5474,Route inventory row generated; map to canonical story/test.,2026-06-27
API-008,fastapi_route,Backend API,auth,POST /api/auth/telegram/oidc/finish,auth_telegram_oidc_finish,portal_bot/api.py:5488,Route inventory row generated; map to canonical story/test.,2026-06-27
API-009,fastapi_route,Backend API,auth,GET /api/auth/email/status,auth_email_status,portal_bot/api.py:5523,Route inventory row generated; map to canonical story/test.,2026-06-27
API-010,fastapi_route,Backend API,auth,POST /api/auth/email/register,auth_email_register,portal_bot/api.py:5528,Route inventory row generated; map to canonical story/test.,2026-06-27
API-011,fastapi_route,Backend API,auth,POST /api/auth/email/verify,auth_email_verify,portal_bot/api.py:5578,Route inventory row generated; map to canonical story/test.,2026-06-27
API-012,fastapi_route,Backend API,auth,POST /api/auth/email/login,auth_email_login,portal_bot/api.py:5620,Route inventory row generated; map to canonical story/test.,2026-06-27
API-013,fastapi_route,Backend API,auth,POST /api/auth/email/recovery/start,auth_email_recovery_start,portal_bot/api.py:5666,Route inventory row generated; map to canonical story/test.,2026-06-27
API-014,fastapi_route,Backend API,auth,POST /api/auth/email/recovery/finish,auth_email_recovery_finish,portal_bot/api.py:5702,Route inventory row generated; map to canonical story/test.,2026-06-27
API-015,fastapi_route,Backend API,auth,GET /api/auth/session,auth_session,portal_bot/api.py:5750,Route inventory row generated; map to canonical story/test.,2026-06-27
API-016,fastapi_route,Backend API,client,POST /api/client/session/start-trial,client_start_trial,portal_bot/api.py:5805,Route inventory row generated; map to canonical story/test.,2026-06-27
API-017,fastapi_route,Backend API,client,GET /api/client/route-policy,client_route_policy,portal_bot/api.py:5929,Route inventory row generated; map to canonical story/test.,2026-06-27
API-018,fastapi_route,Backend API,client,POST /api/client/route-policy,client_update_route_policy,portal_bot/api.py:5946,Route inventory row generated; map to canonical story/test.,2026-06-27
API-019,fastapi_route,Backend API,client,GET /api/client/locations,client_locations_catalog,portal_bot/api.py:6372,Route inventory row generated; map to canonical story/test.,2026-06-27
API-020,fastapi_route,Backend API,client,GET /api/client/subscription,client_subscription,portal_bot/api.py:6468,Route inventory row generated; map to canonical story/test.,2026-06-27
API-021,fastapi_route,Backend API,client,GET /api/client/devices,client_devices,portal_bot/api.py:6496,Route inventory row generated; map to canonical story/test.,2026-06-27
API-022,fastapi_route,Backend API,client,DELETE /api/client/devices/{device_id},client_device_revoke,portal_bot/api.py:6519,Route inventory row generated; map to canonical story/test.,2026-06-27
API-023,fastapi_route,Backend API,client,GET /api/client/notifications,client_notifications,portal_bot/api.py:6537,Route inventory row generated; map to canonical story/test.,2026-06-27
API-024,fastapi_route,Backend API,client,POST /api/client/notifications/read,client_notifications_read,portal_bot/api.py:6561,Route inventory row generated; map to canonical story/test.,2026-06-27
API-025,fastapi_route,Backend API,client,POST /api/client/push/register,client_push_register,portal_bot/api.py:6586,Route inventory row generated; map to canonical story/test.,2026-06-27
API-026,fastapi_route,Backend API,client,POST /api/client/support/assistant,client_support_assistant,portal_bot/api.py:6616,Route inventory row generated; map to canonical story/test.,2026-06-27
API-027,fastapi_route,Backend API,client,GET /api/client/profile/managed,client_managed_profile,portal_bot/api.py:6678,Route inventory row generated; map to canonical story/test.,2026-06-27
API-028,fastapi_route,Backend API,client,GET /api/client/promo-slots,client_promo_slots,portal_bot/api.py:6787,Route inventory row generated; map to canonical story/test.,2026-06-27
API-029,fastapi_route,Backend API,client,POST /api/client/nodes/latency-samples,client_nodes_latency_samples,portal_bot/api.py:6815,Route inventory row generated; map to canonical story/test.,2026-06-27
API-030,fastapi_route,Backend API,client,GET /api/client/warp/status,client_warp_status,portal_bot/api.py:7002,Route inventory row generated; map to canonical story/test.,2026-06-27
API-031,fastapi_route,Backend API,client,POST /api/client/warp/consent,client_warp_consent,portal_bot/api.py:7011,Route inventory row generated; map to canonical story/test.,2026-06-27
API-032,fastapi_route,Backend API,client,POST /api/client/warp/revoke,client_warp_revoke,portal_bot/api.py:7052,Route inventory row generated; map to canonical story/test.,2026-06-27
API-033,fastapi_route,Backend API,client,POST /api/client/warp/rotate,client_warp_rotate,portal_bot/api.py:7079,Route inventory row generated; map to canonical story/test.,2026-06-27
API-034,fastapi_route,Backend API,client,POST /api/client/warp/events,client_warp_events,portal_bot/api.py:7136,Route inventory row generated; map to canonical story/test.,2026-06-27
API-035,fastapi_route,Backend API,client,POST /api/client/telegram/link,client_telegram_link_start,portal_bot/api.py:7165,Route inventory row generated; map to canonical story/test.,2026-06-27
API-036,fastapi_route,Backend API,payments,GET /api/payments/providers,rub_payment_providers,portal_bot/api.py:7519,Route inventory row generated; map to canonical story/test.,2026-06-27
API-037,fastapi_route,Backend API,payments,POST /api/payments/orders/create,rub_order_create,portal_bot/api.py:7524,Route inventory row generated; map to canonical story/test.,2026-06-27
API-038,fastapi_route,Backend API,payments,POST /api/payments/orders/create-public,rub_order_create_public,portal_bot/api.py:7554,Route inventory row generated; map to canonical story/test.,2026-06-27
API-039,fastapi_route,Backend API,payments,POST /api/payments/freekassa/orders/create,freekassa_order_create,portal_bot/api.py:7605,Route inventory row generated; map to canonical story/test.,2026-06-27
API-040,fastapi_route,Backend API,payments,POST /api/payments/freekassa/orders/create-public,freekassa_order_create_public,portal_bot/api.py:7624,Route inventory row generated; map to canonical story/test.,2026-06-27
API-041,fastapi_route,Backend API,payments,GET /api/payments/freekassa/orders/{order_id},freekassa_order_get,portal_bot/api.py:7639,Route inventory row generated; map to canonical story/test.,2026-06-27
API-042,fastapi_route,Backend API,payments,POST /api/payments/freekassa/orders/{order_id}/refund,freekassa_order_refund,portal_bot/api.py:7666,Route inventory row generated; map to canonical story/test.,2026-06-27
API-043,fastapi_route,Backend API,payments,GET /api/payments/freekassa/currencies,freekassa_currencies,portal_bot/api.py:7690,Route inventory row generated; map to canonical story/test.,2026-06-27
API-044,fastapi_route,Backend API,payments,GET /api/payments/freekassa/currencies/{currency}/status,freekassa_currency_status,portal_bot/api.py:7701,Route inventory row generated; map to canonical story/test.,2026-06-27
API-045,fastapi_route,Backend API,admin,GET /api/admin/metrics/status,admin_metrics_status,portal_bot/api.py:7979,Route inventory row generated; map to canonical story/test.,2026-06-27
API-046,fastapi_route,Backend API,admin,GET /api/admin/funnel/summary,admin_funnel_summary,portal_bot/api.py:7995,Route inventory row generated; map to canonical story/test.,2026-06-27
API-047,fastapi_route,Backend API,admin,GET /api/admin/nodes/traffic,admin_nodes_traffic,portal_bot/api.py:8250,Route inventory row generated; map to canonical story/test.,2026-06-27
API-048,fastapi_route,Backend API,admin,GET /api/admin/metrics/timeseries,admin_metrics_timeseries,portal_bot/api.py:8299,Route inventory row generated; map to canonical story/test.,2026-06-27
API-049,fastapi_route,Backend API,reviews,GET /api/reviews,featured_reviews,portal_bot/api.py:8404,Route inventory row generated; map to canonical story/test.,2026-06-27
API-050,fastapi_route,Backend API,public,GET /api/public/social-proof,public_social_proof,portal_bot/api.py:8430,Route inventory row generated; map to canonical story/test.,2026-06-27
API-051,fastapi_route,Backend API,events,POST /api/events,api_track_event,portal_bot/api.py:8454,Route inventory row generated; map to canonical story/test.,2026-06-27
API-052,fastapi_route,Backend API,funnel,POST /api/funnel/events,api_track_funnel_event,portal_bot/api.py:8471,Route inventory row generated; map to canonical story/test.,2026-06-27
API-053,fastapi_route,Backend API,connect,POST /api/connect/confirm,api_connect_confirm,portal_bot/api.py:8517,Route inventory row generated; map to canonical story/test.,2026-06-27
API-054,fastapi_route,Backend API,pay,POST /api/pay/attempts/start,api_pay_attempt_start,portal_bot/api.py:8525,Route inventory row generated; map to canonical story/test.,2026-06-27
API-055,fastapi_route,Backend API,offers,GET /api/offers/active,api_active_offer,portal_bot/api.py:8553,Route inventory row generated; map to canonical story/test.,2026-06-27
API-056,fastapi_route,Backend API,offers,POST /api/offers/{offer_id}/accept,api_accept_offer,portal_bot/api.py:8560,Route inventory row generated; map to canonical story/test.,2026-06-27
API-057,fastapi_route,Backend API,points,GET /api/points,api_points,portal_bot/api.py:8570,Route inventory row generated; map to canonical story/test.,2026-06-27
API-058,fastapi_route,Backend API,network,GET /api/network/probe,api_network_probe,portal_bot/api.py:8593,Route inventory row generated; map to canonical story/test.,2026-06-27
API-059,fastapi_route,Backend API,user,GET /api/user/{tg_id},user_data,portal_bot/api.py:8608,Route inventory row generated; map to canonical story/test.,2026-06-27
API-060,fastapi_route,Backend API,dashboard,GET /api/dashboard,dashboard_snapshot,portal_bot/api.py:8836,Route inventory row generated; map to canonical story/test.,2026-06-27
API-061,fastapi_route,Backend API,client,GET /api/client/apps,client_apps,portal_bot/api.py:8948,Route inventory row generated; map to canonical story/test.,2026-06-27
API-062,fastapi_route,Backend API,nodes,GET /api/nodes/status,nodes_status,portal_bot/api.py:9046,Route inventory row generated; map to canonical story/test.,2026-06-27
API-063,fastapi_route,Backend API,nodes,POST /api/nodes/diagnostics/run,nodes_run_diagnostics,portal_bot/api.py:9076,Route inventory row generated; map to canonical story/test.,2026-06-27
API-064,fastapi_route,Backend API,bonuses,GET /api/bonuses,bonuses,portal_bot/api.py:9106,Route inventory row generated; map to canonical story/test.,2026-06-27
API-065,fastapi_route,Backend API,bonuses,GET /api/bonuses/summary,bonuses_summary,portal_bot/api.py:9498,Route inventory row generated; map to canonical story/test.,2026-06-27
API-066,fastapi_route,Backend API,bonuses,GET /api/bonuses/referral/summary,bonuses_referral_summary,portal_bot/api.py:9512,Route inventory row generated; map to canonical story/test.,2026-06-27
API-067,fastapi_route,Backend API,bonuses,GET /api/bonuses/history,bonuses_history,portal_bot/api.py:9526,Route inventory row generated; map to canonical story/test.,2026-06-27
API-068,fastapi_route,Backend API,bonuses,GET /api/bonuses/wheel/state,bonuses_wheel_state,portal_bot/api.py:9544,Route inventory row generated; map to canonical story/test.,2026-06-27
API-069,fastapi_route,Backend API,bonuses,POST /api/bonuses/wheel/spin,bonuses_wheel_spin,portal_bot/api.py:9558,Route inventory row generated; map to canonical story/test.,2026-06-27
API-070,fastapi_route,Backend API,bonuses,GET /api/bonuses/calendar,bonuses_calendar,portal_bot/api.py:9632,Route inventory row generated; map to canonical story/test.,2026-06-27
API-071,fastapi_route,Backend API,bonuses,POST /api/bonuses/calendar/checkin,bonuses_calendar_checkin,portal_bot/api.py:9646,Route inventory row generated; map to canonical story/test.,2026-06-27
API-072,fastapi_route,Backend API,channel,POST /api/channel/subscriber/check,channel_subscriber_check,portal_bot/api.py:9724,Route inventory row generated; map to canonical story/test.,2026-06-27
API-073,fastapi_route,Backend API,bonuses,POST /api/bonuses/channel/claim,claim_channel_bonus,portal_bot/api.py:9747,Route inventory row generated; map to canonical story/test.,2026-06-27
API-074,fastapi_route,Backend API,promo,POST /api/promo/redeem,promo_redeem,portal_bot/api.py:9776,Route inventory row generated; map to canonical story/test.,2026-06-27
API-075,fastapi_route,Backend API,bonuses,POST /api/bonuses/promo/redeem,bonuses_promo_redeem,portal_bot/api.py:9897,Route inventory row generated; map to canonical story/test.,2026-06-27
API-076,fastapi_route,Backend API,gift,POST /api/gift/redeem,gift_redeem,portal_bot/api.py:9912,Route inventory row generated; map to canonical story/test.,2026-06-27
API-077,fastapi_route,Backend API,access-keys,GET /api/access-keys/status/{key},access_key_status,portal_bot/api.py:9991,Route inventory row generated; map to canonical story/test.,2026-06-27
API-078,fastapi_route,Backend API,access-keys,POST /api/access-keys/redeem,access_key_redeem,portal_bot/api.py:10135,Route inventory row generated; map to canonical story/test.,2026-06-27
API-079,fastapi_route,Backend API,redeem,POST /api/redeem,unified_redeem,portal_bot/api.py:10150,Route inventory row generated; map to canonical story/test.,2026-06-27
API-080,fastapi_route,Backend API,client,POST /api/client/cabinet-token,client_cabinet_token,portal_bot/api.py:10245,Route inventory row generated; map to canonical story/test.,2026-06-27
API-081,fastapi_route,Backend API,auth,POST /api/auth/cabinet-handoff/exchange,auth_cabinet_handoff_exchange,portal_bot/api.py:10297,Route inventory row generated; map to canonical story/test.,2026-06-27
API-082,fastapi_route,Backend API,reviews,POST /api/reviews,create_review,portal_bot/api.py:10396,Route inventory row generated; map to canonical story/test.,2026-06-27
API-083,fastapi_route,Backend API,feedback,POST /api/feedback,create_feedback,portal_bot/api.py:10422,Route inventory row generated; map to canonical story/test.,2026-06-27
API-084,fastapi_route,Backend API,tickets,GET /api/tickets,get_tickets,portal_bot/api.py:10457,Route inventory row generated; map to canonical story/test.,2026-06-27
API-085,fastapi_route,Backend API,tickets,POST /api/tickets/uploads,upload_ticket_attachment,portal_bot/api.py:10473,Route inventory row generated; map to canonical story/test.,2026-06-27
API-086,fastapi_route,Backend API,tickets,POST /api/tickets,create_user_ticket,portal_bot/api.py:10500,Route inventory row generated; map to canonical story/test.,2026-06-27
API-087,fastapi_route,Backend API,tickets,GET /api/tickets/{ticket_id},get_ticket,portal_bot/api.py:10538,Route inventory row generated; map to canonical story/test.,2026-06-27
API-088,fastapi_route,Backend API,tickets,POST /api/tickets/{ticket_id}/messages,add_ticket_user_message,portal_bot/api.py:10555,Route inventory row generated; map to canonical story/test.,2026-06-27
API-089,fastapi_route,Backend API,admin,GET /api/admin/summary,admin_summary,portal_bot/api.py:10602,Route inventory row generated; map to canonical story/test.,2026-06-27
API-090,fastapi_route,Backend API,admin,GET /api/admin/payments/orders,admin_payment_orders,portal_bot/api.py:10970,Route inventory row generated; map to canonical story/test.,2026-06-27
API-091,fastapi_route,Backend API,admin,POST /api/admin/payments/orders/{provider}/{order_id}/reconcile,admin_payment_order_reconcile,portal_bot/api.py:11016,Route inventory row generated; map to canonical story/test.,2026-06-27
API-092,fastapi_route,Backend API,admin,GET /api/admin/users,admin_users,portal_bot/api.py:11067,Route inventory row generated; map to canonical story/test.,2026-06-27
API-093,fastapi_route,Backend API,admin,GET /api/admin/users/{tg_id},admin_user_card,portal_bot/api.py:11377,Route inventory row generated; map to canonical story/test.,2026-06-27
API-094,fastapi_route,Backend API,admin,POST /api/admin/users/manual,admin_create_manual_user,portal_bot/api.py:11495,Route inventory row generated; map to canonical story/test.,2026-06-27
API-095,fastapi_route,Backend API,admin,POST /api/admin/users/{tg_id}/manual-extend,admin_extend_manual_user,portal_bot/api.py:11581,Route inventory row generated; map to canonical story/test.,2026-06-27
API-096,fastapi_route,Backend API,admin,POST /api/admin/users/{tg_id}/manual/extend,admin_extend_manual_user,portal_bot/api.py:11581,Route inventory row generated; map to canonical story/test.,2026-06-27
API-097,fastapi_route,Backend API,admin,POST /api/admin/users/{tg_id}/manual/block,admin_block_manual_user,portal_bot/api.py:11621,Route inventory row generated; map to canonical story/test.,2026-06-27
API-098,fastapi_route,Backend API,admin,POST /api/admin/users/{tg_id}/manual/regenerate-token,admin_regenerate_manual_token,portal_bot/api.py:11654,Route inventory row generated; map to canonical story/test.,2026-06-27
API-099,fastapi_route,Backend API,admin,POST /api/admin/users/{tg_id}/safe-delete,admin_safe_delete_test_user,portal_bot/api.py:11695,Route inventory row generated; map to canonical story/test.,2026-06-27
API-100,fastapi_route,Backend API,admin,POST /api/admin/users/{tg_id}/delete-test-user,admin_delete_test_user_compat,portal_bot/api.py:11745,Route inventory row generated; map to canonical story/test.,2026-06-27
API-101,fastapi_route,Backend API,admin,POST /api/admin/users/{tg_id}/keys/{node_code}/toggle,admin_user_key_toggle,portal_bot/api.py:11757,Route inventory row generated; map to canonical story/test.,2026-06-27
API-102,fastapi_route,Backend API,admin,POST /api/admin/users/{tg_id}/keys/{node_code}/reset-traffic,admin_user_key_reset_traffic,portal_bot/api.py:11809,Route inventory row generated; map to canonical story/test.,2026-06-27
API-103,fastapi_route,Backend API,admin,POST /api/admin/users/{tg_id}/keys/{node_code}/resync-subid,admin_user_key_resync_subid,portal_bot/api.py:11851,Route inventory row generated; map to canonical story/test.,2026-06-27
API-104,fastapi_route,Backend API,admin,GET /api/admin/users/{tg_id}/key-history,admin_user_key_history,portal_bot/api.py:11905,Route inventory row generated; map to canonical story/test.,2026-06-27
API-105,fastapi_route,Backend API,admin,GET /api/admin/users/{tg_id}/key-limits,admin_user_key_limits_get,portal_bot/api.py:11936,Route inventory row generated; map to canonical story/test.,2026-06-27
API-106,fastapi_route,Backend API,admin,PUT /api/admin/users/{tg_id}/key-limits/{node_code},admin_user_key_limits_put,portal_bot/api.py:11952,Route inventory row generated; map to canonical story/test.,2026-06-27
API-107,fastapi_route,Backend API,admin,GET /api/admin/users/{tg_id}/risk,admin_user_risk_get,portal_bot/api.py:12029,Route inventory row generated; map to canonical story/test.,2026-06-27
API-108,fastapi_route,Backend API,admin,GET /api/admin/users/{tg_id}/loyalty,admin_user_loyalty_get,portal_bot/api.py:12049,Route inventory row generated; map to canonical story/test.,2026-06-27
API-109,fastapi_route,Backend API,admin,POST /api/admin/users/{tg_id}/loyalty/grant,admin_user_loyalty_grant,portal_bot/api.py:12062,Route inventory row generated; map to canonical story/test.,2026-06-27
API-110,fastapi_route,Backend API,admin,POST /api/admin/users/{tg_id}/presets/run,admin_user_preset_run,portal_bot/api.py:12110,Route inventory row generated; map to canonical story/test.,2026-06-27
API-111,fastapi_route,Backend API,admin,POST /api/admin/users/keys/bulk-action,admin_users_keys_bulk_action,portal_bot/api.py:12228,Route inventory row generated; map to canonical story/test.,2026-06-27
API-112,fastapi_route,Backend API,admin,GET /api/admin/audit,admin_audit_log,portal_bot/api.py:12331,Route inventory row generated; map to canonical story/test.,2026-06-27
API-113,fastapi_route,Backend API,admin,POST /api/admin/users/{tg_id}/message,admin_user_message,portal_bot/api.py:12371,Route inventory row generated; map to canonical story/test.,2026-06-27
API-114,fastapi_route,Backend API,admin,POST /api/admin/broadcast,admin_broadcast,portal_bot/api.py:12386,Route inventory row generated; map to canonical story/test.,2026-06-27
API-115,fastapi_route,Backend API,admin,GET /api/admin/promos,admin_promos,portal_bot/api.py:12435,Route inventory row generated; map to canonical story/test.,2026-06-27
API-116,fastapi_route,Backend API,admin,POST /api/admin/promos,admin_promos_create,portal_bot/api.py:12466,Route inventory row generated; map to canonical story/test.,2026-06-27
API-117,fastapi_route,Backend API,admin,PATCH /api/admin/promos/{code},admin_promos_update,portal_bot/api.py:12494,Route inventory row generated; map to canonical story/test.,2026-06-27
API-118,fastapi_route,Backend API,admin,DELETE /api/admin/promos/{code},admin_promos_delete,portal_bot/api.py:12533,Route inventory row generated; map to canonical story/test.,2026-06-27
API-119,fastapi_route,Backend API,admin,GET /api/admin/plans,admin_plans,portal_bot/api.py:12550,Route inventory row generated; map to canonical story/test.,2026-06-27
API-120,fastapi_route,Backend API,admin,POST /api/admin/plans,admin_plans_create,portal_bot/api.py:12561,Route inventory row generated; map to canonical story/test.,2026-06-27
API-121,fastapi_route,Backend API,admin,PATCH /api/admin/plans/{code},admin_plans_update,portal_bot/api.py:12593,Route inventory row generated; map to canonical story/test.,2026-06-27
API-122,fastapi_route,Backend API,admin,DELETE /api/admin/plans/{code},admin_plans_delete,portal_bot/api.py:12628,Route inventory row generated; map to canonical story/test.,2026-06-27
API-123,fastapi_route,Backend API,admin,GET /api/admin/live-updates,admin_live_updates,portal_bot/api.py:12645,Route inventory row generated; map to canonical story/test.,2026-06-27
API-124,fastapi_route,Backend API,admin,POST /api/admin/live-updates,admin_live_updates_create,portal_bot/api.py:12681,Route inventory row generated; map to canonical story/test.,2026-06-27
API-125,fastapi_route,Backend API,admin,PATCH /api/admin/live-updates/{update_id},admin_live_updates_update,portal_bot/api.py:12720,Route inventory row generated; map to canonical story/test.,2026-06-27
API-126,fastapi_route,Backend API,admin,DELETE /api/admin/live-updates/{update_id},admin_live_updates_delete,portal_bot/api.py:12759,Route inventory row generated; map to canonical story/test.,2026-06-27
API-127,fastapi_route,Backend API,admin,GET /api/admin/start-links,admin_start_links,portal_bot/api.py:12775,Route inventory row generated; map to canonical story/test.,2026-06-27
API-128,fastapi_route,Backend API,admin,POST /api/admin/start-links,admin_start_links_create,portal_bot/api.py:12804,Route inventory row generated; map to canonical story/test.,2026-06-27
API-129,fastapi_route,Backend API,admin,PATCH /api/admin/start-links/{link_id},admin_start_links_update,portal_bot/api.py:12834,Route inventory row generated; map to canonical story/test.,2026-06-27
API-130,fastapi_route,Backend API,admin,DELETE /api/admin/start-links/{link_id},admin_start_links_delete,portal_bot/api.py:12866,Route inventory row generated; map to canonical story/test.,2026-06-27
API-131,fastapi_route,Backend API,admin,GET /api/admin/wheel-config,admin_wheel_config_get,portal_bot/api.py:12883,Route inventory row generated; map to canonical story/test.,2026-06-27
API-132,fastapi_route,Backend API,admin,PUT /api/admin/wheel-config,admin_wheel_config_put,portal_bot/api.py:12894,Route inventory row generated; map to canonical story/test.,2026-06-27
API-133,fastapi_route,Backend API,admin,GET /api/admin/network-rollout-config,admin_network_rollout_config_get,portal_bot/api.py:12912,Route inventory row generated; map to canonical story/test.,2026-06-27
API-134,fastapi_route,Backend API,admin,PUT /api/admin/network-rollout-config,admin_network_rollout_config_put,portal_bot/api.py:12922,Route inventory row generated; map to canonical story/test.,2026-06-27
API-135,fastapi_route,Backend API,admin,PUT /api/admin/client/warp/material,admin_client_warp_material_put,portal_bot/api.py:12943,Route inventory row generated; map to canonical story/test.,2026-06-27
API-136,fastapi_route,Backend API,admin,GET /api/admin/client/warp/summary,admin_client_warp_summary,portal_bot/api.py:13080,Route inventory row generated; map to canonical story/test.,2026-06-27
API-137,fastapi_route,Backend API,admin,GET /api/admin/promo-slots,admin_promo_slots_get,portal_bot/api.py:13090,Route inventory row generated; map to canonical story/test.,2026-06-27
API-138,fastapi_route,Backend API,admin,PUT /api/admin/promo-slots,admin_promo_slots_put,portal_bot/api.py:13116,Route inventory row generated; map to canonical story/test.,2026-06-27
API-139,fastapi_route,Backend API,admin,POST /api/admin/campaign-links/build,admin_campaign_links_build,portal_bot/api.py:13135,Route inventory row generated; map to canonical story/test.,2026-06-27
API-140,fastapi_route,Backend API,admin,GET /api/admin/referrals/pending,admin_referrals_pending,portal_bot/api.py:13188,Route inventory row generated; map to canonical story/test.,2026-06-27
API-141,fastapi_route,Backend API,admin,POST /api/admin/referrals/process,admin_referrals_process,portal_bot/api.py:13222,Route inventory row generated; map to canonical story/test.,2026-06-27
API-142,fastapi_route,Backend API,admin,GET /api/admin/loyalty-config,admin_loyalty_config_get,portal_bot/api.py:13234,Route inventory row generated; map to canonical story/test.,2026-06-27
API-143,fastapi_route,Backend API,admin,PUT /api/admin/loyalty-config,admin_loyalty_config_put,portal_bot/api.py:13244,Route inventory row generated; map to canonical story/test.,2026-06-27
API-144,fastapi_route,Backend API,admin,GET /api/admin/campaigns,admin_campaigns_get,portal_bot/api.py:13258,Route inventory row generated; map to canonical story/test.,2026-06-27
API-145,fastapi_route,Backend API,admin,POST /api/admin/campaigns,admin_campaigns_create,portal_bot/api.py:13295,Route inventory row generated; map to canonical story/test.,2026-06-27
API-146,fastapi_route,Backend API,admin,PATCH /api/admin/campaigns/{campaign_id},admin_campaigns_patch,portal_bot/api.py:13334,Route inventory row generated; map to canonical story/test.,2026-06-27
API-147,fastapi_route,Backend API,admin,DELETE /api/admin/campaigns/{campaign_id},admin_campaigns_delete,portal_bot/api.py:13372,Route inventory row generated; map to canonical story/test.,2026-06-27
API-148,fastapi_route,Backend API,admin,GET /api/admin/templates,admin_templates,portal_bot/api.py:13389,Route inventory row generated; map to canonical story/test.,2026-06-27
API-149,fastapi_route,Backend API,admin,POST /api/admin/templates,admin_templates_create,portal_bot/api.py:13406,Route inventory row generated; map to canonical story/test.,2026-06-27
API-150,fastapi_route,Backend API,admin,PATCH /api/admin/templates/{key},admin_templates_update,portal_bot/api.py:13425,Route inventory row generated; map to canonical story/test.,2026-06-27
API-151,fastapi_route,Backend API,admin,DELETE /api/admin/templates/{key},admin_templates_delete,portal_bot/api.py:13451,Route inventory row generated; map to canonical story/test.,2026-06-27
API-152,fastapi_route,Backend API,admin,GET /api/admin/gift-codes,admin_gift_codes,portal_bot/api.py:13468,Route inventory row generated; map to canonical story/test.,2026-06-27
API-153,fastapi_route,Backend API,admin,POST /api/admin/access-keys/issue,admin_access_keys_issue,portal_bot/api.py:13494,Route inventory row generated; map to canonical story/test.,2026-06-27
API-154,fastapi_route,Backend API,admin,POST /api/admin/gift-codes,admin_gift_codes_create,portal_bot/api.py:13533,Route inventory row generated; map to canonical story/test.,2026-06-27
API-155,fastapi_route,Backend API,admin,GET /api/admin/tickets,admin_tickets,portal_bot/api.py:13560,Route inventory row generated; map to canonical story/test.,2026-06-27
API-156,fastapi_route,Backend API,admin,POST /api/admin/tickets/{ticket_id}/reply,admin_ticket_reply,portal_bot/api.py:13582,Route inventory row generated; map to canonical story/test.,2026-06-27
API-157,fastapi_route,Backend API,admin,POST /api/admin/tickets/{ticket_id}/status,admin_ticket_status,portal_bot/api.py:13611,Route inventory row generated; map to canonical story/test.,2026-06-27
API-158,fastapi_route,Backend API,admin,GET /api/admin/nodes/health,admin_nodes_health,portal_bot/api.py:13634,Route inventory row generated; map to canonical story/test.,2026-06-27
API-159,fastapi_route,Backend API,admin,GET /api/admin/nodes/runtime,admin_nodes_runtime,portal_bot/api.py:13690,Route inventory row generated; map to canonical story/test.,2026-06-27
API-160,fastapi_route,Backend API,admin,GET /api/admin/nodes/drift,admin_nodes_drift,portal_bot/api.py:13718,Route inventory row generated; map to canonical story/test.,2026-06-27
API-161,fastapi_route,Backend API,admin,POST /api/admin/nodes/sync,admin_nodes_sync,portal_bot/api.py:13731,Route inventory row generated; map to canonical story/test.,2026-06-27
API-162,fastapi_route,Backend API,admin,POST /api/admin/nodes/{node_code}/drain,admin_node_drain,portal_bot/api.py:13775,Route inventory row generated; map to canonical story/test.,2026-06-27
API-163,fastapi_route,Backend API,admin,POST /api/admin/nodes/{node_code}/enable,admin_node_enable,portal_bot/api.py:13803,Route inventory row generated; map to canonical story/test.,2026-06-27
API-164,fastapi_route,Backend API,admin,POST /api/admin/nodes/{node_code}/disable,admin_node_disable,portal_bot/api.py:13831,Route inventory row generated; map to canonical story/test.,2026-06-27
API-165,fastapi_route,Backend API,admin,POST /api/admin/nodes/{node_code}/resync,admin_node_resync,portal_bot/api.py:13865,Route inventory row generated; map to canonical story/test.,2026-06-27
TG-HANDLER-001,aiogram_handler,Telegram bots,Main Telegram bot,router.callback_query(F.data == 'noop'),noop,portal_bot\bot.py:2725,Detailed story coverage lives in pokrov-telegram-bot-user-stories.xlsx and this handler inventory.,2026-06-27
TG-HANDLER-002,aiogram_handler,Telegram bots,Main Telegram bot,router.message(CommandStart()),cmd_start,portal_bot\bot.py:3540,Detailed story coverage lives in pokrov-telegram-bot-user-stories.xlsx and this handler inventory.,2026-06-27
TG-HANDLER-003,aiogram_handler,Telegram bots,Main Telegram bot,router.callback_query(F.data == 'back'),back_to_main,portal_bot\bot.py:3828,Detailed story coverage lives in pokrov-telegram-bot-user-stories.xlsx and this handler inventory.,2026-06-27
TG-HANDLER-004,aiogram_handler,Telegram bots,Main Telegram bot,router.callback_query(F.data == 'charge'),show_tariffs,portal_bot\bot.py:3852,Detailed story coverage lives in pokrov-telegram-bot-user-stories.xlsx and this handler inventory.,2026-06-27
TG-HANDLER-005,aiogram_handler,Telegram bots,Main Telegram bot,router.callback_query(F.data == 'charge_stars'),show_tariffs_stars,portal_bot\bot.py:3882,Detailed story coverage lives in pokrov-telegram-bot-user-stories.xlsx and this handler inventory.,2026-06-27
TG-HANDLER-006,aiogram_handler,Telegram bots,Main Telegram bot,router.callback_query(F.data == 'charge_long'),show_long_tariffs,portal_bot\bot.py:3898,Detailed story coverage lives in pokrov-telegram-bot-user-stories.xlsx and this handler inventory.,2026-06-27
TG-HANDLER-007,aiogram_handler,Telegram bots,Main Telegram bot,router.callback_query(F.data == 'accept_tos'),accept_tos,portal_bot\bot.py:3918,Detailed story coverage lives in pokrov-telegram-bot-user-stories.xlsx and this handler inventory.,2026-06-27
TG-HANDLER-008,aiogram_handler,Telegram bots,Main Telegram bot,router.callback_query(F.data == 'status'),show_status,portal_bot\bot.py:3974,Detailed story coverage lives in pokrov-telegram-bot-user-stories.xlsx and this handler inventory.,2026-06-27
TG-HANDLER-009,aiogram_handler,Telegram bots,Main Telegram bot,router.callback_query(F.data == 'show_key'),show_key,portal_bot\bot.py:4049,Detailed story coverage lives in pokrov-telegram-bot-user-stories.xlsx and this handler inventory.,2026-06-27
TG-HANDLER-010,aiogram_handler,Telegram bots,Main Telegram bot,router.callback_query(F.data == 'copy_key'),copy_key_callback,portal_bot\bot.py:4168,Detailed story coverage lives in pokrov-telegram-bot-user-stories.xlsx and this handler inventory.,2026-06-27
TG-HANDLER-011,aiogram_handler,Telegram bots,Main Telegram bot,router.callback_query(F.data == 'show_qr'),show_qr_code,portal_bot\bot.py:4176,Detailed story coverage lives in pokrov-telegram-bot-user-stories.xlsx and this handler inventory.,2026-06-27
TG-HANDLER-012,aiogram_handler,Telegram bots,Main Telegram bot,router.callback_query(F.data == 'share_access'),share_family_access,portal_bot\bot.py:4203,Detailed story coverage lives in pokrov-telegram-bot-user-stories.xlsx and this handler inventory.,2026-06-27
TG-HANDLER-013,aiogram_handler,Telegram bots,Main Telegram bot,router.callback_query(F.data == 'panic_menu'),panic_menu,portal_bot\bot.py:4218,Detailed story coverage lives in pokrov-telegram-bot-user-stories.xlsx and this handler inventory.,2026-06-27
TG-HANDLER-014,aiogram_handler,Telegram bots,Main Telegram bot,router.callback_query(F.data == 'panic_execute'),panic_execute,portal_bot\bot.py:4261,Detailed story coverage lives in pokrov-telegram-bot-user-stories.xlsx and this handler inventory.,2026-06-27
TG-HANDLER-015,aiogram_handler,Telegram bots,Main Telegram bot,router.callback_query(F.data == 'mtproto'),show_mtproto,portal_bot\bot.py:4315,Detailed story coverage lives in pokrov-telegram-bot-user-stories.xlsx and this handler inventory.,2026-06-27
TG-HANDLER-016,aiogram_handler,Telegram bots,Main Telegram bot,router.callback_query(F.data == 'instruction'),show_instruction,portal_bot\bot.py:4324,Detailed story coverage lives in pokrov-telegram-bot-user-stories.xlsx and this handler inventory.,2026-06-27
TG-HANDLER-017,aiogram_handler,Telegram bots,Main Telegram bot,router.callback_query(F.data == 'confused_help'),confused_help,portal_bot\bot.py:4347,Detailed story coverage lives in pokrov-telegram-bot-user-stories.xlsx and this handler inventory.,2026-06-27
TG-HANDLER-018,aiogram_handler,Telegram bots,Main Telegram bot,router.callback_query(F.data == 'settings'),show_settings,portal_bot\bot.py:4366,Detailed story coverage lives in pokrov-telegram-bot-user-stories.xlsx and this handler inventory.,2026-06-27
TG-HANDLER-019,aiogram_handler,Telegram bots,Main Telegram bot,"router.callback_query(F.data.in_({'instr_ios', 'instr_android', 'instr_win', 'instr_mac'}))",instruction_platform,portal_bot\bot.py:4389,Detailed story coverage lives in pokrov-telegram-bot-user-stories.xlsx and this handler inventory.,2026-06-27
TG-HANDLER-020,aiogram_handler,Telegram bots,Main Telegram bot,router.callback_query(F.data == 'menu_bonuses'),menu_bonuses,portal_bot\bot.py:4440,Detailed story coverage lives in pokrov-telegram-bot-user-stories.xlsx and this handler inventory.,2026-06-27
TG-HANDLER-021,aiogram_handler,Telegram bots,Main Telegram bot,router.callback_query(F.data == 'menu_more'),menu_more,portal_bot\bot.py:4482,Detailed story coverage lives in pokrov-telegram-bot-user-stories.xlsx and this handler inventory.,2026-06-27
TG-HANDLER-022,aiogram_handler,Telegram bots,Main Telegram bot,router.callback_query(F.data == 'promo_help'),promo_help,portal_bot\bot.py:4520,Detailed story coverage lives in pokrov-telegram-bot-user-stories.xlsx and this handler inventory.,2026-06-27
TG-HANDLER-023,aiogram_handler,Telegram bots,Main Telegram bot,router.callback_query(F.data == 'gift_redeem_prompt'),gift_redeem_prompt,portal_bot\bot.py:4536,Detailed story coverage lives in pokrov-telegram-bot-user-stories.xlsx and this handler inventory.,2026-06-27
TG-HANDLER-024,aiogram_handler,Telegram bots,Main Telegram bot,router.callback_query(F.data == 'promo_activate_prompt'),promo_activate_prompt,portal_bot\bot.py:4552,Detailed story coverage lives in pokrov-telegram-bot-user-stories.xlsx and this handler inventory.,2026-06-27
TG-HANDLER-025,aiogram_handler,Telegram bots,Main Telegram bot,router.callback_query(F.data == 'review_start'),review_start,portal_bot\bot.py:4567,Detailed story coverage lives in pokrov-telegram-bot-user-stories.xlsx and this handler inventory.,2026-06-27
TG-HANDLER-026,aiogram_handler,Telegram bots,Main Telegram bot,router.callback_query(F.data == 'referral'),show_referral,portal_bot\bot.py:4600,Detailed story coverage lives in pokrov-telegram-bot-user-stories.xlsx and this handler inventory.,2026-06-27
TG-HANDLER-027,aiogram_handler,Telegram bots,Main Telegram bot,router.callback_query(F.data == 'wheel'),show_wheel,portal_bot\bot.py:4638,Detailed story coverage lives in pokrov-telegram-bot-user-stories.xlsx and this handler inventory.,2026-06-27
TG-HANDLER-028,aiogram_handler,Telegram bots,Main Telegram bot,router.callback_query(F.data == 'wheel_spin'),do_wheel_spin,portal_bot\bot.py:4703,Detailed story coverage lives in pokrov-telegram-bot-user-stories.xlsx and this handler inventory.,2026-06-27
TG-HANDLER-029,aiogram_handler,Telegram bots,Main Telegram bot,router.callback_query(F.data == 'achievements'),show_achievements,portal_bot\bot.py:4788,Detailed story coverage lives in pokrov-telegram-bot-user-stories.xlsx and this handler inventory.,2026-06-27
TG-HANDLER-030,aiogram_handler,Telegram bots,Main Telegram bot,router.callback_query(F.data == 'streak'),show_streak,portal_bot\bot.py:4831,Detailed story coverage lives in pokrov-telegram-bot-user-stories.xlsx and this handler inventory.,2026-06-27
TG-HANDLER-031,aiogram_handler,Telegram bots,Main Telegram bot,router.callback_query(F.data == 'buy_family_slot'),buy_family_slot,portal_bot\bot.py:4879,Detailed story coverage lives in pokrov-telegram-bot-user-stories.xlsx and this handler inventory.,2026-06-27
TG-HANDLER-032,aiogram_handler,Telegram bots,Main Telegram bot,router.callback_query(F.data == 'gift_cards'),show_gift_cards,portal_bot\bot.py:4956,Detailed story coverage lives in pokrov-telegram-bot-user-stories.xlsx and this handler inventory.,2026-06-27
TG-HANDLER-033,aiogram_handler,Telegram bots,Main Telegram bot,router.callback_query(F.data.startswith('buy_giftcard_')),buy_gift_card,portal_bot\bot.py:4992,Detailed story coverage lives in pokrov-telegram-bot-user-stories.xlsx and this handler inventory.,2026-06-27
TG-HANDLER-034,aiogram_handler,Telegram bots,Main Telegram bot,router.message(Command('redeem')),redeem_command,portal_bot\bot.py:5019,Detailed story coverage lives in pokrov-telegram-bot-user-stories.xlsx and this handler inventory.,2026-06-27
TG-HANDLER-035,aiogram_handler,Telegram bots,Main Telegram bot,router.message(Command('share')),share_traffic,portal_bot\bot.py:5059,Detailed story coverage lives in pokrov-telegram-bot-user-stories.xlsx and this handler inventory.,2026-06-27
TG-HANDLER-036,aiogram_handler,Telegram bots,Main Telegram bot,router.message(Command('review')),review_command,portal_bot\bot.py:5130,Detailed story coverage lives in pokrov-telegram-bot-user-stories.xlsx and this handler inventory.,2026-06-27
TG-HANDLER-037,aiogram_handler,Telegram bots,Main Telegram bot,router.callback_query(F.data.startswith('rate_')),rate_review,portal_bot\bot.py:5163,Detailed story coverage lives in pokrov-telegram-bot-user-stories.xlsx and this handler inventory.,2026-06-27
TG-HANDLER-038,aiogram_handler,Telegram bots,Main Telegram bot,router.callback_query(F.data == 'review_skip_text'),skip_review_text,portal_bot\bot.py:5186,Detailed story coverage lives in pokrov-telegram-bot-user-stories.xlsx and this handler inventory.,2026-06-27
TG-HANDLER-039,aiogram_handler,Telegram bots,Main Telegram bot,router.message(),admin_broadcast_capture_any,portal_bot\bot.py:5207,Detailed story coverage lives in pokrov-telegram-bot-user-stories.xlsx and this handler inventory.,2026-06-27
TG-HANDLER-040,aiogram_handler,Telegram bots,Main Telegram bot,router.message(F.text & ~F.text.startswith('/')),handle_text_input,portal_bot\bot.py:5252,Detailed story coverage lives in pokrov-telegram-bot-user-stories.xlsx and this handler inventory.,2026-06-27
TG-HANDLER-041,aiogram_handler,Telegram bots,Main Telegram bot,router.callback_query(F.data == 'network_status'),network_status,portal_bot\bot.py:5847,Detailed story coverage lives in pokrov-telegram-bot-user-stories.xlsx and this handler inventory.,2026-06-27
TG-HANDLER-042,aiogram_handler,Telegram bots,Main Telegram bot,router.callback_query(F.data == 'network_status_scan'),network_status_scan,portal_bot\bot.py:5890,Detailed story coverage lives in pokrov-telegram-bot-user-stories.xlsx and this handler inventory.,2026-06-27
TG-HANDLER-043,aiogram_handler,Telegram bots,Main Telegram bot,router.callback_query(F.data == 'support'),show_support,portal_bot\bot.py:5898,Detailed story coverage lives in pokrov-telegram-bot-user-stories.xlsx and this handler inventory.,2026-06-27
TG-HANDLER-044,aiogram_handler,Telegram bots,Main Telegram bot,router.message(Command('cabinet')),cabinet_command,portal_bot\bot.py:5925,Detailed story coverage lives in pokrov-telegram-bot-user-stories.xlsx and this handler inventory.,2026-06-27
TG-HANDLER-045,aiogram_handler,Telegram bots,Main Telegram bot,router.message(Command('support')),support_command,portal_bot\bot.py:5944,Detailed story coverage lives in pokrov-telegram-bot-user-stories.xlsx and this handler inventory.,2026-06-27
TG-HANDLER-046,aiogram_handler,Telegram bots,Main Telegram bot,router.callback_query(F.data.startswith('faq_')),show_faq_answer,portal_bot\bot.py:5966,Detailed story coverage lives in pokrov-telegram-bot-user-stories.xlsx and this handler inventory.,2026-06-27
TG-HANDLER-047,aiogram_handler,Telegram bots,Main Telegram bot,router.callback_query(F.data == 'support_diagnose'),support_diagnose,portal_bot\bot.py:5985,Detailed story coverage lives in pokrov-telegram-bot-user-stories.xlsx and this handler inventory.,2026-06-27
TG-HANDLER-048,aiogram_handler,Telegram bots,Main Telegram bot,router.callback_query(F.data == 'ticket_new'),ticket_new,portal_bot\bot.py:6110,Detailed story coverage lives in pokrov-telegram-bot-user-stories.xlsx and this handler inventory.,2026-06-27
TG-HANDLER-049,aiogram_handler,Telegram bots,Main Telegram bot,router.callback_query(F.data == 'ticket_my'),ticket_my,portal_bot\bot.py:6158,Detailed story coverage lives in pokrov-telegram-bot-user-stories.xlsx and this handler inventory.,2026-06-27
TG-HANDLER-050,aiogram_handler,Telegram bots,Main Telegram bot,router.callback_query(F.data.startswith('ticket_view_')),ticket_view,portal_bot\bot.py:6200,Detailed story coverage lives in pokrov-telegram-bot-user-stories.xlsx and this handler inventory.,2026-06-27
TG-HANDLER-051,aiogram_handler,Telegram bots,Main Telegram bot,router.callback_query(F.data.startswith('ticket_reply_')),ticket_reply,portal_bot\bot.py:6206,Detailed story coverage lives in pokrov-telegram-bot-user-stories.xlsx and this handler inventory.,2026-06-27
TG-HANDLER-052,aiogram_handler,Telegram bots,Main Telegram bot,router.callback_query(F.data.startswith('ticket_close_')),ticket_close,portal_bot\bot.py:6241,Detailed story coverage lives in pokrov-telegram-bot-user-stories.xlsx and this handler inventory.,2026-06-27
TG-HANDLER-053,aiogram_handler,Telegram bots,Main Telegram bot,router.callback_query(F.data.startswith('ticket_reopen_')),ticket_reopen,portal_bot\bot.py:6276,Detailed story coverage lives in pokrov-telegram-bot-user-stories.xlsx and this handler inventory.,2026-06-27
TG-HANDLER-054,aiogram_handler,Telegram bots,Main Telegram bot,router.callback_query(F.data.startswith('ticket_claim_')),ticket_claim,portal_bot\bot.py:6305,Detailed story coverage lives in pokrov-telegram-bot-user-stories.xlsx and this handler inventory.,2026-06-27
TG-HANDLER-055,aiogram_handler,Telegram bots,Main Telegram bot,router.callback_query(F.data == 'admin_tickets'),admin_tickets,portal_bot\bot.py:6329,Detailed story coverage lives in pokrov-telegram-bot-user-stories.xlsx and this handler inventory.,2026-06-27
TG-HANDLER-056,aiogram_handler,Telegram bots,Main Telegram bot,router.callback_query(F.data == 'admin'),show_admin_panel,portal_bot\bot.py:6370,Detailed story coverage lives in pokrov-telegram-bot-user-stories.xlsx and this handler inventory.,2026-06-27
TG-HANDLER-057,aiogram_handler,Telegram bots,Main Telegram bot,router.callback_query(F.data == 'admin_manual_menu'),admin_manual_menu,portal_bot\bot.py:6427,Detailed story coverage lives in pokrov-telegram-bot-user-stories.xlsx and this handler inventory.,2026-06-27
TG-HANDLER-058,aiogram_handler,Telegram bots,Main Telegram bot,router.callback_query(F.data == 'admin_manual_create_prompt'),admin_manual_create_prompt,portal_bot\bot.py:6447,Detailed story coverage lives in pokrov-telegram-bot-user-stories.xlsx and this handler inventory.,2026-06-27
TG-HANDLER-059,aiogram_handler,Telegram bots,Main Telegram bot,router.callback_query(F.data == 'admin_manual_list'),admin_manual_list,portal_bot\bot.py:6464,Detailed story coverage lives in pokrov-telegram-bot-user-stories.xlsx and this handler inventory.,2026-06-27
TG-HANDLER-060,aiogram_handler,Telegram bots,Main Telegram bot,router.callback_query(F.data == 'admin_search_prompt'),admin_search_prompt,portal_bot\bot.py:6494,Detailed story coverage lives in pokrov-telegram-bot-user-stories.xlsx and this handler inventory.,2026-06-27
TG-HANDLER-061,aiogram_handler,Telegram bots,Main Telegram bot,router.callback_query(F.data == 'admin_promos'),admin_promos_menu,portal_bot\bot.py:6514,Detailed story coverage lives in pokrov-telegram-bot-user-stories.xlsx and this handler inventory.,2026-06-27
TG-HANDLER-062,aiogram_handler,Telegram bots,Main Telegram bot,router.callback_query(F.data == 'admin_promo_create'),admin_promo_create,portal_bot\bot.py:6549,Detailed story coverage lives in pokrov-telegram-bot-user-stories.xlsx and this handler inventory.,2026-06-27
TG-HANDLER-063,aiogram_handler,Telegram bots,Main Telegram bot,router.callback_query(F.data.startswith('admin_promo_delete_')),admin_promo_delete,portal_bot\bot.py:6568,Detailed story coverage lives in pokrov-telegram-bot-user-stories.xlsx and this handler inventory.,2026-06-27
TG-HANDLER-064,aiogram_handler,Telegram bots,Main Telegram bot,router.callback_query(F.data == 'admin_reviews'),admin_reviews_menu,portal_bot\bot.py:6590,Detailed story coverage lives in pokrov-telegram-bot-user-stories.xlsx and this handler inventory.,2026-06-27
TG-HANDLER-065,aiogram_handler,Telegram bots,Main Telegram bot,router.callback_query(F.data == 'admin_health'),admin_health_check,portal_bot\bot.py:6618,Detailed story coverage lives in pokrov-telegram-bot-user-stories.xlsx and this handler inventory.,2026-06-27
TG-HANDLER-066,aiogram_handler,Telegram bots,Main Telegram bot,router.callback_query(F.data == 'admin_broadcast_menu'),admin_broadcast_menu,portal_bot\bot.py:6662,Detailed story coverage lives in pokrov-telegram-bot-user-stories.xlsx and this handler inventory.,2026-06-27
TG-HANDLER-067,aiogram_handler,Telegram bots,Main Telegram bot,router.callback_query(F.data == 'admin_nodes'),admin_nodes,portal_bot\bot.py:6705,Detailed story coverage lives in pokrov-telegram-bot-user-stories.xlsx and this handler inventory.,2026-06-27
TG-HANDLER-068,aiogram_handler,Telegram bots,Main Telegram bot,router.callback_query(F.data == 'admin_sync_free_pl'),admin_sync_free_pl,portal_bot\bot.py:6745,Detailed story coverage lives in pokrov-telegram-bot-user-stories.xlsx and this handler inventory.,2026-06-27
TG-HANDLER-069,aiogram_handler,Telegram bots,Main Telegram bot,router.callback_query(F.data.startswith('admin_reviews_all')),admin_reviews_all,portal_bot\bot.py:6896,Detailed story coverage lives in pokrov-telegram-bot-user-stories.xlsx and this handler inventory.,2026-06-27
TG-HANDLER-070,aiogram_handler,Telegram bots,Main Telegram bot,router.callback_query(F.data.startswith('admin_reviews_featured')),admin_reviews_featured,portal_bot\bot.py:6906,Detailed story coverage lives in pokrov-telegram-bot-user-stories.xlsx and this handler inventory.,2026-06-27
TG-HANDLER-071,aiogram_handler,Telegram bots,Main Telegram bot,router.callback_query(F.data == 'admin_bcast_compose'),admin_bcast_compose,portal_bot\bot.py:6982,Detailed story coverage lives in pokrov-telegram-bot-user-stories.xlsx and this handler inventory.,2026-06-27
TG-HANDLER-072,aiogram_handler,Telegram bots,Main Telegram bot,router.callback_query(F.data == 'admin_bcast_seg'),admin_bcast_seg,portal_bot\bot.py:7002,Detailed story coverage lives in pokrov-telegram-bot-user-stories.xlsx and this handler inventory.,2026-06-27
TG-HANDLER-073,aiogram_handler,Telegram bots,Main Telegram bot,router.callback_query(F.data == 'admin_bcast_btn'),admin_bcast_btn,portal_bot\bot.py:7015,Detailed story coverage lives in pokrov-telegram-bot-user-stories.xlsx and this handler inventory.,2026-06-27
TG-HANDLER-074,aiogram_handler,Telegram bots,Main Telegram bot,router.callback_query(F.data == 'admin_bcast_cancel'),admin_bcast_cancel,portal_bot\bot.py:7035,Detailed story coverage lives in pokrov-telegram-bot-user-stories.xlsx and this handler inventory.,2026-06-27
TG-HANDLER-075,aiogram_handler,Telegram bots,Main Telegram bot,router.callback_query(F.data == 'admin_bcast_send'),admin_bcast_send,portal_bot\bot.py:7046,Detailed story coverage lives in pokrov-telegram-bot-user-stories.xlsx and this handler inventory.,2026-06-27
TG-HANDLER-076,aiogram_handler,Telegram bots,Main Telegram bot,router.callback_query(F.data == 'admin_custom_msg'),admin_custom_msg_prompt,portal_bot\bot.py:7126,Detailed story coverage lives in pokrov-telegram-bot-user-stories.xlsx and this handler inventory.,2026-06-27
TG-HANDLER-077,aiogram_handler,Telegram bots,Main Telegram bot,router.callback_query(F.data == 'admin_broadcast_links'),admin_broadcast_links,portal_bot\bot.py:7150,Detailed story coverage lives in pokrov-telegram-bot-user-stories.xlsx and this handler inventory.,2026-06-27
TG-HANDLER-078,aiogram_handler,Telegram bots,Main Telegram bot,router.callback_query(F.data.startswith('send_tpl_')),send_template_to_all,portal_bot\bot.py:7189,Detailed story coverage lives in pokrov-telegram-bot-user-stories.xlsx and this handler inventory.,2026-06-27
TG-HANDLER-079,aiogram_handler,Telegram bots,Main Telegram bot,router.callback_query(F.data == 'admin_wheel'),admin_wheel_settings,portal_bot\bot.py:7233,Detailed story coverage lives in pokrov-telegram-bot-user-stories.xlsx and this handler inventory.,2026-06-27
TG-HANDLER-080,aiogram_handler,Telegram bots,Main Telegram bot,router.callback_query(F.data == 'admin_live_updates'),admin_live_updates_menu,portal_bot\bot.py:7285,Detailed story coverage lives in pokrov-telegram-bot-user-stories.xlsx and this handler inventory.,2026-06-27
TG-HANDLER-081,aiogram_handler,Telegram bots,Main Telegram bot,router.callback_query(F.data == 'admin_live_create'),admin_live_create_prompt,portal_bot\bot.py:7334,Detailed story coverage lives in pokrov-telegram-bot-user-stories.xlsx and this handler inventory.,2026-06-27
TG-HANDLER-082,aiogram_handler,Telegram bots,Main Telegram bot,router.callback_query(F.data.startswith('admin_live_toggle_')),admin_live_toggle,portal_bot\bot.py:7351,Detailed story coverage lives in pokrov-telegram-bot-user-stories.xlsx and this handler inventory.,2026-06-27
TG-HANDLER-083,aiogram_handler,Telegram bots,Main Telegram bot,router.callback_query(F.data == 'admin_start_links'),admin_start_links_menu,portal_bot\bot.py:7376,Detailed story coverage lives in pokrov-telegram-bot-user-stories.xlsx and this handler inventory.,2026-06-27
TG-HANDLER-084,aiogram_handler,Telegram bots,Main Telegram bot,router.callback_query(F.data == 'admin_start_create'),admin_start_create_prompt,portal_bot\bot.py:7426,Detailed story coverage lives in pokrov-telegram-bot-user-stories.xlsx and this handler inventory.,2026-06-27
TG-HANDLER-085,aiogram_handler,Telegram bots,Main Telegram bot,router.callback_query(F.data.startswith('admin_start_edit_')),admin_start_edit_prompt,portal_bot\bot.py:7446,Detailed story coverage lives in pokrov-telegram-bot-user-stories.xlsx and this handler inventory.,2026-06-27
TG-HANDLER-086,aiogram_handler,Telegram bots,Main Telegram bot,router.callback_query(F.data.startswith('admin_start_toggle_')),admin_start_toggle,portal_bot\bot.py:7481,Detailed story coverage lives in pokrov-telegram-bot-user-stories.xlsx and this handler inventory.,2026-06-27
TG-HANDLER-087,aiogram_handler,Telegram bots,Main Telegram bot,router.callback_query(F.data == 'admin_mass'),admin_mass_actions,portal_bot\bot.py:7509,Detailed story coverage lives in pokrov-telegram-bot-user-stories.xlsx and this handler inventory.,2026-06-27
TG-HANDLER-088,aiogram_handler,Telegram bots,Main Telegram bot,router.callback_query(F.data == 'mass_addgb_active'),mass_addgb_prompt,portal_bot\bot.py:7567,Detailed story coverage lives in pokrov-telegram-bot-user-stories.xlsx and this handler inventory.,2026-06-27
TG-HANDLER-089,aiogram_handler,Telegram bots,Main Telegram bot,router.callback_query(F.data == 'mass_extend_active'),mass_extend_prompt,portal_bot\bot.py:7575,Detailed story coverage lives in pokrov-telegram-bot-user-stories.xlsx and this handler inventory.,2026-06-27
TG-HANDLER-090,aiogram_handler,Telegram bots,Main Telegram bot,router.callback_query(F.data == 'mass_remind_expiring'),mass_remind_expiring,portal_bot\bot.py:7595,Detailed story coverage lives in pokrov-telegram-bot-user-stories.xlsx and this handler inventory.,2026-06-27
TG-HANDLER-091,aiogram_handler,Telegram bots,Main Telegram bot,router.callback_query(F.data == 'mass_remind_expiring_run'),mass_remind_expiring_run,portal_bot\bot.py:7623,Detailed story coverage lives in pokrov-telegram-bot-user-stories.xlsx and this handler inventory.,2026-06-27
TG-HANDLER-092,aiogram_handler,Telegram bots,Main Telegram bot,router.callback_query(F.data == 'mass_normalize_plans'),mass_normalize_plans,portal_bot\bot.py:7672,Detailed story coverage lives in pokrov-telegram-bot-user-stories.xlsx and this handler inventory.,2026-06-27
TG-HANDLER-093,aiogram_handler,Telegram bots,Main Telegram bot,router.callback_query(F.data == 'mass_normalize_plans_run'),mass_normalize_plans_run,portal_bot\bot.py:7708,Detailed story coverage lives in pokrov-telegram-bot-user-stories.xlsx and this handler inventory.,2026-06-27
TG-HANDLER-094,aiogram_handler,Telegram bots,Main Telegram bot,router.callback_query(F.data == 'mass_promo_14'),mass_promo_14,portal_bot\bot.py:7744,Detailed story coverage lives in pokrov-telegram-bot-user-stories.xlsx and this handler inventory.,2026-06-27
TG-HANDLER-095,aiogram_handler,Telegram bots,Main Telegram bot,router.callback_query(F.data == 'mass_promo_14_run'),mass_promo_14_run,portal_bot\bot.py:7772,Detailed story coverage lives in pokrov-telegram-bot-user-stories.xlsx and this handler inventory.,2026-06-27
TG-HANDLER-096,aiogram_handler,Telegram bots,Main Telegram bot,router.callback_query(F.data == 'mass_sync_nodes'),mass_sync_nodes,portal_bot\bot.py:7855,Detailed story coverage lives in pokrov-telegram-bot-user-stories.xlsx and this handler inventory.,2026-06-27
TG-HANDLER-097,aiogram_handler,Telegram bots,Main Telegram bot,router.callback_query(F.data == 'mass_sync_nodes_run'),mass_sync_nodes_run,portal_bot\bot.py:7877,Detailed story coverage lives in pokrov-telegram-bot-user-stories.xlsx and this handler inventory.,2026-06-27
TG-HANDLER-098,aiogram_handler,Telegram bots,Main Telegram bot,router.callback_query(F.data == 'admin_sync'),admin_sync_callback,portal_bot\bot.py:7938,Detailed story coverage lives in pokrov-telegram-bot-user-stories.xlsx and this handler inventory.,2026-06-27
TG-HANDLER-099,aiogram_handler,Telegram bots,Main Telegram bot,router.callback_query(F.data.startswith('admin_users')),show_admin_users,portal_bot\bot.py:7979,Detailed story coverage lives in pokrov-telegram-bot-user-stories.xlsx and this handler inventory.,2026-06-27
TG-HANDLER-100,aiogram_handler,Telegram bots,Main Telegram bot,router.callback_query(F.data.startswith('wheel_preset_')),admin_wheel_set_preset,portal_bot\bot.py:8108,Detailed story coverage lives in pokrov-telegram-bot-user-stories.xlsx and this handler inventory.,2026-06-27
TG-HANDLER-101,aiogram_handler,Telegram bots,Main Telegram bot,router.callback_query(F.data == 'wheel_weights'),admin_wheel_set_weights_prompt,portal_bot\bot.py:8122,Detailed story coverage lives in pokrov-telegram-bot-user-stories.xlsx and this handler inventory.,2026-06-27
TG-HANDLER-102,aiogram_handler,Telegram bots,Main Telegram bot,router.callback_query(F.data.startswith('mass_extend_run_')),mass_extend_run,portal_bot\bot.py:8138,Detailed story coverage lives in pokrov-telegram-bot-user-stories.xlsx and this handler inventory.,2026-06-27
TG-HANDLER-103,aiogram_handler,Telegram bots,Main Telegram bot,router.callback_query(F.data == 'wheel_cd'),admin_wheel_set_cooldown_prompt,portal_bot\bot.py:8193,Detailed story coverage lives in pokrov-telegram-bot-user-stories.xlsx and this handler inventory.,2026-06-27
TG-HANDLER-104,aiogram_handler,Telegram bots,Main Telegram bot,router.callback_query(F.data.startswith('adm_user_')),admin_view_user,portal_bot\bot.py:8208,Detailed story coverage lives in pokrov-telegram-bot-user-stories.xlsx and this handler inventory.,2026-06-27
TG-HANDLER-105,aiogram_handler,Telegram bots,Main Telegram bot,router.callback_query(F.data.startswith('adm_add_days_')),admin_add_days,portal_bot\bot.py:8217,Detailed story coverage lives in pokrov-telegram-bot-user-stories.xlsx and this handler inventory.,2026-06-27
TG-HANDLER-106,aiogram_handler,Telegram bots,Main Telegram bot,router.callback_query(F.data.startswith('adm_add_gb_')),admin_add_gb,portal_bot\bot.py:8235,Detailed story coverage lives in pokrov-telegram-bot-user-stories.xlsx and this handler inventory.,2026-06-27
TG-HANDLER-107,aiogram_handler,Telegram bots,Main Telegram bot,router.callback_query(F.data.startswith('adm_sub_gb_')),admin_sub_gb,portal_bot\bot.py:8256,Detailed story coverage lives in pokrov-telegram-bot-user-stories.xlsx and this handler inventory.,2026-06-27
TG-HANDLER-108,aiogram_handler,Telegram bots,Main Telegram bot,router.callback_query(F.data.startswith('adm_toggle_')),admin_toggle_user,portal_bot\bot.py:8276,Detailed story coverage lives in pokrov-telegram-bot-user-stories.xlsx and this handler inventory.,2026-06-27
TG-HANDLER-109,aiogram_handler,Telegram bots,Main Telegram bot,router.callback_query(F.data.startswith('adm_sync_nodes_')),admin_sync_user_nodes,portal_bot\bot.py:8308,Detailed story coverage lives in pokrov-telegram-bot-user-stories.xlsx and this handler inventory.,2026-06-27
TG-HANDLER-110,aiogram_handler,Telegram bots,Main Telegram bot,router.callback_query(F.data.startswith('adm_send_link_')),admin_send_user_link,portal_bot\bot.py:8349,Detailed story coverage lives in pokrov-telegram-bot-user-stories.xlsx and this handler inventory.,2026-06-27
TG-HANDLER-111,aiogram_handler,Telegram bots,Main Telegram bot,router.callback_query(F.data.startswith('adm_regen_token_')),admin_regen_token,portal_bot\bot.py:8376,Detailed story coverage lives in pokrov-telegram-bot-user-stories.xlsx and this handler inventory.,2026-06-27
TG-HANDLER-112,aiogram_handler,Telegram bots,Main Telegram bot,router.callback_query(F.data.startswith('adm_msg_user_')),admin_message_user_prompt,portal_bot\bot.py:8398,Detailed story coverage lives in pokrov-telegram-bot-user-stories.xlsx and this handler inventory.,2026-06-27
TG-HANDLER-113,aiogram_handler,Telegram bots,Main Telegram bot,router.callback_query(F.data == 'mode_pro'),mode_pro_start,portal_bot\bot.py:8422,Detailed story coverage lives in pokrov-telegram-bot-user-stories.xlsx and this handler inventory.,2026-06-27
TG-HANDLER-114,aiogram_handler,Telegram bots,Main Telegram bot,router.callback_query(F.data == 'mode_simple'),mode_simple_start,portal_bot\bot.py:8438,Detailed story coverage lives in pokrov-telegram-bot-user-stories.xlsx and this handler inventory.,2026-06-27
TG-HANDLER-115,aiogram_handler,Telegram bots,Main Telegram bot,"router.callback_query(F.data.in_({'simple_ios', 'simple_android', 'simple_pc', 'simple_win'}))",mode_simple_step2,portal_bot\bot.py:8455,Detailed story coverage lives in pokrov-telegram-bot-user-stories.xlsx and this handler inventory.,2026-06-27
TG-HANDLER-116,aiogram_handler,Telegram bots,Main Telegram bot,router.callback_query(F.data == 'simple_step3'),mode_simple_step3,portal_bot\bot.py:8492,Detailed story coverage lives in pokrov-telegram-bot-user-stories.xlsx and this handler inventory.,2026-06-27
TG-HANDLER-117,aiogram_handler,Telegram bots,Main Telegram bot,router.callback_query(F.data.startswith('bonus_offer_')),channel_bonus_offer,portal_bot\bot.py:8581,Detailed story coverage lives in pokrov-telegram-bot-user-stories.xlsx and this handler inventory.,2026-06-27
TG-HANDLER-118,aiogram_handler,Telegram bots,Main Telegram bot,router.callback_query(F.data.startswith('bonus_claim_')),channel_bonus_claim,portal_bot\bot.py:8590,Detailed story coverage lives in pokrov-telegram-bot-user-stories.xlsx and this handler inventory.,2026-06-27
TG-HANDLER-119,aiogram_handler,Telegram bots,Main Telegram bot,router.callback_query(F.data.startswith('bonus_skip_')),channel_bonus_skip,portal_bot\bot.py:8642,Detailed story coverage lives in pokrov-telegram-bot-user-stories.xlsx and this handler inventory.,2026-06-27
TG-HANDLER-120,aiogram_handler,Telegram bots,Main Telegram bot,router.callback_query(F.data == 'trial_direct'),trial_direct,portal_bot\bot.py:8651,Detailed story coverage lives in pokrov-telegram-bot-user-stories.xlsx and this handler inventory.,2026-06-27
TG-HANDLER-121,aiogram_handler,Telegram bots,Main Telegram bot,router.callback_query(F.data.startswith('adm_tariff_')),admin_tariff_menu,portal_bot\bot.py:8736,Detailed story coverage lives in pokrov-telegram-bot-user-stories.xlsx and this handler inventory.,2026-06-27
TG-HANDLER-122,aiogram_handler,Telegram bots,Main Telegram bot,router.callback_query(F.data == 'admin_gift_menu'),admin_gift_menu,portal_bot\bot.py:8765,Detailed story coverage lives in pokrov-telegram-bot-user-stories.xlsx and this handler inventory.,2026-06-27
TG-HANDLER-123,aiogram_handler,Telegram bots,Main Telegram bot,router.callback_query(F.data.startswith('admin_giftcode_')),admin_giftcode_create_from_menu,portal_bot\bot.py:8795,Detailed story coverage lives in pokrov-telegram-bot-user-stories.xlsx and this handler inventory.,2026-06-27
TG-HANDLER-124,aiogram_handler,Telegram bots,Main Telegram bot,router.callback_query(F.data.startswith('adm_set_')),admin_set_tariff,portal_bot\bot.py:8819,Detailed story coverage lives in pokrov-telegram-bot-user-stories.xlsx and this handler inventory.,2026-06-27
TG-HANDLER-125,aiogram_handler,Telegram bots,Main Telegram bot,router.callback_query(F.data.startswith('adm_reset_')),admin_reset_traffic,portal_bot\bot.py:8878,Detailed story coverage lives in pokrov-telegram-bot-user-stories.xlsx and this handler inventory.,2026-06-27
TG-HANDLER-126,aiogram_handler,Telegram bots,Main Telegram bot,router.callback_query(F.data.startswith('adm_del_')),admin_delete_user,portal_bot\bot.py:8892,Detailed story coverage lives in pokrov-telegram-bot-user-stories.xlsx and this handler inventory.,2026-06-27
TG-HANDLER-127,aiogram_handler,Telegram bots,Main Telegram bot,router.callback_query(F.data.startswith('buy_')),process_buy,portal_bot\bot.py:8945,Detailed story coverage lives in pokrov-telegram-bot-user-stories.xlsx and this handler inventory.,2026-06-27
TG-HANDLER-128,aiogram_handler,Telegram bots,Main Telegram bot,router.callback_query(F.data.startswith('pay_stars_')),process_buy_stars,portal_bot\bot.py:8974,Detailed story coverage lives in pokrov-telegram-bot-user-stories.xlsx and this handler inventory.,2026-06-27
TG-HANDLER-129,aiogram_handler,Telegram bots,Main Telegram bot,router.callback_query(F.data.startswith('pay_rub:')),process_buy_rub,portal_bot\bot.py:9056,Detailed story coverage lives in pokrov-telegram-bot-user-stories.xlsx and this handler inventory.,2026-06-27
TG-HANDLER-130,aiogram_handler,Telegram bots,Main Telegram bot,router.callback_query(F.data.startswith('pay_rub_')),process_buy_rub,portal_bot\bot.py:9056,Detailed story coverage lives in pokrov-telegram-bot-user-stories.xlsx and this handler inventory.,2026-06-27
TG-HANDLER-131,aiogram_handler,Telegram bots,Main Telegram bot,router.message(F.content_type == ContentType.SUCCESSFUL_PAYMENT),payment_success,portal_bot\bot.py:9125,Detailed story coverage lives in pokrov-telegram-bot-user-stories.xlsx and this handler inventory.,2026-06-27
TG-HANDLER-132,aiogram_handler,Telegram bots,Main Telegram bot,router.message(Command('admin')),admin_stats,portal_bot\bot.py:9508,Detailed story coverage lives in pokrov-telegram-bot-user-stories.xlsx and this handler inventory.,2026-06-27
TG-HANDLER-133,aiogram_handler,Telegram bots,Main Telegram bot,router.message(Command('user')),admin_user_search,portal_bot\bot.py:9530,Detailed story coverage lives in pokrov-telegram-bot-user-stories.xlsx and this handler inventory.,2026-06-27
TG-HANDLER-134,aiogram_handler,Telegram bots,Main Telegram bot,router.callback_query(F.data.startswith('admin_logs_')),admin_view_logs,portal_bot\bot.py:9614,Detailed story coverage lives in pokrov-telegram-bot-user-stories.xlsx and this handler inventory.,2026-06-27
TG-HANDLER-135,aiogram_handler,Telegram bots,Main Telegram bot,router.callback_query(F.data.startswith('admin_profile_')),admin_back_to_profile,portal_bot\bot.py:9667,Detailed story coverage lives in pokrov-telegram-bot-user-stories.xlsx and this handler inventory.,2026-06-27
TG-HANDLER-136,aiogram_handler,Telegram bots,Main Telegram bot,router.callback_query(F.data.startswith('admin_extend_')),admin_extend_prompt,portal_bot\bot.py:9723,Detailed story coverage lives in pokrov-telegram-bot-user-stories.xlsx and this handler inventory.,2026-06-27
TG-HANDLER-137,aiogram_handler,Telegram bots,Main Telegram bot,router.callback_query(F.data.startswith('admin_ban_')),admin_toggle_ban,portal_bot\bot.py:9740,Detailed story coverage lives in pokrov-telegram-bot-user-stories.xlsx and this handler inventory.,2026-06-27
TG-HANDLER-138,aiogram_handler,Telegram bots,Main Telegram bot,router.message(Command('template')),template_command,portal_bot\bot.py:9764,Detailed story coverage lives in pokrov-telegram-bot-user-stories.xlsx and this handler inventory.,2026-06-27
TG-HANDLER-139,aiogram_handler,Telegram bots,Main Telegram bot,router.message(Command('promo')),promo_command,portal_bot\bot.py:10044,Detailed story coverage lives in pokrov-telegram-bot-user-stories.xlsx and this handler inventory.,2026-06-27
TG-HANDLER-140,aiogram_handler,Telegram bots,Main Telegram bot,router.message(Command('health')),health_check,portal_bot\bot.py:10149,Detailed story coverage lives in pokrov-telegram-bot-user-stories.xlsx and this handler inventory.,2026-06-27
TG-HANDLER-141,aiogram_handler,Telegram bots,Main Telegram bot,router.message(Command('reviews')),reviews_moderation,portal_bot\bot.py:10208,Detailed story coverage lives in pokrov-telegram-bot-user-stories.xlsx and this handler inventory.,2026-06-27
TG-HANDLER-142,aiogram_handler,Telegram bots,Main Telegram bot,router.callback_query(F.data.startswith('review_toggle_')),toggle_review_featured,portal_bot\bot.py:10251,Detailed story coverage lives in pokrov-telegram-bot-user-stories.xlsx and this handler inventory.,2026-06-27
TG-HANDLER-143,aiogram_handler,Telegram bots,Main Telegram bot,router.callback_query(F.data.startswith('review_delete_')),delete_review,portal_bot\bot.py:10280,Detailed story coverage lives in pokrov-telegram-bot-user-stories.xlsx and this handler inventory.,2026-06-27
TG-HANDLER-144,aiogram_handler,Telegram bots,Main Telegram bot,router.message(Command('sync')),sync_usernames,portal_bot\bot.py:10309,Detailed story coverage lives in pokrov-telegram-bot-user-stories.xlsx and this handler inventory.,2026-06-27
TG-HANDLER-145,aiogram_handler,Telegram bots,Main Telegram bot,router.message(Command('broadcast')),admin_broadcast,portal_bot\bot.py:10363,Detailed story coverage lives in pokrov-telegram-bot-user-stories.xlsx and this handler inventory.,2026-06-27
TG-HANDLER-146,aiogram_handler,Telegram bots,Main Telegram bot,router.message(Command('giftcode')),admin_giftcode,portal_bot\bot.py:10421,Detailed story coverage lives in pokrov-telegram-bot-user-stories.xlsx and this handler inventory.,2026-06-27
TG-HANDLER-147,aiogram_handler,Telegram bots,Main Telegram bot,router.message(Command('gift')),admin_gift,portal_bot\bot.py:10476,Detailed story coverage lives in pokrov-telegram-bot-user-stories.xlsx and this handler inventory.,2026-06-27
TG-HANDLER-148,aiogram_handler,Telegram bots,Support bot,router.message(CommandStart()),start,portal_bot\helpbot.py:368,Detailed story coverage lives in pokrov-telegram-bot-user-stories.xlsx and this handler inventory.,2026-06-27
TG-HANDLER-149,aiogram_handler,Telegram bots,Support bot,router.callback_query(F.data == 'hb_ticket_new'),ticket_new,portal_bot\helpbot.py:435,Detailed story coverage lives in pokrov-telegram-bot-user-stories.xlsx and this handler inventory.,2026-06-27
TG-HANDLER-150,aiogram_handler,Telegram bots,Support bot,router.callback_query(F.data == 'hb_ticket_my'),ticket_my,portal_bot\helpbot.py:461,Detailed story coverage lives in pokrov-telegram-bot-user-stories.xlsx and this handler inventory.,2026-06-27
TG-HANDLER-151,aiogram_handler,Telegram bots,Support bot,router.callback_query(F.data.startswith('hb_ticket_view_')),ticket_view,portal_bot\helpbot.py:498,Detailed story coverage lives in pokrov-telegram-bot-user-stories.xlsx and this handler inventory.,2026-06-27
TG-HANDLER-152,aiogram_handler,Telegram bots,Support bot,router.callback_query(F.data.startswith('hb_ticket_reply_')),ticket_reply,portal_bot\helpbot.py:504,Detailed story coverage lives in pokrov-telegram-bot-user-stories.xlsx and this handler inventory.,2026-06-27
TG-HANDLER-153,aiogram_handler,Telegram bots,Support bot,router.callback_query(F.data.startswith('hb_ticket_close_')),ticket_close,portal_bot\helpbot.py:534,Detailed story coverage lives in pokrov-telegram-bot-user-stories.xlsx and this handler inventory.,2026-06-27
TG-HANDLER-154,aiogram_handler,Telegram bots,Support bot,router.callback_query(F.data.startswith('hb_ticket_reopen_')),ticket_reopen,portal_bot\helpbot.py:556,Detailed story coverage lives in pokrov-telegram-bot-user-stories.xlsx and this handler inventory.,2026-06-27
TG-HANDLER-155,aiogram_handler,Telegram bots,Support bot,router.callback_query(F.data.startswith('hb_aiq_')),support_ai_quick_reply,portal_bot\helpbot.py:578,Detailed story coverage lives in pokrov-telegram-bot-user-stories.xlsx and this handler inventory.,2026-06-27
TG-HANDLER-156,aiogram_handler,Telegram bots,Support bot,router.callback_query(F.data == 'hb_admin_queue'),admin_queue,portal_bot\helpbot.py:654,Detailed story coverage lives in pokrov-telegram-bot-user-stories.xlsx and this handler inventory.,2026-06-27
TG-HANDLER-157,aiogram_handler,Telegram bots,Support bot,router.callback_query(F.data == 'hb_back_home'),back_home,portal_bot\helpbot.py:694,Detailed story coverage lives in pokrov-telegram-bot-user-stories.xlsx and this handler inventory.,2026-06-27
TG-HANDLER-158,aiogram_handler,Telegram bots,Support bot,router.message(F.document),capture_ticket_attachment,portal_bot\helpbot.py:705,Detailed story coverage lives in pokrov-telegram-bot-user-stories.xlsx and this handler inventory.,2026-06-27
TG-HANDLER-159,aiogram_handler,Telegram bots,Support bot,router.message(F.photo),capture_ticket_attachment,portal_bot\helpbot.py:705,Detailed story coverage lives in pokrov-telegram-bot-user-stories.xlsx and this handler inventory.,2026-06-27
TG-HANDLER-160,aiogram_handler,Telegram bots,Support bot,router.message(F.video),capture_ticket_attachment,portal_bot\helpbot.py:705,Detailed story coverage lives in pokrov-telegram-bot-user-stories.xlsx and this handler inventory.,2026-06-27
TG-HANDLER-161,aiogram_handler,Telegram bots,Support bot,router.message(F.text),capture_ticket_reply,portal_bot\helpbot.py:788,Detailed story coverage lives in pokrov-telegram-bot-user-stories.xlsx and this handler inventory.,2026-06-27
TG-HANDLER-162,aiogram_handler,Telegram bots,Feedback bot,router.message(CommandStart()),start,portal_bot\feedbackbot.py:255,Detailed story coverage lives in pokrov-telegram-bot-user-stories.xlsx and this handler inventory.,2026-06-27
TG-HANDLER-163,aiogram_handler,Telegram bots,Feedback bot,router.callback_query(F.data == 'fb_new'),fb_new,portal_bot\feedbackbot.py:266,Detailed story coverage lives in pokrov-telegram-bot-user-stories.xlsx and this handler inventory.,2026-06-27
TG-HANDLER-164,aiogram_handler,Telegram bots,Feedback bot,router.callback_query(F.data == 'fb_back_home'),fb_back_home,portal_bot\feedbackbot.py:280,Detailed story coverage lives in pokrov-telegram-bot-user-stories.xlsx and this handler inventory.,2026-06-27
TG-HANDLER-165,aiogram_handler,Telegram bots,Feedback bot,router.message(F.text & ~F.text.startswith('/')),capture_feedback,portal_bot\feedbackbot.py:292,Detailed story coverage lives in pokrov-telegram-bot-user-stories.xlsx and this handler inventory.,2026-06-27
TG-HANDLER-166,aiogram_handler,Telegram bots,Feedback bot,router.callback_query(F.data.startswith('fb_review_')),fb_review_open,portal_bot\feedbackbot.py:326,Detailed story coverage lives in pokrov-telegram-bot-user-stories.xlsx and this handler inventory.,2026-06-27
TG-HANDLER-167,aiogram_handler,Telegram bots,Feedback bot,router.callback_query(F.data == 'fb_admin_queue'),fb_admin_queue,portal_bot\feedbackbot.py:343,Detailed story coverage lives in pokrov-telegram-bot-user-stories.xlsx and this handler inventory.,2026-06-27
TG-HANDLER-168,aiogram_handler,Telegram bots,Feedback bot,router.callback_query(F.data.startswith('fb_feature_')),fb_feature,portal_bot\feedbackbot.py:352,Detailed story coverage lives in pokrov-telegram-bot-user-stories.xlsx and this handler inventory.,2026-06-27
TG-HANDLER-169,aiogram_handler,Telegram bots,Feedback bot,router.callback_query(F.data.startswith('fb_delete_')),fb_delete,portal_bot\feedbackbot.py:383,Detailed story coverage lives in pokrov-telegram-bot-user-stories.xlsx and this handler inventory.,2026-06-27
TG-HANDLER-170,aiogram_handler,Telegram bots,Legacy redirect bot,router.message(CommandStart()),start,portal_bot\legacy_redirect_bot.py:47,Detailed story coverage lives in pokrov-telegram-bot-user-stories.xlsx and this handler inventory.,2026-06-27
TG-HANDLER-171,aiogram_handler,Telegram bots,Legacy redirect bot,router.callback_query(),any_callback,portal_bot\legacy_redirect_bot.py:52,Detailed story coverage lives in pokrov-telegram-bot-user-stories.xlsx and this handler inventory.,2026-06-27
TG-HANDLER-172,aiogram_handler,Telegram bots,Legacy redirect bot,router.message(F.text),any_text,portal_bot\legacy_redirect_bot.py:58,Detailed story coverage lives in pokrov-telegram-bot-user-stories.xlsx and this handler inventory.,2026-06-27
WEB-ROUTE-001,next_page_route,WebApp and Admin,admin,/admin/bonuses,page,webapp\src\app\(admin)\admin\bonuses\page.tsx,Route inventory row; richer scenario rows live in the canonical tracker when available.,2026-06-27
WEB-ROUTE-002,next_page_route,WebApp and Admin,admin,/admin/broadcast,page,webapp\src\app\(admin)\admin\broadcast\page.tsx,Route inventory row; richer scenario rows live in the canonical tracker when available.,2026-06-27
WEB-ROUTE-003,next_page_route,WebApp and Admin,admin,/admin/dashboard,page,webapp\src\app\(admin)\admin\dashboard\page.tsx,Route inventory row; richer scenario rows live in the canonical tracker when available.,2026-06-27
WEB-ROUTE-004,next_page_route,WebApp and Admin,admin,/admin/funnel,page,webapp\src\app\(admin)\admin\funnel\page.tsx,Route inventory row; richer scenario rows live in the canonical tracker when available.,2026-06-27
WEB-ROUTE-005,next_page_route,WebApp and Admin,admin,/admin/network,page,webapp\src\app\(admin)\admin\network\page.tsx,Route inventory row; richer scenario rows live in the canonical tracker when available.,2026-06-27
WEB-ROUTE-006,next_page_route,WebApp and Admin,admin,/admin/nodes,page,webapp\src\app\(admin)\admin\nodes\page.tsx,Route inventory row; richer scenario rows live in the canonical tracker when available.,2026-06-27
WEB-ROUTE-007,next_page_route,WebApp and Admin,admin,/admin,page,webapp\src\app\(admin)\admin\page.tsx,Route inventory row; richer scenario rows live in the canonical tracker when available.,2026-06-27
WEB-ROUTE-008,next_page_route,WebApp and Admin,admin,/admin/payments,page,webapp\src\app\(admin)\admin\payments\page.tsx,Route inventory row; richer scenario rows live in the canonical tracker when available.,2026-06-27
WEB-ROUTE-009,next_page_route,WebApp and Admin,admin,/admin/promos,page,webapp\src\app\(admin)\admin\promos\page.tsx,Route inventory row; richer scenario rows live in the canonical tracker when available.,2026-06-27
WEB-ROUTE-010,next_page_route,WebApp and Admin,admin,/admin/referrals,page,webapp\src\app\(admin)\admin\referrals\page.tsx,Route inventory row; richer scenario rows live in the canonical tracker when available.,2026-06-27
WEB-ROUTE-011,next_page_route,WebApp and Admin,admin,/admin/release,page,webapp\src\app\(admin)\admin\release\page.tsx,Route inventory row; richer scenario rows live in the canonical tracker when available.,2026-06-27
WEB-ROUTE-012,next_page_route,WebApp and Admin,admin,/admin/tickets,page,webapp\src\app\(admin)\admin\tickets\page.tsx,Route inventory row; richer scenario rows live in the canonical tracker when available.,2026-06-27
WEB-ROUTE-013,next_page_route,WebApp and Admin,admin,/admin/users,page,webapp\src\app\(admin)\admin\users\page.tsx,Route inventory row; richer scenario rows live in the canonical tracker when available.,2026-06-27
WEB-ROUTE-014,next_page_route,WebApp and Admin,cabinet,/dashboard/downloads,page,webapp\src\app\(dashboard)\dashboard\downloads\page.tsx,Route inventory row; richer scenario rows live in the canonical tracker when available.,2026-06-27
WEB-ROUTE-015,next_page_route,WebApp and Admin,cabinet,/dashboard,page,webapp\src\app\(dashboard)\dashboard\page.tsx,Route inventory row; richer scenario rows live in the canonical tracker when available.,2026-06-27
WEB-ROUTE-016,next_page_route,WebApp and Admin,cabinet,/devices,page,webapp\src\app\(dashboard)\devices\page.tsx,Route inventory row; richer scenario rows live in the canonical tracker when available.,2026-06-27
WEB-ROUTE-017,next_page_route,WebApp and Admin,cabinet,/downloads,page,webapp\src\app\(dashboard)\downloads\page.tsx,Route inventory row; richer scenario rows live in the canonical tracker when available.,2026-06-27
WEB-ROUTE-018,next_page_route,WebApp and Admin,cabinet,/profile,page,webapp\src\app\(dashboard)\profile\page.tsx,Route inventory row; richer scenario rows live in the canonical tracker when available.,2026-06-27
WEB-ROUTE-019,next_page_route,WebApp and Admin,cabinet,/redeem,page,webapp\src\app\(dashboard)\redeem\page.tsx,Route inventory row; richer scenario rows live in the canonical tracker when available.,2026-06-27
WEB-ROUTE-020,next_page_route,WebApp and Admin,cabinet,/settings,page,webapp\src\app\(dashboard)\settings\page.tsx,Route inventory row; richer scenario rows live in the canonical tracker when available.,2026-06-27
WEB-ROUTE-021,next_page_route,WebApp and Admin,cabinet,/statistics,page,webapp\src\app\(dashboard)\statistics\page.tsx,Route inventory row; richer scenario rows live in the canonical tracker when available.,2026-06-27
WEB-ROUTE-022,next_page_route,WebApp and Admin,cabinet,/subscription/checkout,page,webapp\src\app\(dashboard)\subscription\checkout\page.tsx,Route inventory row; richer scenario rows live in the canonical tracker when available.,2026-06-27
WEB-ROUTE-023,next_page_route,WebApp and Admin,cabinet,/subscription,page,webapp\src\app\(dashboard)\subscription\page.tsx,Route inventory row; richer scenario rows live in the canonical tracker when available.,2026-06-27
WEB-ROUTE-024,next_page_route,WebApp and Admin,cabinet,/support/legal,page,webapp\src\app\(dashboard)\support\legal\page.tsx,Route inventory row; richer scenario rows live in the canonical tracker when available.,2026-06-27
WEB-ROUTE-025,next_page_route,WebApp and Admin,cabinet,/support,page,webapp\src\app\(dashboard)\support\page.tsx,Route inventory row; richer scenario rows live in the canonical tracker when available.,2026-06-27
WEB-ROUTE-026,next_page_route,WebApp and Admin,cabinet,/support/thread,page,webapp\src\app\(dashboard)\support\thread\page.tsx,Route inventory row; richer scenario rows live in the canonical tracker when available.,2026-06-27
WEB-ROUTE-027,next_page_route,WebApp and Admin,cabinet,/,page,webapp\src\app\page.tsx,Route inventory row; richer scenario rows live in the canonical tracker when available.,2026-06-27
WEB-ROUTE-028,next_page_route,WebApp and Admin,cabinet,/pricing,page,webapp\src\app\pricing\page.tsx,Route inventory row; richer scenario rows live in the canonical tracker when available.,2026-06-27
WEB-ROUTE-029,next_page_route,WebApp and Admin,cabinet,/recover,page,webapp\src\app\recover\page.tsx,Route inventory row; richer scenario rows live in the canonical tracker when available.,2026-06-27
WEB-ROUTE-030,next_page_route,WebApp and Admin,cabinet,/verify,page,webapp\src\app\verify\page.tsx,Route inventory row; richer scenario rows live in the canonical tracker when available.,2026-06-27
MKT-ROUTE-001,next_page_route,Marketing site,marketing,/checkout,page,marketing\src\app\checkout\page.tsx,Route inventory row; richer scenario rows live in the canonical tracker when available.,2026-06-27
MKT-ROUTE-002,next_page_route,Marketing site,marketing,/devices,page,marketing\src\app\devices\page.tsx,Route inventory row; richer scenario rows live in the canonical tracker when available.,2026-06-27
MKT-ROUTE-003,next_page_route,Marketing site,marketing,/install,page,marketing\src\app\install\page.tsx,Route inventory row; richer scenario rows live in the canonical tracker when available.,2026-06-27
MKT-ROUTE-004,next_page_route,Marketing site,marketing,/mobile,page,marketing\src\app\mobile\page.tsx,Route inventory row; richer scenario rows live in the canonical tracker when available.,2026-06-27
MKT-ROUTE-005,next_page_route,Marketing site,marketing,/offer,page,marketing\src\app\offer\page.tsx,Route inventory row; richer scenario rows live in the canonical tracker when available.,2026-06-27
MKT-ROUTE-006,next_page_route,Marketing site,marketing,/,page,marketing\src\app\page.tsx,Route inventory row; richer scenario rows live in the canonical tracker when available.,2026-06-27
MKT-ROUTE-007,next_page_route,Marketing site,marketing,/privacy,page,marketing\src\app\privacy\page.tsx,Route inventory row; richer scenario rows live in the canonical tracker when available.,2026-06-27
MKT-ROUTE-008,next_page_route,Marketing site,marketing,/telegram,page,marketing\src\app\telegram\page.tsx,Route inventory row; richer scenario rows live in the canonical tracker when available.,2026-06-27
MKT-ROUTE-009,next_page_route,Marketing site,marketing,/tiktok,page,marketing\src\app\tiktok\page.tsx,Route inventory row; richer scenario rows live in the canonical tracker when available.,2026-06-27
MKT-ROUTE-010,next_page_route,Marketing site,marketing,/vpn,page,marketing\src\app\vpn\page.tsx,Route inventory row; richer scenario rows live in the canonical tracker when available.,2026-06-27
MKT-ROUTE-011,next_page_route,Marketing site,marketing,/youtube,page,marketing\src\app\youtube\page.tsx,Route inventory row; richer scenario rows live in the canonical tracker when available.,2026-06-27
CLIENT-FEATURE-FILE-001,flutter_feature_file,POKROV client app,home,packages\app_shell\lib\src\features\home\home_surface.dart,home_surface,packages\app_shell\lib\src\features\home\home_surface.dart,Feature-file inventory; detailed client stories live in the client app XLSX tracker.,2026-06-27
CLIENT-FEATURE-FILE-002,flutter_feature_file,POKROV client app,locations,packages\app_shell\lib\src\features\locations\location_labels.dart,location_labels,packages\app_shell\lib\src\features\locations\location_labels.dart,Feature-file inventory; detailed client stories live in the client app XLSX tracker.,2026-06-27
CLIENT-FEATURE-FILE-003,flutter_feature_file,POKROV client app,locations,packages\app_shell\lib\src\features\locations\locations_surface.dart,locations_surface,packages\app_shell\lib\src\features\locations\locations_surface.dart,Feature-file inventory; detailed client stories live in the client app XLSX tracker.,2026-06-27
CLIENT-FEATURE-FILE-004,flutter_feature_file,POKROV client app,onboarding,packages\app_shell\lib\src\features\onboarding\onboarding_flow.dart,onboarding_flow,packages\app_shell\lib\src\features\onboarding\onboarding_flow.dart,Feature-file inventory; detailed client stories live in the client app XLSX tracker.,2026-06-27
CLIENT-FEATURE-FILE-005,flutter_feature_file,POKROV client app,profile,packages\app_shell\lib\src\features\profile\access_labels.dart,access_labels,packages\app_shell\lib\src\features\profile\access_labels.dart,Feature-file inventory; detailed client stories live in the client app XLSX tracker.,2026-06-27
CLIENT-FEATURE-FILE-006,flutter_feature_file,POKROV client app,profile,packages\app_shell\lib\src\features\profile\profile_sheets.dart,profile_sheets,packages\app_shell\lib\src\features\profile\profile_sheets.dart,Feature-file inventory; detailed client stories live in the client app XLSX tracker.,2026-06-27
CLIENT-FEATURE-FILE-007,flutter_feature_file,POKROV client app,profile,packages\app_shell\lib\src\features\profile\profile_surface.dart,profile_surface,packages\app_shell\lib\src\features\profile\profile_surface.dart,Feature-file inventory; detailed client stories live in the client app XLSX tracker.,2026-06-27
CLIENT-FEATURE-FILE-008,flutter_feature_file,POKROV client app,rewards,packages\app_shell\lib\src\features\rewards\rewards_hub.dart,rewards_hub,packages\app_shell\lib\src\features\rewards\rewards_hub.dart,Feature-file inventory; detailed client stories live in the client app XLSX tracker.,2026-06-27
CLIENT-FEATURE-FILE-009,flutter_feature_file,POKROV client app,rules,packages\app_shell\lib\src\features\rules\route_labels.dart,route_labels,packages\app_shell\lib\src\features\rules\route_labels.dart,Feature-file inventory; detailed client stories live in the client app XLSX tracker.,2026-06-27
CLIENT-FEATURE-FILE-010,flutter_feature_file,POKROV client app,rules,packages\app_shell\lib\src\features\rules\rules_helpers.dart,rules_helpers,packages\app_shell\lib\src\features\rules\rules_helpers.dart,Feature-file inventory; detailed client stories live in the client app XLSX tracker.,2026-06-27
CLIENT-FEATURE-FILE-011,flutter_feature_file,POKROV client app,rules,packages\app_shell\lib\src\features\rules\rules_surface.dart,rules_surface,packages\app_shell\lib\src\features\rules\rules_surface.dart,Feature-file inventory; detailed client stories live in the client app XLSX tracker.,2026-06-27
CLIENT-FEATURE-FILE-012,flutter_feature_file,POKROV client app,support,packages\app_shell\lib\src\features\support\support_chat.dart,support_chat,packages\app_shell\lib\src\features\support\support_chat.dart,Feature-file inventory; detailed client stories live in the client app XLSX tracker.,2026-06-27
CLIENT-FEATURE-FILE-013,flutter_feature_file,POKROV client app,warp,packages\app_shell\lib\src\features\warp\warp_sheet.dart,warp_sheet,packages\app_shell\lib\src\features\warp\warp_sheet.dart,Feature-file inventory; detailed client stories live in the client app XLSX tracker.,2026-06-27
OPS-SCRIPT-001,script_cli,Scripts and Ops,Manual user and subscription operations,python scripts/add_manual_users.py,main()/CLI,scripts/manifest.yaml active[1]; scripts/add_manual_users.py; main() present; argparse detected; tests: tests/test_ops_script_gap_batch.py,"PASS: OPS-SCRIPT-FOCUSED-001 (314 passed, 6 warnings).",2026-06-27
OPS-SCRIPT-002,script_cli,Scripts and Ops,Node and control-plane operations,python scripts/add_node.py,main()/CLI,scripts/manifest.yaml active[2]; scripts/add_node.py; main() present; argparse detected; tests/test_smart_connect_api.py; tests/test_smart_connect_api.py; tests/test_smart_connect_api.py; tests/test_smart_connect_api.py; tests/test_smart_connect_api.py; tests/test_smart_connect_api.py; tests: tests/test_client_ui_api_additions.py; tests/test_smart_connect_api.py,"PASS: OPS-SCRIPT-FOCUSED-001 (314 passed, 6 warnings).",2026-06-27
OPS-SCRIPT-003,script_cli,Scripts and Ops,Node and control-plane operations,python scripts/audit_node_dns.py,main()/CLI,scripts/manifest.yaml active[3]; scripts/audit_node_dns.py; main() present; argparse detected; tests/test_ops_script_gap_batch.py; tests/test_ops_script_gap_batch.py; tests/test_ops_script_gap_batch.py; tests/test_ops_script_gap_batch.py; tests/test_ops_script_gap_batch.py; tests/test_ops_script_gap_batch.py; tests: tests/test_audit_node_dns.py; tests/test_ops_script_gap_batch.py,"PASS: OPS-SCRIPT-FOCUSED-001 (314 passed, 6 warnings).",2026-06-27
OPS-SCRIPT-004,script_cli,Scripts and Ops,Node and control-plane operations,python scripts/audit_node_dns_matrix.py,main()/CLI,scripts/manifest.yaml active[4]; scripts/audit_node_dns_matrix.py; main() present; argparse detected; tests: tests/test_ops_script_gap_batch.py,"PASS: OPS-SCRIPT-FOCUSED-001 (314 passed, 6 warnings).",2026-06-27
OPS-SCRIPT-005,script_cli,Scripts and Ops,"Smoke, audit, and diagnostics",python scripts/api_lifecycle_smoke.py,main()/CLI,scripts/manifest.yaml active[5]; scripts/api_lifecycle_smoke.py; main() present; argparse detected,"PASS: OPS-SCRIPT-FOCUSED-001 (314 passed, 6 warnings).",2026-06-27
OPS-SCRIPT-006,script_cli,Scripts and Ops,"Data, migration, and cleanup",python scripts/backup_portal_db.py,main()/CLI,scripts/manifest.yaml active[6]; scripts/backup_portal_db.py; main() present; argparse detected; tests: tests/test_ops_script_gap_batch.py,"PASS: OPS-SCRIPT-FOCUSED-001 (314 passed, 6 warnings).",2026-06-27
OPS-SCRIPT-007,script_cli,Scripts and Ops,"Smoke, audit, and diagnostics",python scripts/check-links.py,main()/CLI,scripts/manifest.yaml active[7]; scripts/check-links.py; main() present; argparse detected; tests: tests/test_release_gate_check.py,"PASS: OPS-SCRIPT-FOCUSED-001 (314 passed, 6 warnings).",2026-06-27
OPS-SCRIPT-008,script_cli,Scripts and Ops,"Smoke, audit, and diagnostics",python scripts/client_security_smoke.py,main()/CLI,scripts/manifest.yaml active[8]; scripts/client_security_smoke.py; main() present; argparse not detected; tests/test_release_gate_check.py; tests/test_release_gate_check.py; tests/test_release_gate_check.py; tests/test_release_gate_check.py; tests/test_release_gate_check.py; tests/test_release_gate_check.py; tests: tests/test_client_security_smoke.py; tests/test_release_gate_check.py,"PASS: OPS-SCRIPT-FOCUSED-001 (314 passed, 6 warnings).",2026-06-27
OPS-SCRIPT-009,script_cli,Scripts and Ops,"Smoke, audit, and diagnostics",python scripts/check_script_manifest.py,main()/CLI,scripts/manifest.yaml active[9]; scripts/check_script_manifest.py; main() present; argparse detected; tests: tests/test_check_script_manifest.py,"PASS: OPS-SCRIPT-FOCUSED-001 (314 passed, 6 warnings).",2026-06-27
OPS-SCRIPT-010,script_cli,Scripts and Ops,"Smoke, audit, and diagnostics",python scripts/ci_check_artifacts.py,main()/CLI,scripts/manifest.yaml active[10]; scripts/ci_check_artifacts.py; main() present; argparse detected; tests: tests/test_ops_script_gap_batch.py,"PASS: OPS-SCRIPT-FOCUSED-001 (314 passed, 6 warnings).",2026-06-27
OPS-SCRIPT-011,script_cli,Scripts and Ops,"Data, migration, and cleanup",python scripts/cleanup_inventory.py,main()/CLI,scripts/manifest.yaml active[11]; scripts/cleanup_inventory.py; main() present; argparse detected; tests: tests/test_cleanup_inventory.py,"PASS: OPS-SCRIPT-FOCUSED-001 (314 passed, 6 warnings).",2026-06-27
OPS-SCRIPT-012,script_cli,Scripts and Ops,Node and control-plane operations,python scripts/collect_node_metrics.py,main()/CLI,scripts/manifest.yaml active[12]; scripts/collect_node_metrics.py; main() present; argparse detected; tests/test_remote_script_gap_batch.py; tests: tests/test_collect_node_metrics_observability.py; tests/test_remote_script_gap_batch.py,"PASS: OPS-SCRIPT-FOCUSED-001 (314 passed, 6 warnings).",2026-06-27
OPS-SCRIPT-013,script_cli,Scripts and Ops,Node and control-plane operations,python scripts/collect_xray_observer.py,main()/CLI,scripts/manifest.yaml active[13]; scripts/collect_xray_observer.py; main() present; argparse detected; tests/test_remote_script_gap_batch.py; tests: tests/test_collect_xray_observer.py; tests/test_remote_script_gap_batch.py,"PASS: OPS-SCRIPT-FOCUSED-001 (314 passed, 6 warnings).",2026-06-27
OPS-SCRIPT-014,script_cli,Scripts and Ops,Operator script,python scripts/configure_ssh_additional_port.py,main()/CLI,scripts/manifest.yaml active[14]; scripts/configure_ssh_additional_port.py; main() present; argparse detected,"PASS: OPS-SCRIPT-FOCUSED-001 (314 passed, 6 warnings).",2026-06-27
OPS-SCRIPT-015,script_cli,Scripts and Ops,Node and control-plane operations,python scripts/control_plane_drift_report.py,main()/CLI,scripts/manifest.yaml active[15]; scripts/control_plane_drift_report.py; main() present; argparse detected; tests: tests/test_control_plane_drift_report.py,"PASS: OPS-SCRIPT-FOCUSED-001 (314 passed, 6 warnings).",2026-06-27
OPS-SCRIPT-016,script_cli,Scripts and Ops,Node and control-plane operations,python scripts/create_reality_inbounds.py,main()/CLI,scripts/manifest.yaml active[16]; scripts/create_reality_inbounds.py; main() present; argparse detected,"PASS: OPS-SCRIPT-FOCUSED-001 (314 passed, 6 warnings).",2026-06-27
OPS-SCRIPT-017,script_cli,Scripts and Ops,Manual user and subscription operations,python scripts/export_manual_user_links.py,main()/CLI,scripts/manifest.yaml active[17]; scripts/export_manual_user_links.py; main() present; argparse detected; tests: tests/test_ops_script_gap_batch.py,"PASS: OPS-SCRIPT-FOCUSED-001 (314 passed, 6 warnings).",2026-06-27
OPS-SCRIPT-018,script_cli,Scripts and Ops,Release gates and handoff,python scripts/export_release_gate_snapshot.py,main()/CLI,scripts/manifest.yaml active[18]; scripts/export_release_gate_snapshot.py; main() present; argparse detected; tests: tests/test_ops_script_gap_batch.py,"PASS: OPS-SCRIPT-FOCUSED-001 (314 passed, 6 warnings).",2026-06-27
OPS-SCRIPT-019,script_cli,Scripts and Ops,"Smoke, audit, and diagnostics",python scripts/email_delivery_probe.py,main()/CLI,scripts/manifest.yaml active[19]; scripts/email_delivery_probe.py; main() present; argparse detected; tests/test_public_beta_post_deploy_probe.py; tests/test_public_beta_post_deploy_probe.py; tests/test_public_beta_post_deploy_probe.py; tests/test_public_beta_post_deploy_probe.py; tests/test_public_beta_post_deploy_probe.py; tests/test_public_beta_post_deploy_probe.py; tests: tests/test_live_probe_scripts.py; tests/test_public_beta_post_deploy_probe.py,"PASS: OPS-SCRIPT-FOCUSED-001 (314 passed, 6 warnings).",2026-06-27
OPS-SCRIPT-020,script_cli,Scripts and Ops,"Smoke, audit, and diagnostics",python scripts/lavatop_invoice_probe.py,main()/CLI,scripts/manifest.yaml active[20]; scripts/lavatop_invoice_probe.py; main() present; argparse detected; tests/test_live_probe_scripts.py; tests/test_public_beta_external_access_preflight.py; tests/test_public_beta_post_deploy_probe.py; tests/test_live_probe_scripts.py; tests/test_public_beta_external_access_preflight.py; tests/test_public_beta_post_deploy_probe.py; tests/test_live_probe_scripts.py; tests/test_public_beta_external_access_preflight.py; tests/test_public_beta_post_deploy_probe.py; tests/test_live_probe_scripts.py; tests/test_public_beta_external_access_preflight.py; tests/test_public_beta_post_deploy_probe.py; tests/test_live_probe_scripts.py; tests/test_public_beta_external_access_preflight.py; tests/test_public_beta_post_deploy_probe.py; tests/test_live_probe_scripts.py; tests/test_public_beta_external_access_preflight.py; tests/test_public_beta_post_deploy_probe.py; tests: tests/test_brain_payment_email_readiness.py; tests/test_live_probe_scripts.py; tests/test_public_beta_external_access_preflight.py; tests/test_public_beta_post_deploy_probe.py,"PASS: OPS-SCRIPT-FOCUSED-001 (314 passed, 6 warnings).",2026-06-27
OPS-SCRIPT-021,script_cli,Scripts and Ops,"Smoke, audit, and diagnostics",python scripts/lavatop_webhook_replay_smoke.py,main()/CLI,scripts/manifest.yaml active[21]; scripts/lavatop_webhook_replay_smoke.py; main() present; argparse detected,"PASS: OPS-SCRIPT-FOCUSED-001 (314 passed, 6 warnings).",2026-06-27
OPS-SCRIPT-022,script_cli,Scripts and Ops,Manual user and subscription operations,python scripts/grant_all_users_days.py,main()/CLI,scripts/manifest.yaml active[22]; scripts/grant_all_users_days.py; main() present; argparse detected; tests: tests/test_ops_script_gap_batch.py,"PASS: OPS-SCRIPT-FOCUSED-001 (314 passed, 6 warnings).",2026-06-27
OPS-SCRIPT-023,script_cli,Scripts and Ops,Node and control-plane operations,python scripts/inspect_local_xui_db.py,main()/CLI,scripts/manifest.yaml active[23]; scripts/inspect_local_xui_db.py; main() present; argparse detected; tests: tests/test_ops_script_gap_batch.py,"PASS: OPS-SCRIPT-FOCUSED-001 (314 passed, 6 warnings).",2026-06-27
OPS-SCRIPT-024,script_cli,Scripts and Ops,Node and control-plane operations,python scripts/inspect_nodes_inbounds.py,main()/CLI,scripts/manifest.yaml active[24]; scripts/inspect_nodes_inbounds.py; main() present; argparse detected; tests: tests/test_remote_script_gap_batch.py,"PASS: OPS-SCRIPT-FOCUSED-001 (314 passed, 6 warnings).",2026-06-27
OPS-SCRIPT-025,script_cli,Scripts and Ops,Operator script,python scripts/inspect_public_subscription_hosts.py,main()/CLI,scripts/manifest.yaml active[25]; scripts/inspect_public_subscription_hosts.py; main() present; argparse detected; tests: tests/test_ops_script_gap_batch.py,"PASS: OPS-SCRIPT-FOCUSED-001 (314 passed, 6 warnings).",2026-06-27
OPS-SCRIPT-026,script_cli,Scripts and Ops,Operator script,python scripts/inspect_public_subscription_names.py,main()/CLI,scripts/manifest.yaml active[26]; scripts/inspect_public_subscription_names.py; main() present; argparse detected; tests: tests/test_ops_script_gap_batch.py,"PASS: OPS-SCRIPT-FOCUSED-001 (314 passed, 6 warnings).",2026-06-27
OPS-SCRIPT-027,script_cli,Scripts and Ops,Operator script,python scripts/inspect_reality_inbound_remote.py,main()/CLI,scripts/manifest.yaml active[27]; scripts/inspect_reality_inbound_remote.py; main() present; argparse detected; tests: tests/test_remote_script_gap_batch.py,"PASS: OPS-SCRIPT-FOCUSED-001 (314 passed, 6 warnings).",2026-06-27
OPS-SCRIPT-028,script_cli,Scripts and Ops,Node and control-plane operations,python scripts/inspect_xui_schema.py,main()/CLI,scripts/manifest.yaml active[28]; scripts/inspect_xui_schema.py; main() present; argparse detected; tests: tests/test_remote_script_gap_batch.py,"PASS: OPS-SCRIPT-FOCUSED-001 (314 passed, 6 warnings).",2026-06-27
OPS-SCRIPT-029,script_cli,Scripts and Ops,Node and control-plane operations,python scripts/list_nodes.py,main()/CLI,scripts/manifest.yaml active[29]; scripts/list_nodes.py; main() present; argparse detected; tests: tests/test_ops_script_gap_batch.py,"PASS: OPS-SCRIPT-FOCUSED-001 (314 passed, 6 warnings).",2026-06-27
OPS-SCRIPT-030,script_cli,Scripts and Ops,Node and control-plane operations,python scripts/migrate_to_nodes.py,main()/CLI,scripts/manifest.yaml active[30]; scripts/migrate_to_nodes.py; main() present; argparse detected,"PASS: OPS-SCRIPT-FOCUSED-001 (314 passed, 6 warnings).",2026-06-27
OPS-SCRIPT-031,script_cli,Scripts and Ops,Node and control-plane operations,python scripts/node_dataplane_probe.py,main()/CLI,scripts/manifest.yaml active[31]; scripts/node_dataplane_probe.py; main() present; argparse detected; tests: tests/test_node_dataplane_probe.py,"PASS: OPS-SCRIPT-FOCUSED-001 (314 passed, 6 warnings).",2026-06-27
OPS-SCRIPT-032,script_cli,Scripts and Ops,Node and control-plane operations,python scripts/node_observability_gate.py,main()/CLI,scripts/manifest.yaml active[32]; scripts/node_observability_gate.py; main() present; argparse detected; tests: tests/test_node_observability_gate.py,"PASS: OPS-SCRIPT-FOCUSED-001 (314 passed, 6 warnings).",2026-06-27
OPS-SCRIPT-033,script_cli,Scripts and Ops,AI/operator support tools,python scripts/pokrov_ai_docs_assistant.py,main()/CLI,scripts/manifest.yaml active[33]; scripts/pokrov_ai_docs_assistant.py; main() present; argparse detected; tests: tests/test_pokrov_ai_docs_assistant.py,"PASS: OPS-SCRIPT-FOCUSED-001 (314 passed, 6 warnings).",2026-06-27
OPS-SCRIPT-034,script_cli,Scripts and Ops,AI/operator support tools,python scripts/pokrov_operator_copilot.py,main()/CLI,scripts/manifest.yaml active[34]; scripts/pokrov_operator_copilot.py; main() present; argparse detected; tests: tests/test_pokrov_operator_copilot.py,"PASS: OPS-SCRIPT-FOCUSED-001 (314 passed, 6 warnings).",2026-06-27
OPS-SCRIPT-035,script_cli,Scripts and Ops,AI/operator support tools,python scripts/pokrov_support_ai_kb_refresh.py,main()/CLI,scripts/manifest.yaml active[35]; scripts/pokrov_support_ai_kb_refresh.py; main() present; argparse detected; tests: tests/test_pokrov_support_ai_kb_refresh.py,"PASS: OPS-SCRIPT-FOCUSED-001 (314 passed, 6 warnings).",2026-06-27
OPS-SCRIPT-036,script_cli,Scripts and Ops,Node and control-plane operations,python scripts/predeploy_node_readiness.py,main()/CLI,scripts/manifest.yaml active[36]; scripts/predeploy_node_readiness.py; main() present; argparse detected; tests: tests/test_predeploy_node_readiness.py,"PASS: OPS-SCRIPT-FOCUSED-001 (314 passed, 6 warnings).",2026-06-27
OPS-SCRIPT-037,script_cli,Scripts and Ops,Release gates and handoff,python scripts/release_gate_check.py,main()/CLI,scripts/manifest.yaml active[37]; scripts/release_gate_check.py; main() present; argparse detected; tests/test_check_script_manifest.py; tests/test_pokrov_migration_defaults.py; tests/test_release_gate_check.py; tests/test_release_orchestrator.py; tests/test_check_script_manifest.py; tests/test_pokrov_migration_defaults.py; tests/test_release_gate_check.py; tests/test_release_orchestrator.py; tests/test_check_script_manifest.py; tests/test_pokrov_migration_defaults.py; tests/test_release_gate_check.py; tests/test_release_orchestrator.py; tests/test_check_script_manifest.py; tests/test_pokrov_migration_defaults.py; tests/test_release_gate_check.py; tests/test_release_orchestrator.py; tests/test_check_script_manifest.py; tests/test_pokrov_migration_defaults.py; tests/test_release_gate_check.py; tests/test_release_orchestrator.py; tests/test_check_script_manifest.py; tests/test_pokrov_migration_defaults.py; tests/test_release_gate_check.py; tests/test_release_orchestrator.py; tests: tests/test_android_release_bundle_guard.py; tests/test_check_script_manifest.py; tests/test_pokrov_migration_defaults.py; tests/test_release_gate_check.py; tests/test_release_orchestrator.py,"PASS: OPS-SCRIPT-FOCUSED-001 (314 passed, 6 warnings).",2026-06-27
OPS-SCRIPT-038,script_cli,Scripts and Ops,"Smoke, audit, and diagnostics",python scripts/render_ru_probe_report.py,main()/CLI,scripts/manifest.yaml active[38]; scripts/render_ru_probe_report.py; main() present; argparse detected; tests: tests/test_render_ru_probe_report.py,"PASS: OPS-SCRIPT-FOCUSED-001 (314 passed, 6 warnings).",2026-06-27
OPS-SCRIPT-039,script_cli,Scripts and Ops,Release gates and handoff,python scripts/release_orchestrator.py,main()/CLI,scripts/manifest.yaml active[39]; scripts/release_orchestrator.py; main() present; argparse detected; tests: tests/test_release_orchestrator.py,"PASS: OPS-SCRIPT-FOCUSED-001 (314 passed, 6 warnings).",2026-06-27
OPS-SCRIPT-040,script_cli,Scripts and Ops,Release gates and handoff,python scripts/run_client_release_gate.py,main()/CLI,scripts/manifest.yaml active[40]; scripts/run_client_release_gate.py; main() present; argparse detected; tests/test_package_windows_script.py; tests/test_pokrov_migration_defaults.py; tests/test_run_client_release_gate.py; tests/test_package_windows_script.py; tests/test_pokrov_migration_defaults.py; tests/test_run_client_release_gate.py; tests/test_package_windows_script.py; tests/test_pokrov_migration_defaults.py; tests/test_run_client_release_gate.py; tests/test_package_windows_script.py; tests/test_pokrov_migration_defaults.py; tests/test_run_client_release_gate.py; tests/test_package_windows_script.py; tests/test_pokrov_migration_defaults.py; tests/test_run_client_release_gate.py; tests/test_package_windows_script.py; tests/test_pokrov_migration_defaults.py; tests/test_run_client_release_gate.py; tests: tests/test_android_release_bundle_guard.py; tests/test_package_windows_script.py; tests/test_pokrov_migration_defaults.py; tests/test_run_client_release_gate.py,"PASS: OPS-SCRIPT-FOCUSED-001 (314 passed, 6 warnings).",2026-06-27
OPS-SCRIPT-041,script_cli,Scripts and Ops,"Smoke, audit, and diagnostics",python scripts/admin_webapp_smoke.py,main()/CLI,scripts/manifest.yaml active[41]; scripts/admin_webapp_smoke.py; main() present; argparse detected; tests: tests/test_admin_webapp_smoke.py,"PASS: OPS-SCRIPT-FOCUSED-001 (314 passed, 6 warnings).",2026-06-27
OPS-SCRIPT-042,script_cli,Scripts and Ops,"Smoke, audit, and diagnostics",python scripts/agent_context_packet_audit.py,main()/CLI,scripts/manifest.yaml active[42]; scripts/agent_context_packet_audit.py; main() present; argparse detected; tests: tests/test_agent_context_packet_audit.py,"PASS: OPS-SCRIPT-FOCUSED-001 (314 passed, 6 warnings).",2026-06-27
OPS-SCRIPT-043,script_cli,Scripts and Ops,"Smoke, audit, and diagnostics",python scripts/android_localhost_audit.py,main()/CLI,scripts/manifest.yaml active[43]; scripts/android_localhost_audit.py; main() present; argparse detected; tests/test_release_gate_check.py; tests/test_validate_android_physical_audit_evidence.py; tests/test_release_gate_check.py; tests/test_validate_android_physical_audit_evidence.py; tests/test_release_gate_check.py; tests/test_validate_android_physical_audit_evidence.py; tests/test_release_gate_check.py; tests/test_validate_android_physical_audit_evidence.py; tests/test_release_gate_check.py; tests/test_validate_android_physical_audit_evidence.py; tests/test_release_gate_check.py; tests/test_validate_android_physical_audit_evidence.py; tests: tests/test_android_localhost_audit.py; tests/test_release_gate_check.py; tests/test_validate_android_physical_audit_evidence.py,"PASS: OPS-SCRIPT-FOCUSED-001 (314 passed, 6 warnings).",2026-06-27
OPS-SCRIPT-044,script_cli,Scripts and Ops,Remote diagnostics and maintenance,python scripts/remote_bootstrap_nodes.py,main()/CLI,scripts/manifest.yaml active[44]; scripts/remote_bootstrap_nodes.py; main() present; argparse detected; tests: tests/test_remote_bootstrap_nodes.py,"PASS: OPS-SCRIPT-FOCUSED-001 (314 passed, 6 warnings).",2026-06-27
OPS-SCRIPT-045,script_cli,Scripts and Ops,Remote diagnostics and maintenance,python scripts/remote_brain_cat_default_xui.py,main()/CLI,scripts/manifest.yaml active[45]; scripts/remote_brain_cat_default_xui.py; main() present; argparse not detected; tests: tests/test_remote_script_gap_batch.py,"PASS: OPS-SCRIPT-FOCUSED-001 (314 passed, 6 warnings).",2026-06-27
OPS-SCRIPT-046,script_cli,Scripts and Ops,Remote diagnostics and maintenance,python scripts/remote_brain_copy_env_var.py,main()/CLI,scripts/manifest.yaml active[46]; scripts/remote_brain_copy_env_var.py; main() present; argparse detected; tests: tests/test_remote_script_gap_batch.py,"PASS: OPS-SCRIPT-FOCUSED-001 (314 passed, 6 warnings).",2026-06-27
OPS-SCRIPT-047,script_cli,Scripts and Ops,Remote diagnostics and maintenance,python scripts/remote_brain_fix_xui_sub_server.py,main()/CLI,scripts/manifest.yaml active[47]; scripts/remote_brain_fix_xui_sub_server.py; main() present; argparse not detected,"PASS: OPS-SCRIPT-FOCUSED-001 (314 passed, 6 warnings).",2026-06-27
OPS-SCRIPT-048,script_cli,Scripts and Ops,Remote diagnostics and maintenance,python scripts/remote_brain_inspect_xui_files.py,main()/CLI,scripts/manifest.yaml active[48]; scripts/remote_brain_inspect_xui_files.py; main() present; argparse not detected; tests: tests/test_remote_script_gap_batch.py,"PASS: OPS-SCRIPT-FOCUSED-001 (314 passed, 6 warnings).",2026-06-27
OPS-SCRIPT-049,script_cli,Scripts and Ops,Remote diagnostics and maintenance,python scripts/remote_brain_network_probe.py,main()/CLI,scripts/manifest.yaml active[49]; scripts/remote_brain_network_probe.py; main() present; argparse detected; tests: tests/test_remote_brain_network_probe.py,"PASS: OPS-SCRIPT-FOCUSED-001 (314 passed, 6 warnings).",2026-06-27
OPS-SCRIPT-050,script_cli,Scripts and Ops,Remote diagnostics and maintenance,python scripts/remote_brain_nodes_sanity.py,main()/CLI,scripts/manifest.yaml active[50]; scripts/remote_brain_nodes_sanity.py; main() present; argparse detected,"PASS: OPS-SCRIPT-FOCUSED-001 (314 passed, 6 warnings).",2026-06-27
OPS-SCRIPT-051,script_cli,Scripts and Ops,Remote diagnostics and maintenance,python scripts/remote_brain_patch_caddy_webapp_api_proxy.py,main()/CLI,scripts/manifest.yaml active[51]; scripts/remote_brain_patch_caddy_webapp_api_proxy.py; main() present; argparse detected; tests: tests/test_remote_script_gap_batch.py,"PASS: OPS-SCRIPT-FOCUSED-001 (314 passed, 6 warnings).",2026-06-27
OPS-SCRIPT-052,script_cli,Scripts and Ops,Remote diagnostics and maintenance,python scripts/remote_brain_promo_grant_premium_days.py,main()/CLI,scripts/manifest.yaml active[52]; scripts/remote_brain_promo_grant_premium_days.py; main() present; argparse detected,"PASS: OPS-SCRIPT-FOCUSED-001 (314 passed, 6 warnings).",2026-06-27
OPS-SCRIPT-053,script_cli,Scripts and Ops,Remote diagnostics and maintenance,python scripts/remote_brain_set_env_kv.py,main()/CLI,scripts/manifest.yaml active[53]; scripts/remote_brain_set_env_kv.py; main() present; argparse detected; tests: tests/test_remote_script_gap_batch.py,"PASS: OPS-SCRIPT-FOCUSED-001 (314 passed, 6 warnings).",2026-06-27
OPS-SCRIPT-054,script_cli,Scripts and Ops,Remote diagnostics and maintenance,python scripts/remote_brain_set_node_hosts_dns.py,main()/CLI,scripts/manifest.yaml active[54]; scripts/remote_brain_set_node_hosts_dns.py; main() present; argparse detected,"PASS: OPS-SCRIPT-FOCUSED-001 (314 passed, 6 warnings).",2026-06-27
OPS-SCRIPT-055,script_cli,Scripts and Ops,Remote diagnostics and maintenance,python scripts/remote_brain_sync_users_to_nodes.py,main()/CLI,scripts/manifest.yaml active[55]; scripts/remote_brain_sync_users_to_nodes.py; main() present; argparse detected,"PASS: OPS-SCRIPT-FOCUSED-001 (314 passed, 6 warnings).",2026-06-27
OPS-SCRIPT-056,script_cli,Scripts and Ops,Remote diagnostics and maintenance,python scripts/remote_brain_update_env_urls.py,main()/CLI,scripts/manifest.yaml active[56]; scripts/remote_brain_update_env_urls.py; main() present; argparse detected; tests: tests/test_remote_script_gap_batch.py,"PASS: OPS-SCRIPT-FOCUSED-001 (314 passed, 6 warnings).",2026-06-27
OPS-SCRIPT-057,script_cli,Scripts and Ops,Remote diagnostics and maintenance,python scripts/remote_audit_paid_node_coverage.py,main()/CLI,scripts/manifest.yaml active[57]; scripts/remote_audit_paid_node_coverage.py; main() present; argparse detected,"PASS: OPS-SCRIPT-FOCUSED-001 (314 passed, 6 warnings).",2026-06-27
OPS-SCRIPT-058,script_cli,Scripts and Ops,Remote deploy and node operations,python scripts/remote_apply_node_qdisc.py,main()/CLI,scripts/manifest.yaml active[58]; scripts/remote_apply_node_qdisc.py; main() present; argparse detected; tests: tests/test_qdisc_scripts.py,"PASS: OPS-SCRIPT-FOCUSED-001 (314 passed, 6 warnings).",2026-06-27
OPS-SCRIPT-059,script_cli,Scripts and Ops,Remote deploy and node operations,python scripts/remote_apply_transport_front.py,main()/CLI,scripts/manifest.yaml active[59]; scripts/remote_apply_transport_front.py; main() present; argparse detected; tests: tests/test_remote_apply_transport_front.py,"PASS: OPS-SCRIPT-FOCUSED-001 (314 passed, 6 warnings).",2026-06-27
OPS-SCRIPT-060,script_cli,Scripts and Ops,Remote deploy and node operations,python scripts/remote_brain_apply_release_handoff.py,main()/CLI,scripts/manifest.yaml active[60]; scripts/remote_brain_apply_release_handoff.py; main() present; argparse detected; tests/test_release_orchestrator.py; tests/test_remote_brain_apply_release_handoff.py; tests/test_release_orchestrator.py; tests/test_remote_brain_apply_release_handoff.py; tests/test_release_orchestrator.py; tests/test_remote_brain_apply_release_handoff.py; tests/test_release_orchestrator.py; tests/test_remote_brain_apply_release_handoff.py; tests/test_release_orchestrator.py; tests/test_remote_brain_apply_release_handoff.py; tests/test_release_orchestrator.py; tests/test_remote_brain_apply_release_handoff.py; tests: tests/test_public_beta_launch_decision.py; tests/test_release_orchestrator.py; tests/test_remote_brain_apply_release_handoff.py,"PASS: OPS-SCRIPT-FOCUSED-001 (314 passed, 6 warnings).",2026-06-27
OPS-SCRIPT-061,script_cli,Scripts and Ops,Remote diagnostics and maintenance,python scripts/remote_check_brain_panel.py,main()/CLI,scripts/manifest.yaml active[61]; scripts/remote_check_brain_panel.py; main() present; argparse not detected; tests: tests/test_remote_script_gap_batch.py,"PASS: OPS-SCRIPT-FOCUSED-001 (314 passed, 6 warnings).",2026-06-27
OPS-SCRIPT-062,script_cli,Scripts and Ops,Remote deploy and node operations,python scripts/remote_configure_brain_for_vless_443.py,main()/CLI,scripts/manifest.yaml active[62]; scripts/remote_configure_brain_for_vless_443.py; main() present; argparse detected,"PASS: OPS-SCRIPT-FOCUSED-001 (314 passed, 6 warnings).",2026-06-27
OPS-SCRIPT-063,script_cli,Scripts and Ops,Remote deploy and node operations,python scripts/remote_deploy_brain_portal_code.py,main()/CLI,scripts/manifest.yaml active[63]; scripts/remote_deploy_brain_portal_code.py; main() present; argparse detected; tests: tests/test_remote_deploy_brain_portal_code.py,"PASS: OPS-SCRIPT-FOCUSED-001 (314 passed, 6 warnings).",2026-06-27
OPS-SCRIPT-064,script_cli,Scripts and Ops,Remote deploy and node operations,python scripts/remote_deploy_brain_static_sites.py,main()/CLI,scripts/manifest.yaml active[64]; scripts/remote_deploy_brain_static_sites.py; main() present; argparse detected; tests/test_static_deploy_cache_bust.py; tests/test_static_deploy_cache_bust.py; tests/test_static_deploy_cache_bust.py; tests/test_static_deploy_cache_bust.py; tests/test_static_deploy_cache_bust.py; tests/test_static_deploy_cache_bust.py; tests: tests/test_remote_deploy_brain_static_sites.py; tests/test_static_deploy_cache_bust.py,"PASS: OPS-SCRIPT-FOCUSED-001 (314 passed, 6 warnings).",2026-06-27
OPS-SCRIPT-065,script_cli,Scripts and Ops,Remote diagnostics and maintenance,python scripts/remote_find_panel_service.py,main()/CLI,scripts/manifest.yaml active[65]; scripts/remote_find_panel_service.py; main() present; argparse not detected; tests: tests/test_remote_script_gap_batch.py,"PASS: OPS-SCRIPT-FOCUSED-001 (314 passed, 6 warnings).",2026-06-27
OPS-SCRIPT-066,script_cli,Scripts and Ops,Remote diagnostics and maintenance,python scripts/remote_grant_all_users_days.py,main()/CLI,scripts/manifest.yaml active[66]; scripts/remote_grant_all_users_days.py; main() present; argparse detected,"PASS: OPS-SCRIPT-FOCUSED-001 (314 passed, 6 warnings).",2026-06-27
OPS-SCRIPT-067,script_cli,Scripts and Ops,Remote diagnostics and maintenance,python scripts/remote_grep_brain_xui_sh.py,main()/CLI,scripts/manifest.yaml active[67]; scripts/remote_grep_brain_xui_sh.py; main() present; argparse not detected; tests: tests/test_remote_script_gap_batch.py,"PASS: OPS-SCRIPT-FOCUSED-001 (314 passed, 6 warnings).",2026-06-27
OPS-SCRIPT-068,script_cli,Scripts and Ops,Remote diagnostics and maintenance,python scripts/remote_inspect_brain_subscription_hosts.py,main()/CLI,scripts/manifest.yaml active[68]; scripts/remote_inspect_brain_subscription_hosts.py; main() present; argparse detected,"PASS: OPS-SCRIPT-FOCUSED-001 (314 passed, 6 warnings).",2026-06-27
OPS-SCRIPT-069,script_cli,Scripts and Ops,Remote deploy and node operations,python scripts/remote_install_feedbackbot_service.py,main()/CLI,scripts/manifest.yaml active[69]; scripts/remote_install_feedbackbot_service.py; main() present; argparse detected; tests: tests/test_remote_script_gap_batch.py,"PASS: OPS-SCRIPT-FOCUSED-001 (314 passed, 6 warnings).",2026-06-27
OPS-SCRIPT-070,script_cli,Scripts and Ops,Remote deploy and node operations,python scripts/remote_install_free_per_ip_limiter.py,main()/CLI,scripts/manifest.yaml active[70]; scripts/remote_install_free_per_ip_limiter.py; main() present; argparse detected,"PASS: OPS-SCRIPT-FOCUSED-001 (314 passed, 6 warnings).",2026-06-27
OPS-SCRIPT-071,script_cli,Scripts and Ops,Remote deploy and node operations,python scripts/remote_install_mtproto_proxy.py,main()/CLI,scripts/manifest.yaml active[71]; scripts/remote_install_mtproto_proxy.py; main() present; argparse detected; tests: tests/test_remote_install_mtproto_proxy.py,"PASS: OPS-SCRIPT-FOCUSED-001 (314 passed, 6 warnings).",2026-06-27
OPS-SCRIPT-072,script_cli,Scripts and Ops,Remote deploy and node operations,python scripts/remote_install_mini_canary_stack.py,main()/CLI,scripts/manifest.yaml active[72]; scripts/remote_install_mini_canary_stack.py; main() present; argparse detected; tests: tests/test_remote_install_mini_canary_stack.py,"PASS: OPS-SCRIPT-FOCUSED-001 (314 passed, 6 warnings).",2026-06-27
OPS-SCRIPT-073,script_cli,Scripts and Ops,Remote deploy and node operations,python scripts/remote_install_node_metrics_timer.py,main()/CLI,scripts/manifest.yaml active[73]; scripts/remote_install_node_metrics_timer.py; main() present; argparse detected; tests: tests/test_remote_script_gap_batch.py,"PASS: OPS-SCRIPT-FOCUSED-001 (314 passed, 6 warnings).",2026-06-27
OPS-SCRIPT-074,script_cli,Scripts and Ops,Remote deploy and node operations,python scripts/remote_install_node_observer.py,main()/CLI,scripts/manifest.yaml active[74]; scripts/remote_install_node_observer.py; main() present; argparse detected; tests: tests/test_remote_script_gap_batch.py,"PASS: OPS-SCRIPT-FOCUSED-001 (314 passed, 6 warnings).",2026-06-27
OPS-SCRIPT-075,script_cli,Scripts and Ops,Remote deploy and node operations,python scripts/remote_install_xui_service.py,main()/CLI,scripts/manifest.yaml active[75]; scripts/remote_install_xui_service.py; main() present; argparse detected,"PASS: OPS-SCRIPT-FOCUSED-001 (314 passed, 6 warnings).",2026-06-27
OPS-SCRIPT-076,script_cli,Scripts and Ops,Remote diagnostics and maintenance,python scripts/remote_manage_xui.py,main()/CLI,scripts/manifest.yaml active[76]; scripts/remote_manage_xui.py; main() present; argparse detected,"PASS: OPS-SCRIPT-FOCUSED-001 (314 passed, 6 warnings).",2026-06-27
OPS-SCRIPT-077,script_cli,Scripts and Ops,Remote diagnostics and maintenance,python scripts/remote_node_qdisc_smoke.py,main()/CLI,scripts/manifest.yaml active[77]; scripts/remote_node_qdisc_smoke.py; main() present; argparse detected; tests/test_release_orchestrator.py; tests/test_release_orchestrator.py; tests/test_release_orchestrator.py; tests/test_release_orchestrator.py; tests/test_release_orchestrator.py; tests/test_release_orchestrator.py; tests: tests/test_qdisc_scripts.py; tests/test_release_orchestrator.py,"PASS: OPS-SCRIPT-FOCUSED-001 (314 passed, 6 warnings).",2026-06-27
OPS-SCRIPT-078,script_cli,Scripts and Ops,Remote deploy and node operations,python scripts/remote_prepare_brain_public.py,main()/CLI,scripts/manifest.yaml active[78]; scripts/remote_prepare_brain_public.py; main() present; argparse detected,"PASS: OPS-SCRIPT-FOCUSED-001 (314 passed, 6 warnings).",2026-06-27
OPS-SCRIPT-079,script_cli,Scripts and Ops,Remote deploy and node operations,python scripts/remote_setup_pl_free_8443.py,main()/CLI,scripts/manifest.yaml active[79]; scripts/remote_setup_pl_free_8443.py; main() present; argparse detected,"PASS: OPS-SCRIPT-FOCUSED-001 (314 passed, 6 warnings).",2026-06-27
OPS-SCRIPT-080,script_cli,Scripts and Ops,Remote deploy and node operations,python scripts/remote_start_brain_bot.py,main()/CLI,scripts/manifest.yaml active[80]; scripts/remote_start_brain_bot.py; main() present; argparse detected; tests: tests/test_remote_script_gap_batch.py,"PASS: OPS-SCRIPT-FOCUSED-001 (314 passed, 6 warnings).",2026-06-27
OPS-SCRIPT-081,script_cli,Scripts and Ops,Remote diagnostics and maintenance,python scripts/remote_strings_brain_xui.py,main()/CLI,scripts/manifest.yaml active[81]; scripts/remote_strings_brain_xui.py; main() present; argparse not detected,"PASS: OPS-SCRIPT-FOCUSED-001 (314 passed, 6 warnings).",2026-06-27
OPS-SCRIPT-082,script_cli,Scripts and Ops,Remote deploy and node operations,python scripts/remote_switch_bot_tokens.py,main()/CLI,scripts/manifest.yaml active[82]; scripts/remote_switch_bot_tokens.py; main() present; argparse detected; tests: tests/test_remote_switch_bot_tokens.py,"PASS: OPS-SCRIPT-FOCUSED-001 (314 passed, 6 warnings).",2026-06-27
OPS-SCRIPT-083,script_cli,Scripts and Ops,Remote diagnostics and maintenance,python scripts/remote_sync_users_to_nodes.py,main()/CLI,scripts/manifest.yaml active[83]; scripts/remote_sync_users_to_nodes.py; main() present; argparse detected,"PASS: OPS-SCRIPT-FOCUSED-001 (314 passed, 6 warnings).",2026-06-27
OPS-SCRIPT-084,script_cli,Scripts and Ops,Remote diagnostics and maintenance,python scripts/remote_transport_front_smoke.py,main()/CLI,scripts/manifest.yaml active[84]; scripts/remote_transport_front_smoke.py; main() present; argparse detected; tests: tests/test_remote_transport_front_smoke.py,"PASS: OPS-SCRIPT-FOCUSED-001 (314 passed, 6 warnings).",2026-06-27
OPS-SCRIPT-085,script_cli,Scripts and Ops,Remote diagnostics and maintenance,python scripts/remote_xui_db_tables_brain.py,main()/CLI,scripts/manifest.yaml active[85]; scripts/remote_xui_db_tables_brain.py; main() present; argparse not detected; tests: tests/test_remote_script_gap_batch.py,"PASS: OPS-SCRIPT-FOCUSED-001 (314 passed, 6 warnings).",2026-06-27
OPS-SCRIPT-086,script_cli,Scripts and Ops,Remote diagnostics and maintenance,python scripts/remote_xui_help_brain.py,main()/CLI,scripts/manifest.yaml active[86]; scripts/remote_xui_help_brain.py; main() present; argparse not detected; tests: tests/test_remote_script_gap_batch.py,"PASS: OPS-SCRIPT-FOCUSED-001 (314 passed, 6 warnings).",2026-06-27
OPS-SCRIPT-087,script_cli,Scripts and Ops,Remote diagnostics and maintenance,python scripts/remote_xui_logs.py,main()/CLI,scripts/manifest.yaml active[87]; scripts/remote_xui_logs.py; main() present; argparse not detected; tests: tests/test_remote_script_gap_batch.py,"PASS: OPS-SCRIPT-FOCUSED-001 (314 passed, 6 warnings).",2026-06-27
OPS-SCRIPT-088,script_cli,Scripts and Ops,Remote diagnostics and maintenance,python scripts/remote_xui_setting_show.py,main()/CLI,scripts/manifest.yaml active[88]; scripts/remote_xui_setting_show.py; main() present; argparse not detected; tests: tests/test_remote_script_gap_batch.py,"PASS: OPS-SCRIPT-FOCUSED-001 (314 passed, 6 warnings).",2026-06-27
OPS-SCRIPT-089,script_cli,Scripts and Ops,Remote diagnostics and maintenance,python scripts/remote_xui_settings_brain.py,main()/CLI,scripts/manifest.yaml active[89]; scripts/remote_xui_settings_brain.py; main() present; argparse not detected; tests: tests/test_remote_script_gap_batch.py,"PASS: OPS-SCRIPT-FOCUSED-001 (314 passed, 6 warnings).",2026-06-27
OPS-SCRIPT-090,script_cli,Scripts and Ops,"Smoke, audit, and diagnostics",python scripts/ru_probe_runner.py,main()/CLI,scripts/manifest.yaml active[90]; scripts/ru_probe_runner.py; main() present; argparse detected; tests: tests/test_ru_probe_runner.py,"PASS: OPS-SCRIPT-FOCUSED-001 (314 passed, 6 warnings).",2026-06-27
OPS-SCRIPT-091,script_cli,Scripts and Ops,"Smoke, audit, and diagnostics",python scripts/runtime_app_download_smoke.py,main()/CLI,scripts/manifest.yaml active[91]; scripts/runtime_app_download_smoke.py; main() present; argparse not detected; tests/test_public_beta_external_access_preflight.py; tests/test_release_gate_check.py; tests/test_runtime_app_download_smoke.py; tests/test_public_beta_external_access_preflight.py; tests/test_release_gate_check.py; tests/test_runtime_app_download_smoke.py; tests/test_public_beta_external_access_preflight.py; tests/test_release_gate_check.py; tests/test_runtime_app_download_smoke.py; tests/test_public_beta_external_access_preflight.py; tests/test_release_gate_check.py; tests/test_runtime_app_download_smoke.py; tests/test_public_beta_external_access_preflight.py; tests/test_release_gate_check.py; tests/test_runtime_app_download_smoke.py; tests/test_public_beta_external_access_preflight.py; tests/test_release_gate_check.py; tests/test_runtime_app_download_smoke.py; tests: tests/test_brain_runtime_app_download_smoke.py; tests/test_public_beta_external_access_preflight.py; tests/test_release_gate_check.py; tests/test_runtime_app_download_smoke.py,"PASS: OPS-SCRIPT-FOCUSED-001 (314 passed, 6 warnings).",2026-06-27
OPS-SCRIPT-092,script_cli,Scripts and Ops,Node and control-plane operations,python scripts/seed_nodes_from_facts.py,main()/CLI,scripts/manifest.yaml active[92]; scripts/seed_nodes_from_facts.py; main() present; argparse detected; tests: tests/test_ops_script_gap_batch.py,"PASS: OPS-SCRIPT-FOCUSED-001 (314 passed, 6 warnings).",2026-06-27
OPS-SCRIPT-093,script_cli,Scripts and Ops,"Smoke, audit, and diagnostics",python scripts/smoke_client_apps.py,main()/CLI,scripts/manifest.yaml active[93]; scripts/smoke_client_apps.py; main() present; argparse detected; tests/test_smoke_client_apps.py; tests/test_smoke_client_apps.py; tests/test_smoke_client_apps.py; tests/test_smoke_client_apps.py; tests/test_smoke_client_apps.py; tests/test_smoke_client_apps.py; tests: tests/test_release_gate_check.py; tests/test_smoke_client_apps.py,"PASS: OPS-SCRIPT-FOCUSED-001 (314 passed, 6 warnings).",2026-06-27
OPS-SCRIPT-094,script_cli,Scripts and Ops,"Data, migration, and cleanup",python scripts/sync_shared_surface_facts.py,main()/CLI,scripts/manifest.yaml active[94]; scripts/sync_shared_surface_facts.py; main() present; argparse detected; tests: tests/test_shared_surface_facts.py,"PASS: OPS-SCRIPT-FOCUSED-001 (314 passed, 6 warnings).",2026-06-27
OPS-SCRIPT-095,script_cli,Scripts and Ops,"Smoke, audit, and diagnostics",python scripts/ui_visual_smoke.py,main()/CLI,scripts/manifest.yaml active[95]; scripts/ui_visual_smoke.py; main() present; argparse detected; tests: tests/test_ui_visual_smoke.py,"PASS: OPS-SCRIPT-FOCUSED-001 (314 passed, 6 warnings).",2026-06-27
OPS-SCRIPT-096,script_cli,Scripts and Ops,"Smoke, audit, and diagnostics",python scripts/verify_brain_ready.py,main()/CLI,scripts/manifest.yaml active[96]; scripts/verify_brain_ready.py; main() present; argparse detected; tests/test_verify_brain_ready.py; tests/test_verify_brain_ready.py; tests/test_verify_brain_ready.py; tests/test_verify_brain_ready.py; tests/test_verify_brain_ready.py; tests/test_verify_brain_ready.py; tests: tests/test_public_beta_launch_decision.py; tests/test_verify_brain_ready.py,"PASS: OPS-SCRIPT-FOCUSED-001 (314 passed, 6 warnings).",2026-06-27
OPS-SCRIPT-097,script_cli,Scripts and Ops,"Data, migration, and cleanup",python scripts/generate_code_function_inventory.py,main()/CLI,scripts/manifest.yaml active[97]; scripts/generate_code_function_inventory.py; main() present; argparse detected; tests: tests/test_code_function_inventory.py,"PASS: OPS-SCRIPT-FOCUSED-001 (314 passed, 6 warnings).",2026-06-27
OPS-SCRIPT-098,script_cli,Scripts and Ops,"Smoke, audit, and diagnostics",python scripts/app_bot_parity_smoke.py,main()/CLI,scripts/manifest.yaml active[98]; scripts/app_bot_parity_smoke.py; main() present; argparse detected; tests: tests/test_app_bot_parity_smoke.py,"PASS: OPS-SCRIPT-FOCUSED-001 (314 passed, 6 warnings).",2026-06-27
OPS-SCRIPT-099,script_cli,Scripts and Ops,"Smoke, audit, and diagnostics",python scripts/audit_story_test_evidence.py,main()/CLI,scripts/manifest.yaml active[99]; scripts/audit_story_test_evidence.py; main() present; argparse detected; tests: tests/test_story_test_evidence_audit.py,"PASS: OPS-SCRIPT-FOCUSED-001 (314 passed, 6 warnings).",2026-06-27
OPS-SCRIPT-100,script_cli,Scripts and Ops,Release gates and handoff,python scripts/brain_payment_email_readiness.py,main()/CLI,scripts/manifest.yaml active[100]; scripts/brain_payment_email_readiness.py; main() present; argparse detected; tests: tests/test_brain_payment_email_readiness.py,PASS: OPS-SCRIPT-MANIFEST-002 (113 passed).,2026-06-27
OPS-SCRIPT-101,script_cli,Scripts and Ops,Release gates and handoff,python scripts/brain_runtime_app_download_smoke.py,main()/CLI,scripts/manifest.yaml active[101]; scripts/brain_runtime_app_download_smoke.py; main() present; argparse detected; tests: tests/test_brain_runtime_app_download_smoke.py,PASS: OPS-SCRIPT-MANIFEST-002 (113 passed).,2026-06-27
OPS-SCRIPT-102,script_cli,Scripts and Ops,"Smoke, audit, and diagnostics",python scripts/brain_telegram_bot_menu_check.py,main()/CLI,scripts/manifest.yaml active[102]; scripts/brain_telegram_bot_menu_check.py; main() present; argparse detected; tests: tests/test_brain_telegram_bot_menu_check.py,PASS: OPS-SCRIPT-MANIFEST-002 (113 passed).,2026-06-27
OPS-SCRIPT-103,script_cli,Scripts and Ops,"Data, migration, and cleanup",python scripts/migrate_sqlite_to_postgres.py,main()/CLI,scripts/manifest.yaml active[103]; scripts/migrate_sqlite_to_postgres.py; main() present; argparse detected; tests: tests/test_postgres_operator_scripts.py,PASS: OPS-SCRIPT-MANIFEST-002 (113 passed).,2026-06-27
OPS-SCRIPT-104,script_cli,Scripts and Ops,Release gates and handoff,python scripts/paid_checkout_launch_evidence_check.py,main()/CLI,scripts/manifest.yaml active[104]; scripts/paid_checkout_launch_evidence_check.py; main() present; argparse detected; tests: tests/test_paid_checkout_launch_evidence_check.py,PASS: OPS-SCRIPT-MANIFEST-002 (113 passed).,2026-06-27
OPS-SCRIPT-105,script_cli,Scripts and Ops,Release gates and handoff,python scripts/payment_email_readiness_smoke.py,main()/CLI,scripts/manifest.yaml active[105]; scripts/payment_email_readiness_smoke.py; main() present; argparse detected; tests: tests/test_payment_email_readiness_smoke.py,PASS: OPS-SCRIPT-MANIFEST-002 (113 passed).,2026-06-27
OPS-SCRIPT-106,script_cli,Scripts and Ops,Release gates and handoff,python scripts/prepare_github_release_plan.py,main()/CLI,scripts/manifest.yaml active[106]; scripts/prepare_github_release_plan.py; main() present; argparse detected; tests: tests/test_prepare_github_release_plan.py,PASS: OPS-SCRIPT-MANIFEST-002 (113 passed).,2026-06-27
OPS-SCRIPT-107,script_cli,Scripts and Ops,Release gates and handoff,python scripts/public_beta_external_access_preflight.py,main()/CLI,scripts/manifest.yaml active[107]; scripts/public_beta_external_access_preflight.py; main() present; argparse detected; tests: tests/test_public_beta_external_access_preflight.py,PASS: OPS-SCRIPT-MANIFEST-002 (113 passed).,2026-06-27
OPS-SCRIPT-108,script_cli,Scripts and Ops,Release gates and handoff,python scripts/public_beta_launch_decision.py,main()/CLI,scripts/manifest.yaml active[108]; scripts/public_beta_launch_decision.py; main() present; argparse detected; tests: tests/test_public_beta_launch_decision.py,PASS: OPS-SCRIPT-MANIFEST-002 (113 passed).,2026-06-27
OPS-SCRIPT-109,script_cli,Scripts and Ops,Release gates and handoff,python scripts/public_beta_post_deploy_probe.py,main()/CLI,scripts/manifest.yaml active[109]; scripts/public_beta_post_deploy_probe.py; main() present; argparse detected; tests: tests/test_public_beta_post_deploy_probe.py,PASS: OPS-SCRIPT-MANIFEST-002 (113 passed).,2026-06-27
OPS-SCRIPT-110,script_cli,Scripts and Ops,Release gates and handoff,python scripts/publish_github_release_assets.py,main()/CLI,scripts/manifest.yaml active[110]; scripts/publish_github_release_assets.py; main() present; argparse detected; tests: tests/test_publish_github_release_assets.py,PASS: OPS-SCRIPT-MANIFEST-002 (113 passed).,2026-06-27
OPS-SCRIPT-111,script_cli,Scripts and Ops,Remote deploy and node operations,python scripts/remote_apply_ru_bridge_relay.py,main()/CLI,scripts/manifest.yaml active[111]; scripts/remote_apply_ru_bridge_relay.py; main() present; argparse detected; tests: tests/test_remote_apply_ru_bridge_relay.py,PASS: OPS-SCRIPT-MANIFEST-002 (113 passed).,2026-06-27
OPS-SCRIPT-112,script_cli,Scripts and Ops,Remote diagnostics and maintenance,python scripts/remote_check_postgres.py,main()/CLI,scripts/manifest.yaml active[112]; scripts/remote_check_postgres.py; main() present; argparse detected; tests: tests/test_postgres_operator_scripts.py,PASS: OPS-SCRIPT-MANIFEST-002 (113 passed).,2026-06-27
OPS-SCRIPT-113,script_cli,Scripts and Ops,Remote diagnostics and maintenance,python scripts/remote_check_subscription_interval.py,main()/CLI,scripts/manifest.yaml active[113]; scripts/remote_check_subscription_interval.py; main() present; argparse detected; tests: tests/test_postgres_operator_scripts.py,PASS: OPS-SCRIPT-MANIFEST-002 (113 passed).,2026-06-27
OPS-SCRIPT-114,script_cli,Scripts and Ops,Manual user and subscription operations,python scripts/remote_inspect_user.py,main()/CLI,scripts/manifest.yaml active[114]; scripts/remote_inspect_user.py; main() present; argparse detected; tests: tests/test_postgres_operator_scripts.py,PASS: OPS-SCRIPT-MANIFEST-002 (113 passed).,2026-06-27
OPS-SCRIPT-115,script_cli,Scripts and Ops,Remote deploy and node operations,python scripts/remote_install_portal_worker_service.py,main()/CLI,scripts/manifest.yaml active[115]; scripts/remote_install_portal_worker_service.py; main() present; argparse detected; tests: tests/test_postgres_operator_scripts.py,PASS: OPS-SCRIPT-MANIFEST-002 (113 passed).,2026-06-27
OPS-SCRIPT-116,script_cli,Scripts and Ops,"Data, migration, and cleanup",python scripts/remote_postgres_cutover.py,main()/CLI,scripts/manifest.yaml active[116]; scripts/remote_postgres_cutover.py; main() present; argparse detected; tests: tests/test_postgres_operator_scripts.py,PASS: OPS-SCRIPT-MANIFEST-002 (113 passed).,2026-06-27
OPS-SCRIPT-117,script_cli,Scripts and Ops,Manual user and subscription operations,python scripts/remote_reconcile_payment.py,main()/CLI,scripts/manifest.yaml active[117]; scripts/remote_reconcile_payment.py; main() present; argparse detected; tests: tests/test_postgres_operator_scripts.py,PASS: OPS-SCRIPT-MANIFEST-002 (113 passed).,2026-06-27
OPS-SCRIPT-118,script_cli,Scripts and Ops,"Smoke, audit, and diagnostics",python scripts/text_integrity.py,main()/CLI,scripts/manifest.yaml active[118]; scripts/text_integrity.py; main() present; argparse detected; tests: tests/test_frontend_text_integrity.py,PASS: OPS-SCRIPT-MANIFEST-002 (113 passed).,2026-06-27
OPS-SCRIPT-119,script_cli,Scripts and Ops,Release gates and handoff,python scripts/validate_android_physical_audit_evidence.py,main()/CLI,scripts/manifest.yaml active[119]; scripts/validate_android_physical_audit_evidence.py; main() present; argparse detected; tests: tests/test_validate_android_physical_audit_evidence.py,PASS: OPS-SCRIPT-MANIFEST-002 (113 passed).,2026-06-27
OPS-SCRIPT-120,script_cli,Scripts and Ops,"Smoke, audit, and diagnostics",python scripts/generate_private_helper_coverage.py,main()/CLI,scripts/manifest.yaml active[120]; scripts/generate_private_helper_coverage.py; main() present; argparse detected; tests: tests/test_code_function_inventory.py,PASS: PRIVATE-HELPER-COVERAGE-001 (3 passed).,2026-06-27
OPS-SCRIPT-121,script_cli,Scripts and Ops,"Smoke, audit, and diagnostics",python scripts/generate_defect_fix_retest_ledger.py,main()/CLI,scripts/manifest.yaml active[121]; scripts/generate_defect_fix_retest_ledger.py; main() present; argparse detected; tests: tests/test_story_test_evidence_audit.py,PASS: DEFECT-FIX-RETEST-LEDGER-001 (targeted guards passed).,2026-06-27
OPS-SCRIPT-122,script_cli,Scripts and Ops,Manual user and subscription operations,python scripts/remote_audit_inactive_users.py,main()/CLI,scripts/manifest.yaml active[64]; scripts/remote_audit_inactive_users.py; main() present; argparse detected; tests: tests/test_postgres_operator_scripts.py,PASS: OWNER-Q004-ANSWERS-001 targeted/focused guards passed.,2026-06-28
OPS-SCRIPT-123,script_cli,Scripts and Ops,Manual user and subscription operations,python scripts/remote_cleanup_inactive_users.py,main()/CLI,scripts/manifest.yaml active[66]; scripts/remote_cleanup_inactive_users.py; main() present; argparse detected; tests: tests/test_postgres_operator_scripts.py,PASS: OWNER-Q004-ANSWERS-001 targeted/focused guards passed.,2026-06-28
