canonical_id,subsystem,source_tracker,source_story_id,surface,route_or_trigger,feature,user_story,expected_behavior,code_evidence,canon_guardrails,test_method,story_status,latest_result,defects_or_issues,fix_status,retest_status,owner_or_access_note,next_action,updated_at
TELEGRAM_BOTS-TG-MAIN-001,Telegram bots,docs\developer\pokrov-telegram-bot-user-stories.xlsx,TG-MAIN-001,Main bot,/start,Entry and identity,"As a new Telegram user, I can start the bot and choose the right next step.","On /start without a special argument, the bot creates or finds the user context, clears stale pending states where possible, and presents the POKROV welcome path with app-first choices and ToS gating before purchases or code activation.",portal_bot/bot_user_handlers.py:14,"App-first and consumer-first. Telegram is a companion/linking surface, not the primary client.",Unit/static: simulate /start variants; verify text controls and no unsupported stable/store claims. Direct refs: tests/test_telegram_story_contracts.py; tests/test_bot_paywall.py; tests/test_app_bot_parity_smoke.py.,Retest passed,Local code inventory plus focused bot/support/review/ticket tests and live button smoke passed after fixes; see Test Log.,,No code fix required in this pass.,"Post-fix focused suite: 63 passed, 2 subtests passed.",,Keep covered in regression suite,2026-06-27
TELEGRAM_BOTS-TG-MAIN-002,Telegram bots,docs\developer\pokrov-telegram-bot-user-stories.xlsx,TG-MAIN-002,Main bot,/start returning user; back; noop,Entry and identity,"As a returning user, I can reopen the bot without losing my account state.","The bot reuses the existing user, attempts safe message cleanup, answers inert/no-op callbacks without state changes, shows the main menu with current access actions, and does not reset subscription or reward state.","portal_bot/bot_user_handlers.py:14;portal_bot/bot_user_handlers.py:389;portal_bot/bot.py:3390",Existing subscription state remains source of truth in DB and panel sync.,Unit: existing user /start keeps expiry/sub_type and renders main actions. Direct refs: tests/test_telegram_story_contracts.py; tests/test_bot_paywall.py; tests/test_app_bot_parity_smoke.py.,Retest passed,Local code inventory plus focused bot/support/review/ticket tests and live button smoke passed after fixes; see Test Log.,,No code fix required in this pass.,"Post-fix focused suite: 63 passed, 2 subtests passed.",,Keep covered in regression suite,2026-06-27
TELEGRAM_BOTS-TG-MAIN-003,Telegram bots,docs\developer\pokrov-telegram-bot-user-stories.xlsx,TG-MAIN-003,Main bot,/start ref_*; /start SWAZ* legacy referral,Referral and campaign entry,"As a user opening a referral deep link, I can be attributed to the inviter before purchase.","The bot recognizes referral start arguments, records referral intent, avoids self-referral, and later awards referral bonus only after the referred user makes a qualifying first purchase or gift activation.","portal_bot/bot_user_handlers.py:14;portal_bot/bot_user_handlers.py:1257;portal_bot/bot_payment_handlers.py:249",Rewards must not imply access until a qualifying action is complete.,"Unit: referral code attribution, self-referral rejection, first-purchase bonus path. Direct refs: tests/test_telegram_story_contracts.py; tests/test_bot_paywall.py; tests/test_app_bot_parity_smoke.py.",Retest passed,Local code inventory plus focused bot/support/review/ticket tests and live button smoke passed after fixes; see Test Log.,,No code fix required in this pass.,"Post-fix focused suite: 63 passed, 2 subtests passed.",,Keep covered in regression suite,2026-06-27
TELEGRAM_BOTS-TG-MAIN-004,Telegram bots,docs\developer\pokrov-telegram-bot-user-stories.xlsx,TG-MAIN-004,Main bot,/start app/link/web_login args,App linking,"As an app user, I can link my app account to Telegram from a deep link.","The start argument is parsed as an app/web-login token when applicable, the app account is bound to the Telegram identity, username sync is attempted, and the user is returned to cabinet/app continuation without creating a conflicting second identity.",portal_bot/bot_user_handlers.py:14,Automatic username sync is primary; manual sync is recovery only.,"Unit/static: token parse, linked_telegram_id update, duplicate-account avoidance. Direct refs: tests/test_telegram_story_contracts.py; tests/test_bot_paywall.py; tests/test_app_bot_parity_smoke.py; portal_bot/tests/test_telegram_oidc_auth.py; tests/test_api_auth_and_tickets.py.",Retest passed,Local code inventory plus focused bot/support/review/ticket tests and live button smoke passed after fixes; see Test Log.,,No code fix required in this pass.,"Post-fix focused suite: 63 passed, 2 subtests passed.",,Keep covered in regression suite,2026-06-27
TELEGRAM_BOTS-TG-MAIN-005,Telegram bots,docs\developer\pokrov-telegram-bot-user-stories.xlsx,TG-MAIN-005,Main bot,/start opening_bonus; campaign; promo; friend gift,Campaign entry,"As a user following a promo, opening-bonus, or friend-gift link, I can continue through the required gate.","The bot detects campaign actions, stores pending automatic promo or friend gift when ToS is required, applies eligible rewards after acceptance, and refuses exhausted, expired, or mismatched campaign codes.","portal_bot/bot_user_handlers.py:14;portal_bot/bot_user_handlers.py:484;portal_bot/bot_operator_handlers.py:554",No unsupported free-access claims; rewards must be eligibility checked.,"Unit: pending promo before ToS, accept_tos resumes, invalid/expired campaign blocked. Direct refs: tests/test_telegram_story_contracts.py; tests/test_bot_paywall.py; tests/test_app_bot_parity_smoke.py.",Retest passed,Local code inventory plus focused bot/support/review/ticket tests and live button smoke passed after fixes; see Test Log.,,No code fix required in this pass.,"Post-fix focused suite: 63 passed, 2 subtests passed.",,Keep covered in regression suite,2026-06-27
TELEGRAM_BOTS-TG-MAIN-006,Telegram bots,docs\developer\pokrov-telegram-bot-user-stories.xlsx,TG-MAIN-006,Main bot,charge; charge_long; accept_tos; show_key; /redeem; /promo,Terms gate,"As a user, I must accept the offer before purchases, trials, promo activation, or gifts that change access.","Purchase menus, manual key access, gift redemption, and promo activation check ToS and route the user to acceptance before continuing; accepting ToS resumes pending bonus/promo flows where code supports it.","portal_bot/bot_user_handlers.py:411;portal_bot/bot_user_handlers.py:460;portal_bot/bot_user_handlers.py:484;portal_bot/bot_user_handlers.py:621;portal_bot/bot_user_handlers.py:1804;portal_bot/bot_operator_handlers.py:554",Legal/offering gate must precede commercial or access-changing behavior.,Unit: each gated path denies before ToS and succeeds/resumes after ToS. Direct refs: tests/test_telegram_story_contracts.py; tests/test_bot_paywall.py; tests/test_app_bot_parity_smoke.py.,Retest passed,Local code inventory plus focused bot/support/review/ticket tests and live button smoke passed after fixes; see Test Log.,,No code fix required in this pass.,"Post-fix focused suite: 63 passed, 2 subtests passed.",,Keep covered in regression suite,2026-06-27
TELEGRAM_BOTS-TG-MAIN-007,Telegram bots,docs\developer\pokrov-telegram-bot-user-stories.xlsx,TG-MAIN-007,Main bot,charge; charge_long; charge_stars; buy_*,Tariffs and checkout,"As a user, I can view current subscription options and select a plan.","The bot shows regular, long, and Stars tariff menus from code constants, hides trial when the user already has paid access, and presents payment method choices for paid tariffs.","portal_bot/bot_user_handlers.py:411;portal_bot/bot_user_handlers.py:460;portal_bot/bot_user_handlers.py:442;portal_bot/bot_payment_handlers.py:14",Trial is 5 days; public claims must match configured tariffs.,Unit/static: tariff rendering reflects TARIFFS and active paid users do not see trial CTA. Direct refs: tests/test_telegram_story_contracts.py; tests/test_bot_paywall.py; tests/test_app_bot_parity_smoke.py.,Retest passed,Local code inventory plus focused bot/support/review/ticket tests and live button smoke passed after fixes; see Test Log.,,No code fix required in this pass.,"Post-fix focused suite: 63 passed, 2 subtests passed.",,Keep covered in regression suite,2026-06-27
TELEGRAM_BOTS-TG-MAIN-008,Telegram bots,docs\developer\pokrov-telegram-bot-user-stories.xlsx,TG-MAIN-008,Main bot,buy_trial; trial_direct; simple_step3,Trial,"As an eligible user, I can activate the 5-day trial once.","Trial activation refuses active paid/free users, considers the channel bonus offer first when eligible, and creates a trial subscription only after checks pass.","portal_bot/bot_payment_handlers.py:14;portal_bot/bot_admin_handlers.py:2071",Trial duration is 5 days.,Unit: new user gets trial; active user refused; channel bonus pre-offer behavior. Direct refs: tests/test_telegram_story_contracts.py; tests/test_bot_paywall.py; tests/test_app_bot_parity_smoke.py.,Retest passed,Local code inventory plus focused bot/support/review/ticket tests and live button smoke passed after fixes; see Test Log.,,No code fix required in this pass.,"Post-fix focused suite: 63 passed, 2 subtests passed.",,Keep covered in regression suite,2026-06-27
TELEGRAM_BOTS-TG-MAIN-009,Telegram bots,docs\developer\pokrov-telegram-bot-user-stories.xlsx,TG-MAIN-009,Main bot,pay_rub_*; pay_rub:*,RUB checkout,"As a user paying in RUB, I can receive a provider checkout link for the selected plan.","The bot finds the active RUB provider, creates a pay attempt, generates a checkout URL, shows amount/provider/status controls, and gives a support fallback if provider creation fails.",portal_bot/bot_payment_handlers.py:121,Lava.top beta evidence exists; no unsupported production-maturity claims.,"Unit with provider stub: success URL, disabled provider fallback, failed provider fallback. Direct refs: tests/test_telegram_story_contracts.py; tests/test_bot_paywall.py; tests/test_app_bot_parity_smoke.py; tests/test_api_payments_callbacks.py; tests/test_lavatop_payment_providers.py.",Retest passed,Local code inventory plus focused bot/support/review/ticket tests and live button smoke passed after fixes; see Test Log.,,No code fix required in this pass.,"Post-fix focused suite: 63 passed, 2 subtests passed.",,Keep covered in regression suite,2026-06-27
TELEGRAM_BOTS-TG-MAIN-010,Telegram bots,docs\developer\pokrov-telegram-bot-user-stories.xlsx,TG-MAIN-010,Main bot,pay_stars_*; pre_checkout; successful_payment,Telegram Stars checkout,"As a user paying with Telegram Stars, I can receive a native Stars invoice.","If Stars checkout is enabled, the bot creates a pay attempt and sends an XTR invoice for the selected tariff; if disabled, it tells the user to use RUB/support instead.","portal_bot/bot_payment_handlers.py:40;portal_bot/bot_payment_handlers.py:187",Payment options must be honest about enabled providers.,"Unit: disabled gate, invoice payload shape, pre-checkout ok, success handler subscription. Direct refs: tests/test_telegram_story_contracts.py; tests/test_bot_paywall.py; tests/test_app_bot_parity_smoke.py; tests/test_api_payments_callbacks.py.",Retest passed,Local code inventory plus focused bot/support/review/ticket tests and live button smoke passed after fixes; see Test Log.,,No code fix required in this pass.,"Post-fix focused suite: 63 passed, 2 subtests passed.",,Keep covered in regression suite,2026-06-27
TELEGRAM_BOTS-TG-MAIN-011,Telegram bots,docs\developer\pokrov-telegram-bot-user-stories.xlsx,TG-MAIN-011,Main bot,successful_payment,Payment fulfillment,"As a paying user, I get access after a successful payment without duplicate fulfillment.","Successful payment handles normal tariffs, gift cards, and family slots; it records/uses payment fingerprints for idempotency, updates subscription access, syncs panel state, and shows app-first connect/cabinet next steps.","portal_bot/bot_payment_handlers.py:249;portal_bot/bot_payment_handlers.py:268",Access is day-based; app-first setup should be the recommended path.,"Unit: idempotent duplicate payload, tariff fulfillment, giftcard fulfillment, family slot fulfillment. Direct refs: tests/test_telegram_story_contracts.py; tests/test_bot_paywall.py; tests/test_app_bot_parity_smoke.py; tests/test_api_payments_callbacks.py; tests/test_lavatop_payment_providers.py.",Retest passed,Local code inventory plus focused bot/support/review/ticket tests and live button smoke passed after fixes; see Test Log.,,No code fix required in this pass.,"Post-fix focused suite: 63 passed, 2 subtests passed.",,Keep covered in regression suite,2026-06-27
TELEGRAM_BOTS-TG-MAIN-012,Telegram bots,docs\developer\pokrov-telegram-bot-user-stories.xlsx,TG-MAIN-012,Main bot,status,Status,"As a user, I can see my access state and relevant account limits.","Status shows active/inactive state, expiry, plan label, device limit including family slots, free usage where applicable, channel bonus status, and panel online/last-online if known.",portal_bot/bot_user_handlers.py:541,Free users should only be tied to the dedicated free pool; no traffic-based paid claims.,Unit: paid/free/inactive/manual states render expected fields. Direct refs: tests/test_telegram_story_contracts.py; tests/test_bot_paywall.py; tests/test_app_bot_parity_smoke.py.,Retest passed,Local code inventory plus focused bot/support/review/ticket tests and live button smoke passed after fixes; see Test Log.,,No code fix required in this pass.,"Post-fix focused suite: 63 passed, 2 subtests passed.",,Keep covered in regression suite,2026-06-27
TELEGRAM_BOTS-TG-MAIN-013,Telegram bots,docs\developer\pokrov-telegram-bot-user-stories.xlsx,TG-MAIN-013,Main bot,show_key; copy_key; show_qr; show_happ_qr; qr_close; share_access,Manual connection fallback,"As an active user who needs fallback setup, I can request my personal subscription link safely.","The explicit manual-link action checks ToS and active access, then shows the personal connect/subscription link with safety guidance, native copy controls, separately expiring Hiddify/Happ QR messages with an explicit close action, free-tier notes when applicable, and a share_access warning that points users to support/family-slot flow instead of forwarding a personal link.","portal_bot/bot_user_handlers.py:621;portal_bot/bot_user_handlers.py:765;portal_bot/bot_user_handlers.py:825;portal_bot/bot_user_handlers.py:839","Raw/manual links are recovery/fallback surfaces, not first-layer onboarding.","Unit/static: inactive denied, active receives one link, QR generated and close cancels its cleanup timer without replacing the manual-link message, safety text present. Direct refs: tests/test_telegram_story_contracts.py; tests/test_bot_paywall.py; tests/test_app_bot_parity_smoke.py.",Retest passed,Local code inventory plus focused bot/support/review/ticket tests and live button smoke passed after fixes; see Test Log.,,No code fix required in this pass.,"Post-fix focused suite: 63 passed, 2 subtests passed.",,Keep covered in regression suite,2026-07-22
TELEGRAM_BOTS-TG-MAIN-014,Telegram bots,docs\developer\pokrov-telegram-bot-user-stories.xlsx,TG-MAIN-014,Main bot,panic_menu; panic_execute,Security recovery,"As a user, I can rotate my personal link if I accidentally shared it.","The panic flow confirms consequences, regenerates sub_token, best-effort syncs the panel, alerts admin, and tells the user to use the newly issued link.","portal_bot/bot_user_handlers.py:854;portal_bot/bot_user_handlers.py:893",Personal links are bearer secrets and must be treated as sensitive.,"Unit: confirm copy, token changes, panel sync called, old token no longer used. Direct refs: tests/test_telegram_story_contracts.py; tests/test_bot_paywall.py; tests/test_app_bot_parity_smoke.py.",Retest passed,Local code inventory plus focused bot/support/review/ticket tests and live button smoke passed after fixes; see Test Log.,,No code fix required in this pass.,"Post-fix focused suite: 63 passed, 2 subtests passed.",,Keep covered in regression suite,2026-06-27
TELEGRAM_BOTS-TG-MAIN-015,Telegram bots,docs\developer\pokrov-telegram-bot-user-stories.xlsx,TG-MAIN-015,Main bot,instruction; instr_android; instr_win; instr_ios; instr_mac,Device setup,"As a user, I can choose my device and get the appropriate setup path.","The instruction menu offers Android, Windows, iOS, and macOS compatibility instructions; Android/Windows point to POKROV app flow, while iOS/macOS stay in compatibility/manual client language.","portal_bot/bot_user_handlers.py:986;portal_bot/bot_user_handlers.py:1089",Android and Windows beta are GO; iOS/macOS must not be implied as full current release clients.,Static: instruction text has app-first Android/Windows and compatibility wording for Apple platforms. Direct refs: tests/test_telegram_story_contracts.py; tests/test_bot_paywall.py; tests/test_app_bot_parity_smoke.py.,Retest passed,Local code inventory plus focused bot/support/review/ticket tests and live button smoke passed after fixes; see Test Log.,,No code fix required in this pass.,"Post-fix focused suite: 63 passed, 2 subtests passed.",,Keep covered in regression suite,2026-06-27
TELEGRAM_BOTS-TG-MAIN-016,Telegram bots,docs\developer\pokrov-telegram-bot-user-stories.xlsx,TG-MAIN-016,Main bot,mode_simple; simple_android; simple_win; simple_ios; simple_step3,Simple onboarding,"As a confused user, I can use a simplified setup mode with fewer choices.","Simple mode asks for device, gives a download/install step, then routes to trial, paid tariff, or channel bonus based on eligibility.","portal_bot/bot_admin_handlers.py:2054;portal_bot/bot_admin_handlers.py:2060;portal_bot/bot_admin_handlers.py:2071",First-run path should remain app-first and not overpromise non-beta platforms.,Static/unit: each device branch renders expected link and next actions. Direct refs: tests/test_telegram_story_contracts.py; tests/test_bot_paywall.py; tests/test_app_bot_parity_smoke.py.,Retest passed,Local code inventory plus focused bot/support/review/ticket tests and live button smoke passed after fixes; see Test Log.,,No code fix required in this pass.,"Post-fix focused suite: 63 passed, 2 subtests passed.",,Keep covered in regression suite,2026-06-27
TELEGRAM_BOTS-TG-MAIN-017,Telegram bots,docs\developer\pokrov-telegram-bot-user-stories.xlsx,TG-MAIN-017,Main bot,mode_pro; settings; confused_help,Advanced menu,"As a user who knows what they need, I can open all bot actions.","Pro/all-actions mode shows the full main keyboard, but first offers channel bonus when the user is eligible.","portal_bot/bot_admin_handlers.py:2038;portal_bot/bot_user_handlers.py:1016;portal_bot/bot_user_handlers.py:991","Advanced actions can expose fallback controls, but should not replace app-first onboarding.","Unit/static: channel bonus pre-offer, full menu controls present. Direct refs: tests/test_telegram_story_contracts.py; tests/test_bot_paywall.py; tests/test_app_bot_parity_smoke.py.",Retest passed,Local code inventory plus focused bot/support/review/ticket tests and live button smoke passed after fixes; see Test Log.,,No code fix required in this pass.,"Post-fix focused suite: 63 passed, 2 subtests passed.",,Keep covered in regression suite,2026-06-27
TELEGRAM_BOTS-TG-MAIN-018,Telegram bots,docs\developer\pokrov-telegram-bot-user-stories.xlsx,TG-MAIN-018,Main bot,bonus_offer_*; bonus_claim_*; bonus_skip_*; channel_bonus_offer,Telegram channel bonus,"As an eligible user, I can claim the Telegram channel reward after joining the channel.","The bot offers the channel reward where eligible, verifies channel membership before claim, grants the configured bonus, and lets users skip back to the intended next action.","portal_bot/bot_admin_handlers.py:2148;portal_bot/bot_admin_handlers.py:2157;portal_bot/bot_admin_handlers.py:2209",Telegram reward is +10 days; public channel is @pokrov_vpn.,"Unit with membership stub: not-subscribed refusal, subscribed grant, skip route. Direct refs: tests/test_telegram_story_contracts.py; tests/test_bot_paywall.py; tests/test_app_bot_parity_smoke.py; portal_bot/tests/test_channel_bonus_service.py; tests/test_api_auth_and_tickets.py.",Retest passed,Local code inventory plus focused bot/support/review/ticket tests and live button smoke passed after fixes; see Test Log.,,No code fix required in this pass.,"Post-fix focused suite: 63 passed, 2 subtests passed.",,Keep covered in regression suite,2026-06-27
TELEGRAM_BOTS-TG-MAIN-019,Telegram bots,docs\developer\pokrov-telegram-bot-user-stories.xlsx,TG-MAIN-019,Main bot,menu_bonuses,Bonuses,"As a paid active user, I can access referral, wheel, achievements, and streak bonuses.",The bonuses menu requires active paid access for paid-only features and directs non-paid users toward channel bonus or connection actions instead.,portal_bot/bot_user_handlers.py:1097,Bonus mechanics must not bypass plan eligibility.,Unit: paid active sees full bonus controls; non-paid sees allowed alternatives. Direct refs: tests/test_telegram_story_contracts.py; tests/test_bot_paywall.py; tests/test_app_bot_parity_smoke.py.,Retest passed,Local code inventory plus focused bot/support/review/ticket tests and live button smoke passed after fixes; see Test Log.,,No code fix required in this pass.,"Post-fix focused suite: 63 passed, 2 subtests passed.",,Keep covered in regression suite,2026-06-27
TELEGRAM_BOTS-TG-MAIN-020,Telegram bots,docs\developer\pokrov-telegram-bot-user-stories.xlsx,TG-MAIN-020,Main bot,referral,Referral program,"As a paid active user, I can get a referral link and see referral stats.","The bot creates or reuses a referral code, shows a Telegram deep link, displays referral counts, and only exposes this to active paid users.",portal_bot/bot_user_handlers.py:1257,"Referral reward is granted after qualifying friend purchase/gift, not at click time.","Unit: inactive denied, active receives stable code/link, stats render. Direct refs: tests/test_telegram_story_contracts.py; tests/test_bot_paywall.py; tests/test_app_bot_parity_smoke.py.",Retest passed,Local code inventory plus focused bot/support/review/ticket tests and live button smoke passed after fixes; see Test Log.,,No code fix required in this pass.,"Post-fix focused suite: 63 passed, 2 subtests passed.",,Keep covered in regression suite,2026-06-27
TELEGRAM_BOTS-TG-MAIN-021,Telegram bots,docs\developer\pokrov-telegram-bot-user-stories.xlsx,TG-MAIN-021,Main bot,wheel; wheel_spin,Wheel,"As a paid active user, I can spin a bonus wheel subject to cooldown.","The bot shows prize chances from configured weights, blocks users on cooldown, spins only when allowed, awards days, records events and jackpot achievements, and syncs access best-effort.","portal_bot/bot_user_handlers.py:1295;portal_bot/bot_user_handlers.py:1370","Rewards are days, not traffic; traffic wording should not appear.","Unit: cooldown, weighted prize render, award, event, jackpot achievement. Direct refs: tests/test_telegram_story_contracts.py; tests/test_bot_paywall.py; tests/test_app_bot_parity_smoke.py.",Retest passed,"PASS: Targeted regressions passed; focused suite passed: 63 passed, 2 subtests passed.",Initial result: Live Telegram Desktop button smoke exposed a navigation or pending-input issue; see linked issue rows.,Fixed in code and covered by regression tests.,"Targeted regressions passed; focused suite passed: 63 passed, 2 subtests passed.",,Keep covered in regression suite,2026-06-27
TELEGRAM_BOTS-TG-MAIN-022,Telegram bots,docs\developer\pokrov-telegram-bot-user-stories.xlsx,TG-MAIN-022,Main bot,achievements; streak,Achievements and streak,"As a paid active user, I can view achievements and renewal streak progress.","The bot lists unlocked/all achievements, total bonus days, streak months, progress to milestones, and expiry reset warnings.","portal_bot/bot_user_handlers.py:1513;portal_bot/bot_user_handlers.py:1556",Streak bonuses are access days only.,Unit/static: achievements and streak states render for no/unlocked/progress cases. Direct refs: tests/test_telegram_story_contracts.py; tests/test_bot_paywall.py; tests/test_app_bot_parity_smoke.py.,Retest passed,Local code inventory plus focused bot/support/review/ticket tests and live button smoke passed after fixes; see Test Log.,,No code fix required in this pass.,"Post-fix focused suite: 63 passed, 2 subtests passed.",,Keep covered in regression suite,2026-06-27
TELEGRAM_BOTS-TG-MAIN-023,Telegram bots,docs\developer\pokrov-telegram-bot-user-stories.xlsx,TG-MAIN-023,Main bot,buy_family_slot; successful_payment family_slot payload,Family slot,"As a Stars-enabled user, I can buy an extra device slot within limits.",The bot blocks the feature when Stars checkout is disabled or the slot limit is reached; otherwise it sends a Stars invoice for a family slot.,"portal_bot/bot_user_handlers.py:1604;portal_bot/bot_payment_handlers.py:249",Device limits must match plan and family-slot policy.,"Unit: disabled, limit reached, invoice success, fulfillment increments slot. Direct refs: tests/test_telegram_story_contracts.py; tests/test_bot_paywall.py; tests/test_app_bot_parity_smoke.py.",Retest passed,Local code inventory plus focused bot/support/review/ticket tests and live button smoke passed after fixes; see Test Log.,,No code fix required in this pass.,"Post-fix focused suite: 63 passed, 2 subtests passed.",,Keep covered in regression suite,2026-06-27
TELEGRAM_BOTS-TG-MAIN-024,Telegram bots,docs\developer\pokrov-telegram-bot-user-stories.xlsx,TG-MAIN-024,Main bot,menu_more; gift_cards; buy_giftcard_*; gift_redeem_prompt; /redeem compatibility,Gift cards,"As a user, I can buy or redeem gift-card access when the channel is enabled.","The more menu exposes secondary gift, promo, review, and feedback actions. Gift purchase is hidden/closed when Stars checkout is disabled; otherwise buying sends a gift-card invoice. Redemption accepts current POKROV codes and retained SWAZ codes after ToS.","portal_bot/bot_user_handlers.py:1139;portal_bot/bot_user_handlers.py:1741;portal_bot/bot_user_handlers.py:1777;portal_bot/bot_user_handlers.py:1193;portal_bot/bot_user_handlers.py:1804",Legacy SWAZ code compatibility is allowed where removal is not feasible.,"Unit: disabled purchase fallback, invoice payload, redeem success/failure/ToS gate. Direct refs: tests/test_telegram_story_contracts.py; tests/test_bot_paywall.py; tests/test_app_bot_parity_smoke.py.",Retest passed,"PASS: Targeted regressions passed; focused suite passed: 63 passed, 2 subtests passed.",Initial result: Live Telegram Desktop button smoke exposed a navigation or pending-input issue; see linked issue rows.,Fixed in code and covered by regression tests.,"Targeted regressions passed; focused suite passed: 63 passed, 2 subtests passed.",,Keep covered in regression suite,2026-06-27
TELEGRAM_BOTS-TG-MAIN-025,Telegram bots,docs\developer\pokrov-telegram-bot-user-stories.xlsx,TG-MAIN-025,Main bot,promo_activate_prompt; promo_help; /promo CODE compatibility,Promo codes,"As a user, I can activate days or discount promo codes.","The bot accepts the button prompt flow as the primary path and /promo CODE as a compatibility fallback, validates ToS, existence, expiry, usage, campaign restriction, value type, and then either extends access days or stores a pending RUB discount.","portal_bot/bot_user_handlers.py:1209;portal_bot/bot_user_handlers.py:1177;portal_bot/bot_operator_handlers.py:398;portal_bot/bot_operator_handlers.py:554",Promo effects must be explicit and bounded.,"Unit: not found, expired, exhausted, duplicate, campaign mismatch, days, discount. Direct refs: tests/test_telegram_story_contracts.py; tests/test_bot_paywall.py; tests/test_app_bot_parity_smoke.py.",Retest passed,"PASS: Targeted regressions passed; focused suite passed: 63 passed, 2 subtests passed.",Initial result: Live Telegram Desktop button smoke exposed a navigation or pending-input issue; see linked issue rows.,Fixed in code and covered by regression tests.,"Targeted regressions passed; focused suite passed: 63 passed, 2 subtests passed.",,Keep covered in regression suite,2026-06-27
TELEGRAM_BOTS-TG-MAIN-026,Telegram bots,docs\developer\pokrov-telegram-bot-user-stories.xlsx,TG-MAIN-026,Main bot,/share,Legacy share command,"As a user invoking an old traffic-share command, I learn that traffic transfers are disabled.","The bot answers /share with clear text that traffic transfer is disabled because access is time-based, not traffic-limited.",portal_bot/bot_user_handlers.py:1844,POKROV access is day/subscription based; no paid traffic limits.,Unit/static: /share response contains disabled/time-based guidance. Direct refs: tests/test_telegram_story_contracts.py; tests/test_bot_paywall.py; tests/test_app_bot_parity_smoke.py.,Retest passed,Local code inventory plus focused bot/support/review/ticket tests and live button smoke passed after fixes; see Test Log.,,No code fix required in this pass.,"Post-fix focused suite: 63 passed, 2 subtests passed.",,Keep covered in regression suite,2026-06-27
TELEGRAM_BOTS-TG-MAIN-027,Telegram bots,docs\developer\pokrov-telegram-bot-user-stories.xlsx,TG-MAIN-027,Main bot,/review; review_start; rate_*; review_skip_text; text after rating,Reviews,"As an active user, I can leave one review for publication.","The bot requires active access, prevents duplicate reviews, collects rating, optionally collects short text, and saves a Review row.","portal_bot/bot_user_handlers.py:2095;portal_bot/bot_user_handlers.py:1224;portal_bot/bot_user_handlers.py:2128;portal_bot/bot_user_handlers.py:2151;portal_bot/bot_user_handlers.py:2172",Published review username masking should preserve privacy.,"Unit: inactive denied, duplicate denied, rating-only, rating+text, masking helper. Direct refs: tests/test_telegram_story_contracts.py; tests/test_bot_paywall.py; tests/test_app_bot_parity_smoke.py; tests/test_feedbackbot_moderation.py; tests/test_reviews_username_masking.py.",Retest passed,Local code inventory plus focused bot/support/review/ticket tests and live button smoke passed after fixes; see Test Log.,,No code fix required in this pass.,"Post-fix focused suite: 63 passed, 2 subtests passed.",,Keep covered in regression suite,2026-06-27
TELEGRAM_BOTS-TG-MAIN-028,Telegram bots,docs\developer\pokrov-telegram-bot-user-stories.xlsx,TG-MAIN-028,Main bot,network_status; network_status_scan,Network status,"As a user, I can check whether POKROV nodes look available.","The bot lists enabled nodes, ping/load status where available, average load, and offers refresh/back controls without implying RU-origin readiness.","portal_bot/bot_user_handlers.py:2738;portal_bot/bot_user_handlers.py:2781",RU-origin readiness remains unclaimed unless current evidence exists.,"Unit/static: healthy/unhealthy/no-node render, no RU-ready claim. Direct refs: tests/test_telegram_story_contracts.py; tests/test_bot_paywall.py; tests/test_app_bot_parity_smoke.py; tests/test_backend_route_gap_coverage.py; tests/test_api_auth_and_tickets.py.",Retest passed,Local code inventory plus focused bot/support/review/ticket tests and live button smoke passed after fixes; see Test Log.,,No code fix required in this pass.,"Post-fix focused suite: 63 passed, 2 subtests passed.",,Keep covered in regression suite,2026-06-27
TELEGRAM_BOTS-TG-MAIN-029,Telegram bots,docs\developer\pokrov-telegram-bot-user-stories.xlsx,TG-MAIN-029,Main bot,support; /support; /cabinet; faq_*; support_diagnose,Support entry,"As a user who needs help, I can reach support, FAQs, diagnostics, and cabinet from the main bot.","Support menu links to the dedicated support bot, shows common FAQ answers, offers diagnostics based on user state, and provides cabinet access.","portal_bot/bot_user_handlers.py:2815;portal_bot/bot_user_handlers.py:2845;portal_bot/bot_user_handlers.py:2827;portal_bot/bot_user_handlers.py:2891;portal_bot/bot_user_handlers.py:2910","Support bot is a ticket system, not fake live chat.","Unit/static: URLs use @pokrov_supportbot, diagnostics reflect user state, FAQ back/support controls. Direct refs: tests/test_telegram_story_contracts.py; tests/test_bot_paywall.py; tests/test_app_bot_parity_smoke.py; tests/test_helpbot_lifecycle.py; tests/test_support_macros_contract.py.",Retest passed,Local code inventory plus focused bot/support/review/ticket tests and live button smoke passed after fixes; see Test Log.,,No code fix required in this pass.,"Post-fix focused suite: 63 passed, 2 subtests passed.",,Keep covered in regression suite,2026-06-27
TELEGRAM_BOTS-TG-MAIN-030,Telegram bots,docs\developer\pokrov-telegram-bot-user-stories.xlsx,TG-MAIN-030,Main bot,ticket_new; ticket_my; ticket_view_*; ticket_reply_*; ticket_close_*; ticket_reopen_*; ticket_claim_*; admin_tickets,Fallback support tickets,"As a user or admin, I can manage tickets from the main bot fallback surface.","The main bot can create/list/view/reply/close/reopen tickets, lets admin claim and view active queue, enforces access checks, and stores messages in shared ticket tables.","portal_bot/bot_user_handlers.py:3035;portal_bot/bot_user_handlers.py:3083;portal_bot/bot_user_handlers.py:3125;portal_bot/bot_user_handlers.py:3131;portal_bot/bot_user_handlers.py:3171;portal_bot/bot_user_handlers.py:3219;portal_bot/bot_user_handlers.py:3254;portal_bot/bot_user_handlers.py:3278",Dedicated support bot remains primary; fallback should remain consistent.,"Unit: user ticket lifecycle, admin claim, access denial for unrelated user. Direct refs: tests/test_telegram_story_contracts.py; tests/test_bot_paywall.py; tests/test_app_bot_parity_smoke.py; tests/test_helpbot_lifecycle.py; tests/test_api_auth_and_tickets.py.",Retest passed,Local code inventory plus focused bot/support/review/ticket tests and live button smoke passed after fixes; see Test Log.,,No code fix required in this pass.,"Post-fix focused suite: 63 passed, 2 subtests passed.",,Keep covered in regression suite,2026-06-27
TELEGRAM_BOTS-TG-MAIN-031,Telegram bots,docs\developer\pokrov-telegram-bot-user-stories.xlsx,TG-MAIN-031,Main bot,any non-command text; handle_text_input,Text input router,"As a user or admin in a pending flow, my next message is routed to the right action.","The generic text handler handles pending support replies first, then gift codes, promo codes, admin forms/actions, and review text without cross-consuming unrelated input.",portal_bot/bot_user_handlers.py:2242,One-shot pending states must clear after completion or cancellation.,Unit: pending priority order and cleanup for ticket/gift/promo/admin/review. Direct refs: tests/test_telegram_story_contracts.py; tests/test_bot_paywall.py; tests/test_app_bot_parity_smoke.py.,Retest passed,Local code inventory plus focused bot/support/review/ticket tests and live button smoke passed after fixes; see Test Log.,,No code fix required in this pass.,"Post-fix focused suite: 63 passed, 2 subtests passed.",,Keep covered in regression suite,2026-06-27
TELEGRAM_BOTS-TG-ADMIN-001,Telegram bots,docs\developer\pokrov-telegram-bot-user-stories.xlsx,TG-ADMIN-001,Main bot admin,/admin; admin,Admin dashboard,"As the operator, I can open the Telegram admin fallback dashboard.","Admin-only /admin and admin callback show stats and buttons for user search, promos, reviews, broadcast, wheel, mass actions, health, username sync, gifts, live updates, start links, tickets, nodes, free-pool sync, and manual users.","portal_bot/bot_admin_handlers.py:14;portal_bot/bot_operator_handlers.py:17",Telegram admin is fallback; web admin remains primary.,Static/unit: non-admin denied; admin buttons cover fallback surfaces. Direct refs: tests/test_telegram_story_contracts.py; tests/test_bot_paywall.py; tests/test_api_auth_and_tickets.py.,Retest passed,Local code inventory plus focused bot/support/review/ticket tests and live button smoke passed after fixes; see Test Log.,,No code fix required in this pass.,"Post-fix focused suite: 63 passed, 2 subtests passed.",,Keep covered in regression suite,2026-06-27
TELEGRAM_BOTS-TG-ADMIN-002,Telegram bots,docs\developer\pokrov-telegram-bot-user-stories.xlsx,TG-ADMIN-002,Main bot admin,admin_manual_menu; admin_manual_create_prompt; admin_manual_list; adm_del_*,Manual users,"As the operator, I can create, list, and safely delete manual/test users.","Manual creation accepts DisplayName|days, creates a non-Telegram/manual account on paid nodes, shows a card/link/QR, lists manual users, and deletion is restricted to manual/test records with dependent rows removed.","portal_bot/bot_admin_handlers.py:72;portal_bot/bot_admin_handlers.py:92;portal_bot/bot_admin_handlers.py:109;portal_bot/bot_admin_handlers.py:2479","Manual users are special operational accounts, not normal public onboarding.","Unit: create validation, list render, deletion refuses non-manual, dependent cleanup. Direct refs: tests/test_telegram_story_contracts.py; tests/test_bot_paywall.py; tests/test_api_auth_and_tickets.py.",Retest passed,Local code inventory plus focused bot/support/review/ticket tests and live button smoke passed after fixes; see Test Log.,,No code fix required in this pass.,"Post-fix focused suite: 63 passed, 2 subtests passed.",,Keep covered in regression suite,2026-06-27
TELEGRAM_BOTS-TG-ADMIN-003,Telegram bots,docs\developer\pokrov-telegram-bot-user-stories.xlsx,TG-ADMIN-003,Main bot admin,admin_search_prompt; /user; admin_users; adm_user_*; admin_logs_*,User lookup,"As the operator, I can search for users by ID or username and inspect their state.","Admin search accepts @username or tg_id, returns profile status, origin, expiry, plan mode, panel state, achievements/streak/referrals, and links to detailed actions.","portal_bot/bot_admin_handlers.py:139;portal_bot/bot_operator_handlers.py:40;portal_bot/bot_admin_handlers.py:1621;portal_bot/bot_admin_handlers.py:1825;portal_bot/bot_operator_handlers.py:124",Sensitive admin data stays admin-only.,"Unit/static: non-admin denied, username/id lookup, missing user, profile render. Direct refs: tests/test_telegram_story_contracts.py; tests/test_bot_paywall.py; tests/test_api_auth_and_tickets.py.",Retest passed,Local code inventory plus focused bot/support/review/ticket tests and live button smoke passed after fixes; see Test Log.,,No code fix required in this pass.,"Post-fix focused suite: 63 passed, 2 subtests passed.",,Keep covered in regression suite,2026-06-27
TELEGRAM_BOTS-TG-ADMIN-004,Telegram bots,docs\developer\pokrov-telegram-bot-user-stories.xlsx,TG-ADMIN-004,Main bot admin,adm_add_days_*; adm_set_*; adm_toggle_*; adm_sync_nodes_*; adm_send_link_*; adm_regen_token_*; adm_msg_user_*; adm_reset_*,User account actions,"As the operator, I can adjust an individual user's access and support state.","Admin can add/subtract days, set tariff, toggle active state, sync nodes, send a manual link, regenerate token, reset legacy traffic, and DM the user with copied content.","portal_bot/bot_admin_handlers.py:1834;portal_bot/bot_admin_handlers.py:2386;portal_bot/bot_admin_handlers.py:1893;portal_bot/bot_admin_handlers.py:1925;portal_bot/bot_admin_handlers.py:1965;portal_bot/bot_admin_handlers.py:1992;portal_bot/bot_admin_handlers.py:2014;portal_bot/bot_admin_handlers.py:2445","Raw link sending should be explicit admin recovery, not bulk default.","Unit: each action validates user/admin, panel sync called, failures alert. Direct refs: tests/test_telegram_story_contracts.py; tests/test_bot_paywall.py; tests/test_api_auth_and_tickets.py.",Retest passed,Local code inventory plus focused bot/support/review/ticket tests and live button smoke passed after fixes; see Test Log.,,No code fix required in this pass.,"Post-fix focused suite: 63 passed, 2 subtests passed.",,Keep covered in regression suite,2026-06-27
TELEGRAM_BOTS-TG-ADMIN-005,Telegram bots,docs\developer\pokrov-telegram-bot-user-stories.xlsx,TG-ADMIN-005,Main bot admin,admin_promos; admin_promo_create; admin_promo_delete_*; /promo create/list/delete,Promo administration,"As the operator, I can create, list, and delete promo codes.","Admin can manage promo codes through callbacks or /promo commands, with days/discount type validation, optional expiry, usage limits, audit entries, and deletion by code.","portal_bot/bot_admin_handlers.py:159;portal_bot/bot_admin_handlers.py:194;portal_bot/bot_admin_handlers.py:213;portal_bot/bot_operator_handlers.py:554",Promo claims must match configured value and expiry.,Unit: create/list/delete success and invalid type/duplicate failures. Direct refs: tests/test_telegram_story_contracts.py; tests/test_bot_paywall.py; tests/test_api_auth_and_tickets.py.,Retest passed,Local code inventory plus focused bot/support/review/ticket tests and live button smoke passed after fixes; see Test Log.,,No code fix required in this pass.,"Post-fix focused suite: 63 passed, 2 subtests passed.",,Keep covered in regression suite,2026-06-27
TELEGRAM_BOTS-TG-ADMIN-006,Telegram bots,docs\developer\pokrov-telegram-bot-user-stories.xlsx,TG-ADMIN-006,Main bot admin,admin_reviews; admin_reviews_all*; admin_reviews_featured*; /reviews; review_toggle_*; review_delete_*,Review moderation,"As the operator, I can moderate reviews from Telegram fallback controls.","Admin can list reviews, filter featured/all, toggle featured status, and delete reviews while preserving username masking in public-facing snippets.","portal_bot/bot_admin_handlers.py:235;portal_bot/bot_admin_handlers.py:544;portal_bot/bot_admin_handlers.py:554;portal_bot/bot_operator_handlers.py:718;portal_bot/bot_operator_handlers.py:761;portal_bot/bot_operator_handlers.py:790",Privacy-masked user display for public review surfaces.,"Unit: list empty/non-empty, toggle, delete, masked username. Direct refs: tests/test_telegram_story_contracts.py; tests/test_bot_paywall.py; tests/test_api_auth_and_tickets.py; tests/test_feedbackbot_moderation.py; tests/test_reviews_username_masking.py.",Retest passed,Local code inventory plus focused bot/support/review/ticket tests and live button smoke passed after fixes; see Test Log.,,No code fix required in this pass.,"Post-fix focused suite: 63 passed, 2 subtests passed.",,Keep covered in regression suite,2026-06-27
TELEGRAM_BOTS-TG-ADMIN-007,Telegram bots,docs\developer\pokrov-telegram-bot-user-stories.xlsx,TG-ADMIN-007,Main bot admin,admin_health; /health; admin_nodes; admin_sync_free_pl,Health and node visibility,"As the operator, I can check bot, DB, panel, WebApp, and node state.",Health checks report bot/DB/panel/WebApp status where available; node view lists enabled nodes and free-pool configuration; free-pool sync targets active free/trial/bonus users only.,"portal_bot/bot_admin_handlers.py:263;portal_bot/bot_operator_handlers.py:659;portal_bot/bot_admin_handlers.py:350;portal_bot/bot_admin_handlers.py:390",Free access node pool is dedicated NL-free only; failures should not be hidden.,"Unit/static: health fallback messages, free-code filtering, sync target selection. Direct refs: tests/test_telegram_story_contracts.py; tests/test_bot_paywall.py; tests/test_api_auth_and_tickets.py.",Retest passed,Local code inventory plus focused bot/support/review/ticket tests and live button smoke passed after fixes; see Test Log.,,No code fix required in this pass.,"Post-fix focused suite: 63 passed, 2 subtests passed.",,Keep covered in regression suite,2026-06-27
TELEGRAM_BOTS-TG-ADMIN-008,Telegram bots,docs\developer\pokrov-telegram-bot-user-stories.xlsx,TG-ADMIN-008,Main bot admin,admin_bcast_compose; admin_bcast_seg; admin_bcast_btn; admin_bcast_send; admin_bcast_cancel; text/media capture,Broadcast composer,"As the operator, I can compose and send a broadcast to a chosen segment.","The composer captures one admin message, lets admin cycle active/expired/trial segments, optionally adds one URL button, sends by copy_to to selected users, reports sent/failed/skipped, and clears the draft.","portal_bot/bot_admin_handlers.py:630;portal_bot/bot_admin_handlers.py:650;portal_bot/bot_admin_handlers.py:663;portal_bot/bot_admin_handlers.py:694;portal_bot/bot_admin_handlers.py:683;portal_bot/bot_user_handlers.py:2242",Broadcast content remains operator-authored and should avoid arbitrary remote code/HTML.,"Unit: capture draft, segment cycle, button validation, send counts, cancel cleanup. Direct refs: tests/test_telegram_story_contracts.py; tests/test_bot_paywall.py; tests/test_api_auth_and_tickets.py; tests/test_backend_route_gap_coverage.py.",Retest passed,Local code inventory plus focused bot/support/review/ticket tests and live button smoke passed after fixes; see Test Log.,,No code fix required in this pass.,"Post-fix focused suite: 63 passed, 2 subtests passed.",,Keep covered in regression suite,2026-06-27
TELEGRAM_BOTS-TG-ADMIN-009,Telegram bots,docs\developer\pokrov-telegram-bot-user-stories.xlsx,TG-ADMIN-009,Main bot admin,admin_custom_msg; send_tpl_*; /template add/list/send/delete; text capture,Custom/template messaging,"As the operator, I can send saved or one-off messages to users.","Admin can create/list/send/delete templates, send templates to all active users or one target, and send custom text with an optional URL button.","portal_bot/bot_admin_handlers.py:774;portal_bot/bot_admin_handlers.py:837;portal_bot/bot_operator_handlers.py:274","Messaging should be operational/user-facing copy, not hidden tracking or cloaking.","Unit: template CRUD, target lookup, active broadcast send, custom button parse. Direct refs: tests/test_telegram_story_contracts.py; tests/test_bot_paywall.py; tests/test_api_auth_and_tickets.py.",Retest passed,Local code inventory plus focused bot/support/review/ticket tests and live button smoke passed after fixes; see Test Log.,,No code fix required in this pass.,"Post-fix focused suite: 63 passed, 2 subtests passed.",,Keep covered in regression suite,2026-06-27
TELEGRAM_BOTS-TG-ADMIN-010,Telegram bots,docs\developer\pokrov-telegram-bot-user-stories.xlsx,TG-ADMIN-010,Main bot admin,admin_broadcast_links; /broadcast,Legacy link broadcast,"As the operator, I need any bulk subscription-update action to be app-first and safe.",Bulk update notices should tell users to open POKROV/cabinet and update profile; raw personal subscription links must not be bulk-sent unsolicited.,"portal_bot/bot_admin_handlers.py:798;portal_bot/bot_operator_handlers.py:873",Manual/raw links are fallback/recovery only; bulk raw-link delivery is a UX/security smell.,Static/unit: no bulk raw build_subscription_link in broadcast user messages; app/cabinet CTA present. Direct refs: tests/test_telegram_story_contracts.py; tests/test_bot_paywall.py; tests/test_api_auth_and_tickets.py.,Retest passed,"PASS: Regression passed; app/bot parity smoke passed; focused suite passed: 63 passed, 2 subtests passed.",Bulk update actions violated app-first/manual-link-as-fallback UX by pushing bearer links to all active users. Initial result: Initial targeted regression failed: both bulk handlers built and sent raw personal subscription links.,Fixed in portal_bot/bot.py: bulk notices now use app/cabinet update text plus explicit recovery buttons.,"Regression passed; app/bot parity smoke passed; focused suite passed: 63 passed, 2 subtests passed.",,Keep covered in regression suite,2026-06-27
TELEGRAM_BOTS-TG-ADMIN-011,Telegram bots,docs\developer\pokrov-telegram-bot-user-stories.xlsx,TG-ADMIN-011,Main bot admin,admin_wheel; wheel_preset_*; wheel_weights; wheel_cd; text capture,Wheel configuration,"As the operator, I can configure bonus wheel odds and cooldown.","Admin can view wheel settings, apply presets, set manual day:weight pairs, set cooldown days, validate values, and audit changes.","portal_bot/bot_admin_handlers.py:881;portal_bot/bot_admin_handlers.py:1750;portal_bot/bot_admin_handlers.py:1757;portal_bot/bot_admin_handlers.py:1819;portal_bot/bot_user_handlers.py:2242",Wheel rewards remain day-based.,"Unit: preset save, manual weights validation, cooldown validation. Direct refs: tests/test_telegram_story_contracts.py; tests/test_bot_paywall.py; tests/test_api_auth_and_tickets.py.",Retest passed,Local code inventory plus focused bot/support/review/ticket tests and live button smoke passed after fixes; see Test Log.,,No code fix required in this pass.,"Post-fix focused suite: 63 passed, 2 subtests passed.",,Keep covered in regression suite,2026-06-27
TELEGRAM_BOTS-TG-ADMIN-012,Telegram bots,docs\developer\pokrov-telegram-bot-user-stories.xlsx,TG-ADMIN-012,Main bot admin,admin_live_updates; admin_live_create; admin_live_toggle_*; admin_start_links; admin_start_create; admin_start_edit_*; admin_start_toggle_*,Live updates and start links,"As the operator, I can manage backend-owned live notices and start-link campaigns.","Admin can list/create/toggle live updates and start links; start links support target actions such as opening bonus, promo, campaign, or campaign promo.","portal_bot/bot_admin_handlers.py:928;portal_bot/bot_admin_handlers.py:977;portal_bot/bot_admin_handlers.py:994;portal_bot/bot_admin_handlers.py:1019;portal_bot/bot_admin_handlers.py:1069;portal_bot/bot_admin_handlers.py:1089;portal_bot/bot_admin_handlers.py:1124",Dynamic content is backend-owned JSON; no arbitrary HTML/JS/tracking.,"Unit/static: create format validation, toggle, target-action parse. Direct refs: tests/test_telegram_story_contracts.py; tests/test_bot_paywall.py; tests/test_api_auth_and_tickets.py; tests/test_backend_route_gap_coverage.py.",Retest passed,Local code inventory plus focused bot/support/review/ticket tests and live button smoke passed after fixes; see Test Log.,,No code fix required in this pass.,"Post-fix focused suite: 63 passed, 2 subtests passed.",,Keep covered in regression suite,2026-06-27
TELEGRAM_BOTS-TG-ADMIN-013,Telegram bots,docs\developer\pokrov-telegram-bot-user-stories.xlsx,TG-ADMIN-013,Main bot admin,admin_mass; mass_extend_active; mass_extend_run_*; mass_remind_expiring*; mass_normalize_plans*; mass_promo_14*; mass_sync_nodes*; mass_addgb_active,Mass actions,"As the operator, I can run bulk maintenance with confirmation and target counts.","Admin can extend active users, send expiry reminders, normalize plan labels, grant +14 day promo to segment, and sync nodes after explicit confirmation; legacy traffic mass add is disabled.","portal_bot/bot_admin_handlers.py:1152;portal_bot/bot_admin_handlers.py:1218;portal_bot/bot_admin_handlers.py:1764;portal_bot/bot_admin_handlers.py:1238;portal_bot/bot_admin_handlers.py:1266;portal_bot/bot_admin_handlers.py:1315;portal_bot/bot_admin_handlers.py:1351;portal_bot/bot_admin_handlers.py:1387;portal_bot/bot_admin_handlers.py:1415;portal_bot/bot_admin_handlers.py:1498;portal_bot/bot_admin_handlers.py:1520;portal_bot/bot_admin_handlers.py:1210",Bulk actions must distinguish paid/free/manual users and avoid traffic-limit semantics.,"Unit: confirmation counts, protected/admin skips, traffic add disabled, node sync pool selection. Direct refs: tests/test_telegram_story_contracts.py; tests/test_bot_paywall.py; tests/test_api_auth_and_tickets.py.",Retest passed,Local code inventory plus focused bot/support/review/ticket tests and live button smoke passed after fixes; see Test Log.,,No code fix required in this pass.,"Post-fix focused suite: 63 passed, 2 subtests passed.",,Keep covered in regression suite,2026-06-27
TELEGRAM_BOTS-TG-ADMIN-014,Telegram bots,docs\developer\pokrov-telegram-bot-user-stories.xlsx,TG-ADMIN-014,Main bot admin,admin_sync; /sync,Username sync,"As the operator, I can manually recover Telegram username sync.","Admin-only sync iterates known Telegram IDs, skips protected/admin/system IDs, updates DB usernames and panel comments best-effort, and reports counts/errors.","portal_bot/bot_admin_handlers.py:1580;portal_bot/bot_operator_handlers.py:819",Automatic username sync is primary; manual sync is compatibility/recovery.,"Unit: skip protected/admin, get_chat failure increments errors, panel comment update. Direct refs: tests/test_telegram_story_contracts.py; tests/test_bot_paywall.py; tests/test_api_auth_and_tickets.py; tests/test_bot_paywall.py.",Retest passed,Local code inventory plus focused bot/support/review/ticket tests and live button smoke passed after fixes; see Test Log.,,No code fix required in this pass.,"Post-fix focused suite: 63 passed, 2 subtests passed.",,Keep covered in regression suite,2026-06-27
TELEGRAM_BOTS-TG-ADMIN-015,Telegram bots,docs\developer\pokrov-telegram-bot-user-stories.xlsx,TG-ADMIN-015,Main bot admin,admin_gift_menu; admin_giftcode_*; /giftcode; /gift,Admin gifts,"As the operator, I can create gift codes or manually gift access.","Admin can create gift codes from menu or /giftcode, capped batch size, and can manually gift access only after target accepted ToS; gifted users get app-first next steps and referral bonus may be awarded.","portal_bot/bot_admin_handlers.py:2332;portal_bot/bot_admin_handlers.py:2362;portal_bot/bot_operator_handlers.py:931;portal_bot/bot_operator_handlers.py:986",Direct /gift is a reserve manual tool; code flow is safer primary gift path.,"Unit: giftcode cap, invalid card, ToS gate for /gift, existing/new user fulfillment. Direct refs: tests/test_telegram_story_contracts.py; tests/test_bot_paywall.py; tests/test_api_auth_and_tickets.py.",Retest passed,Local code inventory plus focused bot/support/review/ticket tests and live button smoke passed after fixes; see Test Log.,,No code fix required in this pass.,"Post-fix focused suite: 63 passed, 2 subtests passed.",,Keep covered in regression suite,2026-06-27
TELEGRAM_BOTS-TG-MAIN-032,Telegram bots,docs\developer\pokrov-telegram-bot-user-stories.xlsx,TG-MAIN-032,Main bot,monitor_expiry background task,Expiry enforcement,"As a user whose paid access expires, I move to the free pool instead of being silently broken.","The hourly monitor downgrades expired non-manual users to FREE, extends free expiry long-term, marks free metadata, syncs user to free nodes, disables paid nodes, and sends an explanatory message.",portal_bot/bot_operator_handlers.py:1141,Free access node pool is dedicated NL-free node only.,"Unit: expired paid user becomes FREE, manual user skipped, free sync and paid disable attempted. Direct refs: tests/test_telegram_story_contracts.py; tests/test_bot_paywall.py; tests/test_app_bot_parity_smoke.py; tests/test_worker_retention.py.",Retest passed,Local code inventory plus focused bot/support/review/ticket tests and live button smoke passed after fixes; see Test Log.,,No code fix required in this pass.,"Post-fix focused suite: 63 passed, 2 subtests passed.",,Keep covered in regression suite,2026-06-27
TELEGRAM_BOTS-TG-MAIN-033,Telegram bots,docs\developer\pokrov-telegram-bot-user-stories.xlsx,TG-MAIN-033,Main bot,bot startup command setup,Bot command menu,"As a Telegram user, I can use buttons and the cabinet menu as the primary navigation.",Startup configures the WebApp menu button and keeps public commands only as compatibility shortcuts; user-facing journeys remain reachable through buttons.,portal_bot/bot_operator_handlers.py:1199,Public bot commands should match active user-facing flows.,Static/unit: set_my_commands payload and menu button URL. Direct refs: tests/test_telegram_story_contracts.py; tests/test_bot_paywall.py; tests/test_app_bot_parity_smoke.py; tests/test_brain_telegram_bot_menu_check.py.,Retest passed,Local code inventory plus focused bot/support/review/ticket tests and live button smoke passed after fixes; see Test Log.,,No code fix required in this pass.,"Post-fix focused suite: 63 passed, 2 subtests passed.",,Keep covered in regression suite,2026-06-27
TELEGRAM_BOTS-TG-SUPPORT-001,Telegram bots,docs\developer\pokrov-telegram-bot-user-stories.xlsx,TG-SUPPORT-001,Support bot,helpbot /start; hb_back_home,Support welcome,"As a user, I can open the dedicated support bot and choose a support action.","The help bot shows a support welcome, optional configured media, buttons for new ticket and my tickets, and an admin queue button only for admin.","portal_bot/helpbot.py:367,693","This is a ticket system, not live-chat theatre.","Unit/static: user/admin welcome, media fallback, command menu. Direct refs: tests/test_telegram_story_contracts.py; tests/test_helpbot_lifecycle.py; tests/test_support_macros_contract.py.",Retest passed,Local code inventory plus focused bot/support/review/ticket tests and live button smoke passed after fixes; see Test Log.,,No code fix required in this pass.,"Post-fix focused suite: 63 passed, 2 subtests passed.",,Keep covered in regression suite,2026-06-27
TELEGRAM_BOTS-TG-SUPPORT-002,Telegram bots,docs\developer\pokrov-telegram-bot-user-stories.xlsx,TG-SUPPORT-002,Support bot,/start ticket_new; /start ticket_my; hb_ticket_new; hb_ticket_my,Ticket creation and listing,"As a user, I can create or reopen my active support ticket and list previous tickets.","Deep links and buttons create or reuse the user's active ticket, set pending reply state, notify admin on new ticket, and list up to 10 user tickets with status labels.","portal_bot/helpbot.py:367,434,460",Support history remains in shared ticket tables.,"Unit: create new, reuse active, no tickets state, list labels. Direct refs: tests/test_telegram_story_contracts.py; tests/test_helpbot_lifecycle.py; tests/test_support_macros_contract.py.",Retest passed,Local code inventory plus focused bot/support/review/ticket tests and live button smoke passed after fixes; see Test Log.,,No code fix required in this pass.,"Post-fix focused suite: 63 passed, 2 subtests passed.",,Keep covered in regression suite,2026-06-27
TELEGRAM_BOTS-TG-SUPPORT-003,Telegram bots,docs\developer\pokrov-telegram-bot-user-stories.xlsx,TG-SUPPORT-003,Support bot,hb_ticket_view_*; hb_ticket_reply_*; hb_ticket_close_*; hb_ticket_reopen_*; capture_ticket_reply; text reply,Ticket lifecycle,"As a user or admin, I can view, reply, close, and reopen a ticket.","The support bot enforces ticket access, shows recent message history, sets admin replies in_progress, lets users reopen closed tickets, and notifies the other side when appropriate.","portal_bot/helpbot.py:497,503,533,555,788",Ticket status must remain synchronized with main-bot admin fallback.,"Unit: user/admin lifecycle, access denial, notification behavior. Direct refs: tests/test_telegram_story_contracts.py; tests/test_helpbot_lifecycle.py; tests/test_support_macros_contract.py.",Retest passed,Local code inventory plus focused bot/support/review/ticket tests and live button smoke passed after fixes; see Test Log.,,No code fix required in this pass.,"Post-fix focused suite: 63 passed, 2 subtests passed.",,Keep covered in regression suite,2026-06-27
TELEGRAM_BOTS-TG-SUPPORT-004,Telegram bots,docs\developer\pokrov-telegram-bot-user-stories.xlsx,TG-SUPPORT-004,Support bot,photo/document/video messages,Ticket attachments,"As a user or admin, I can attach screenshots, files, or videos to a ticket.","The bot stores Telegram attachment metadata, caption or fallback body, links it to the active ticket, copies the attachment or fallback text to the opposite side, and clears pending reply state.",portal_bot/helpbot.py:703,"Attachment payloads should store Telegram file IDs/metadata, not arbitrary executable content.","Unit: photo/file/video payload shape, admin/user routing, missing ticket behavior. Direct refs: tests/test_telegram_story_contracts.py; tests/test_helpbot_lifecycle.py; tests/test_support_macros_contract.py.",Retest passed,Local code inventory plus focused bot/support/review/ticket tests and live button smoke passed after fixes; see Test Log.,,No code fix required in this pass.,"Post-fix focused suite: 63 passed, 2 subtests passed.",,Keep covered in regression suite,2026-06-27
TELEGRAM_BOTS-TG-SUPPORT-005,Telegram bots,docs\developer\pokrov-telegram-bot-user-stories.xlsx,TG-SUPPORT-005,Support bot,text reply; hb_aiq_*,AI support assist,"As a user, I may receive an optional AI hint while the ticket stays open for an operator.","When support AI is configured and rate limits allow, the bot appends an assistant message to the ticket, displays it as a hint, and offers quick replies for steps, not-worked, operator, or open ticket.","portal_bot/helpbot.py:211,577,770",AI hint must not close the support loop or pretend to be final operator review.,"Unit with AI stub: disabled/no key, rate limit, assistant append, operator quick reply. Direct refs: tests/test_telegram_story_contracts.py; tests/test_helpbot_lifecycle.py; tests/test_support_macros_contract.py; tests/test_support_ai_service.py.",Retest passed,Local code inventory plus focused bot/support/review/ticket tests and live button smoke passed after fixes; see Test Log.,,No code fix required in this pass.,"Post-fix focused suite: 63 passed, 2 subtests passed.",,Keep covered in regression suite,2026-06-27
TELEGRAM_BOTS-TG-SUPPORT-006,Telegram bots,docs\developer\pokrov-telegram-bot-user-stories.xlsx,TG-SUPPORT-006,Support bot,hb_admin_queue,Admin support queue,"As the operator, I can view active support tickets in the support bot.","Admin-only queue lists active tickets with user ID and status, refresh/back controls, and denies non-admin access.",portal_bot/helpbot.py:653,Operator queue should not leak tickets to regular users.,"Unit: non-admin denied, empty queue, active queue list. Direct refs: tests/test_telegram_story_contracts.py; tests/test_helpbot_lifecycle.py; tests/test_support_macros_contract.py.",Retest passed,Local code inventory plus focused bot/support/review/ticket tests and live button smoke passed after fixes; see Test Log.,,No code fix required in this pass.,"Post-fix focused suite: 63 passed, 2 subtests passed.",,Keep covered in regression suite,2026-06-27
TELEGRAM_BOTS-TG-FEEDBACK-001,Telegram bots,docs\developer\pokrov-telegram-bot-user-stories.xlsx,TG-FEEDBACK-001,Feedback bot,feedbackbot /start; fb_new; fb_back_home; text,Feedback intake,"As a user, I can send feedback or a review idea to a dedicated feedback bot.","The feedback bot shows a welcome, sets pending state on 'new feedback', lets a user return home by clearing pending feedback, validates minimum text, upserts the latest new feedback entry for that user, notifies admin, and thanks the user.","portal_bot/feedbackbot.py:254,264,280,294",Feedback can become public only after moderation.,"Unit: too short re-prompts, valid upsert, admin notify, thank-you text. Direct refs: tests/test_telegram_story_contracts.py; tests/test_feedbackbot_moderation.py; tests/test_reviews_username_masking.py.",Retest passed,"PASS: Targeted regressions passed; focused suite passed: 63 passed, 2 subtests passed.",Initial result: Live Telegram Desktop button smoke exposed a navigation or pending-input issue; see linked issue rows.,Fixed in code and covered by regression tests.,"Targeted regressions passed; focused suite passed: 63 passed, 2 subtests passed.",,Keep covered in regression suite,2026-06-27
TELEGRAM_BOTS-TG-FEEDBACK-002,Telegram bots,docs\developer\pokrov-telegram-bot-user-stories.xlsx,TG-FEEDBACK-002,Feedback bot,fb_admin_queue; fb_review_*; fb_feature_*; fb_delete_*,Feedback moderation,"As the operator, I can review new feedback before publishing or deleting it.","Admin queue lists pending feedback, opens an entry with masked username/category/source/text, publishes it as featured Review, or deletes the feedback and linked review.","portal_bot/feedbackbot.py:323,340,349,380",Public display must use masked usernames and moderated content.,"Unit: non-admin denied, queue empty/list, publish creates Review with negative tg_id, delete removes linked review. Direct refs: tests/test_telegram_story_contracts.py; tests/test_feedbackbot_moderation.py; tests/test_reviews_username_masking.py.",Retest passed,Local code inventory plus focused bot/support/review/ticket tests and live button smoke passed after fixes; see Test Log.,,No code fix required in this pass.,"Post-fix focused suite: 63 passed, 2 subtests passed.",,Keep covered in regression suite,2026-06-27
TELEGRAM_BOTS-TG-LEGACY-001,Telegram bots,docs\developer\pokrov-telegram-bot-user-stories.xlsx,TG-LEGACY-001,Legacy redirect bot,legacy /start; any callback; any text,Migration redirect,"As a user messaging the old bot, I am redirected to the current POKROV bot.","The legacy bot validates the migration target is a Telegram URL, and any /start, callback, or text message receives a short redirect text plus a button to the current bot.","portal_bot/legacy_redirect_bot.py:46,51,57",Legacy continuity is allowed; public brand remains POKROV.,"Static/unit: target URL validation, start/callback/text all point to @pokrov_vpnbot. Direct refs: tests/test_telegram_story_contracts.py; tests/test_pokrov_migration_defaults.py.",Retest passed,Local code inventory plus focused bot/support/review/ticket tests and live button smoke passed after fixes; see Test Log.,,No code fix required in this pass.,"Post-fix focused suite: 63 passed, 2 subtests passed.",,Keep covered in regression suite,2026-06-27
WEBAPP-WEB-001,WebApp and Admin,docs\developer\webapp-feature-user-stories.xlsx,WEB-001,Cabinet auth,/,Root cabinet entry,"As a visitor, I can land on the POKROV cabinet entry and understand that Telegram and approved email auth are the entry paths.","The root page shows POKROV cabinet branding, a return-to-site link, Telegram entry, and email entry only when the email delivery gate is public-ready.",webapp/src/app/page.tsx; webapp/src/components/cabinet-entry-auth.tsx,App-first identity; public email forms must be gated by delivery readiness.,Playwright cabinet/settings/auth specs; source-code user-story audit. Direct refs: webapp/e2e/cabinet-flow.spec.ts; webapp/e2e/telegram-login-refresh.spec.ts; tests/test_frontend_text_integrity.py.,Retest passed,"PASS 2026-06-26: cabinet-flow (27/27), settings-email-link (6/6), oidc-fallback + telegram-login-refresh (7/7) where applicable.",D-001; D-005,Fixed,Passed 2026-06-26,,Keep covered in regression suite,2026-06-27
WEBAPP-WEB-002,WebApp and Admin,docs\developer\webapp-feature-user-stories.xlsx,WEB-002,Cabinet auth,/?cabinet_handoff=...,App handoff exchange,"As an app user, I can open a one-time cabinet handoff link and land on the intended cabinet route.","The handoff token is exchanged once, stored as a web session, removed from the URL, and the API-provided target path is honored.",webapp/src/lib/session.tsx; webapp/src/lib/api.ts,Startup update is explicit; app-first session continuity must avoid leaking tokens in URLs.,Playwright cabinet/settings/auth specs; source-code user-story audit. Direct refs: webapp/e2e/cabinet-flow.spec.ts; tests/test_frontend_text_integrity.py.,Retest passed,"PASS 2026-06-26: cabinet-flow (27/27), settings-email-link (6/6), oidc-fallback + telegram-login-refresh (7/7) where applicable.",,No fix needed,Passed 2026-06-26,,Keep covered in regression suite,2026-06-27
WEBAPP-WEB-003,WebApp and Admin,docs\developer\webapp-feature-user-stories.xlsx,WEB-003,Cabinet auth,/,Web session reuse,"As a returning user, I can reopen the cabinet without seeing the auth entry again when a valid web session exists.","The provider reads localStorage/cookie/URL session token, fetches auth session, dashboard, and user, then redirects to /dashboard/.",webapp/src/lib/session.tsx; webapp/src/app/page.tsx,Automatic username/session sync is primary; stale sessions must degrade safely.,Playwright cabinet/settings/auth specs; source-code user-story audit. Direct refs: webapp/e2e/cabinet-flow.spec.ts; webapp/e2e/telegram-login-refresh.spec.ts; tests/test_frontend_text_integrity.py.,Retest passed,"PASS 2026-06-26: cabinet-flow (27/27), settings-email-link (6/6), oidc-fallback + telegram-login-refresh (7/7) where applicable.",,No fix needed,Passed 2026-06-26,,Keep covered in regression suite,2026-06-27
WEBAPP-WEB-004,WebApp and Admin,docs\developer\webapp-feature-user-stories.xlsx,WEB-004,Cabinet auth,all protected routes,Expired session recovery,"As a user with an expired session, I get a human reauth path instead of raw API errors.","Telegram deprecated/session errors and auth failures map to a reauth CTA with retry, switch-account, and support options.",webapp/src/lib/session.tsx; webapp/src/components/cabinet-shell.tsx,Do not expose raw technical failures to users.,Playwright cabinet/settings/auth specs; source-code user-story audit. Direct refs: webapp/e2e/cabinet-flow.spec.ts; webapp/e2e/telegram-login-refresh.spec.ts; tests/test_frontend_text_integrity.py.,Retest passed,"PASS 2026-06-26: cabinet-flow (27/27), settings-email-link (6/6), oidc-fallback + telegram-login-refresh (7/7) where applicable.",,No fix needed,Passed 2026-06-26,,Keep covered in regression suite,2026-06-27
WEBAPP-WEB-005,WebApp and Admin,docs\developer\webapp-feature-user-stories.xlsx,WEB-005,Cabinet auth,/,Telegram login,"As a visitor, I can sign in with Telegram through the widget or OIDC fallback.","Fresh widget payloads are accepted, stale payloads are blocked locally, and OIDC start can fall back to canonical API when app origin returns HTML.",webapp/src/components/telegram-login-widget.tsx; webapp/src/lib/session.tsx; webapp/src/lib/telegram-login-refresh.ts; webapp/src/lib/telegram-oidc.ts; webapp/src/lib/api.ts,Main bot is @pokrov_vpnbot; auth errors should be reauth-friendly.,Playwright cabinet/settings/auth specs; source-code user-story audit. Direct refs: webapp/e2e/cabinet-flow.spec.ts; webapp/e2e/telegram-login-refresh.spec.ts; webapp/e2e/oidc-fallback.spec.ts; tests/test_frontend_text_integrity.py.,Retest passed,"PASS 2026-06-26: cabinet-flow (27/27), settings-email-link (6/6), oidc-fallback + telegram-login-refresh (7/7) where applicable.",D-004,Fixed,Passed 2026-06-26,,Keep covered in regression suite,2026-06-27
WEBAPP-WEB-006,WebApp and Admin,docs\developer\webapp-feature-user-stories.xlsx,WEB-006,Cabinet auth,/verify; /recover,Email verify/recovery bridge,"As an email user, I can open relay verification or recovery links and continue in the root auth screen.","The /verify and /recover bridge routes redirect token params into root query params, clear prior sessions, prefill the correct token field, and remove token params from the URL.",webapp/src/app/verify/page.tsx; webapp/src/app/recover/page.tsx; webapp/src/components/cabinet-entry-auth.tsx,Email auth must remain gated by delivery readiness and separate verify/recovery tokens.,Playwright cabinet/settings/auth specs; source-code user-story audit. Direct refs: webapp/e2e/cabinet-flow.spec.ts; webapp/e2e/settings-email-link.spec.ts; tests/test_frontend_text_integrity.py.,Retest passed,"PASS 2026-06-26: cabinet-flow (27/27), settings-email-link (6/6), oidc-fallback + telegram-login-refresh (7/7) where applicable.",,No fix needed,Passed 2026-06-26,,Keep covered in regression suite,2026-06-27
WEBAPP-WEB-007,WebApp and Admin,docs\developer\webapp-feature-user-stories.xlsx,WEB-007,Cabinet shell,/dashboard/ and dashboard group,Responsive cabinet shell,"As a cabinet user, I can navigate the main app on desktop and mobile without losing context.","Desktop uses sidebar/top shell; mobile uses compact header and bottom nav; active route, theme toggle, marketing link, logout, and admin link for admins remain usable.",webapp/src/components/cabinet-shell.tsx; webapp/src/components/app-route-link.tsx,"Cabinet is continuation-first, not a landing page.",Playwright cabinet/settings/auth specs; source-code user-story audit. Direct refs: webapp/e2e/cabinet-flow.spec.ts; tests/test_frontend_text_integrity.py.,Retest passed,"PASS 2026-06-26: cabinet-flow (27/27), settings-email-link (6/6), oidc-fallback + telegram-login-refresh (7/7) where applicable.",,No fix needed,Passed 2026-06-26,,Keep covered in regression suite,2026-06-27
WEBAPP-WEB-008,WebApp and Admin,docs\developer\webapp-feature-user-stories.xlsx,WEB-008,Cabinet shell,not-found/error,Recovery screens,"As a cabinet user, I get branded recovery screens when a route or render path fails.",Not-found and error surfaces keep POKROV branding and offer routes back to dashboard/site/support instead of a blank failure.,webapp/src/app/not-found.tsx; webapp/src/app/error.tsx; webapp/src/app/(admin)/not-found.tsx; webapp/src/app/(admin)/error.tsx,User recovery should be compact and honest.,Playwright cabinet/settings/auth specs; source-code user-story audit. Direct refs: webapp/e2e/cabinet-flow.spec.ts; tests/test_frontend_text_integrity.py.,Retest passed,"PASS 2026-06-26: cabinet-flow (27/27), settings-email-link (6/6), oidc-fallback + telegram-login-refresh (7/7) where applicable.",,No fix needed,Passed 2026-06-26,,Keep covered in regression suite,2026-06-27
WEBAPP-WEB-009,WebApp and Admin,docs\developer\webapp-feature-user-stories.xlsx,WEB-009,Dashboard,/dashboard/,Access status summary,"As a user, I can see whether access is active, trial, soft-limited, or expired and what to do next.","Dashboard status chooses the correct message and action for inactive, soft mode, trial, and active accounts.",webapp/src/app/(dashboard)/dashboard/page.tsx,Consumer-safe access actions; no raw config links on first layer.,Playwright cabinet/settings/auth specs; source-code user-story audit. Direct refs: webapp/e2e/cabinet-flow.spec.ts; tests/test_frontend_text_integrity.py.,Retest passed,"PASS 2026-06-26: cabinet-flow (27/27), settings-email-link (6/6), oidc-fallback + telegram-login-refresh (7/7) where applicable.",,No fix needed,Passed 2026-06-26,,Keep covered in regression suite,2026-06-27
WEBAPP-WEB-010,WebApp and Admin,docs\developer\webapp-feature-user-stories.xlsx,WEB-010,Dashboard,/dashboard/,Summary cards and recent devices,"As a user, I can scan traffic, device, connection, and expiry status without seeing node internals.","Dashboard renders compact tiles, quick actions to redeem/support, and up to two recent devices.",webapp/src/app/(dashboard)/dashboard/page.tsx,Public config URL hidden by default; safe summaries only.,Playwright cabinet/settings/auth specs; source-code user-story audit. Direct refs: webapp/e2e/cabinet-flow.spec.ts; tests/test_frontend_text_integrity.py.,Retest passed,"PASS 2026-06-26: cabinet-flow (27/27), settings-email-link (6/6), oidc-fallback + telegram-login-refresh (7/7) where applicable.",,No fix needed,Passed 2026-06-26,,Keep covered in regression suite,2026-06-27
WEBAPP-WEB-011,WebApp and Admin,docs\developer\webapp-feature-user-stories.xlsx,WEB-011,Downloads,/downloads/; /dashboard/downloads/,Client downloads,"As a user, I can download the correct Android or Windows beta artifact and see install caveats.","The surface reads /api/client/apps, prioritizes Android split APKs and Windows EXE/ZIP, shows updated dates, warns about unsigned Windows, and degrades to support if links are unavailable; legacy /dashboard/downloads redirects.",webapp/src/components/cabinet/downloads-surface.tsx; webapp/src/app/(dashboard)/downloads/page.tsx; webapp/src/app/(dashboard)/dashboard/downloads/page.tsx,Public binaries come from GitHub Releases; do not claim store/trusted signing.,Playwright cabinet/settings/auth specs; source-code user-story audit. Direct refs: webapp/e2e/cabinet-flow.spec.ts; tests/test_frontend_text_integrity.py.,Retest passed,"PASS 2026-06-26: cabinet-flow (27/27), settings-email-link (6/6), oidc-fallback + telegram-login-refresh (7/7) where applicable.",,No fix needed,Passed 2026-06-26,,Keep covered in regression suite,2026-06-27
WEBAPP-WEB-012,WebApp and Admin,docs\developer\webapp-feature-user-stories.xlsx,WEB-012,Subscription,/subscription/; /pricing/,Plan list,"As a user, I can review available plans and continue to payment from the cabinet.","Plans load from public API with shared fallback, paid/current/featured states are shown, and /pricing redirects to /subscription.",webapp/src/app/(dashboard)/subscription/page.tsx; webapp/src/app/pricing/page.tsx,Checkout is continuation-only; no unsupported release/payment claims.,Playwright cabinet/settings/auth specs; source-code user-story audit. Direct refs: webapp/e2e/cabinet-flow.spec.ts; tests/test_frontend_text_integrity.py.,Retest passed,"PASS 2026-06-26: cabinet-flow (27/27), settings-email-link (6/6), oidc-fallback + telegram-login-refresh (7/7) where applicable.",,No fix needed,Passed 2026-06-26,,Keep covered in regression suite,2026-06-27
WEBAPP-WEB-013,WebApp and Admin,docs\developer\webapp-feature-user-stories.xlsx,WEB-013,Subscription,/subscription/#manual-setup,Manual connection fallback,"As a user, I can reveal a raw connection link/QR only when I explicitly need manual setup and the account has an active link.","The manual setup panel remains hidden until requested, requires an active subscription URL, displays QR/copy/open actions only when ready, and keeps it framed as recovery.",webapp/src/app/(dashboard)/subscription/page.tsx,Connect host can appear only in explicit manual/recovery fallback.,Playwright cabinet/settings/auth specs; source-code user-story audit. Direct refs: webapp/e2e/cabinet-flow.spec.ts; tests/test_frontend_text_integrity.py.,Retest passed,"PASS 2026-06-26: cabinet-flow (27/27), settings-email-link (6/6), oidc-fallback + telegram-login-refresh (7/7) where applicable.",D-003,Fixed,Passed 2026-06-26,,Keep covered in regression suite,2026-06-27
WEBAPP-WEB-014,WebApp and Admin,docs\developer\webapp-feature-user-stories.xlsx,WEB-014,Checkout,/subscription/checkout/,RUB checkout continuation,"As a paying user, I can choose SBP or card and continue to the Lava-backed checkout for the supported start plan.","Checkout filters to start_99, loads providers, applies local promo preview, creates a RUB order with selected method/provider, and redirects to payment_url; blocked providers show an unavailable notice.",webapp/src/app/(dashboard)/subscription/checkout/page.tsx,Lava.top beta proof only; no silent fulfillment or unsupported payment maturity claims.,Playwright cabinet/settings/auth specs; source-code user-story audit. Direct refs: webapp/e2e/cabinet-flow.spec.ts; tests/test_api_payments_callbacks.py; tests/test_frontend_text_integrity.py.,Retest passed,"PASS 2026-06-26: cabinet-flow (27/27), settings-email-link (6/6), oidc-fallback + telegram-login-refresh (7/7) where applicable.",,No fix needed,Passed 2026-06-26,,Keep covered in regression suite,2026-06-27
WEBAPP-WEB-015,WebApp and Admin,docs\developer\webapp-feature-user-stories.xlsx,WEB-015,Redeem,/redeem/,Activation code redeem,"As a user, I can check and redeem an access key or gift code, and I am protected from pasting a connection link by mistake.","The form normalizes keys, rejects URL/connection-link input with a useful message, looks up status, redeems valid keys, refreshes session, and surfaces next actions.",webapp/src/app/(dashboard)/redeem/page.tsx,"Raw subscription links are recovery artifacts, not activation codes.",Playwright cabinet/settings/auth specs; source-code user-story audit. Direct refs: webapp/e2e/cabinet-flow.spec.ts; tests/test_frontend_text_integrity.py.,Retest passed,"PASS 2026-06-26: cabinet-flow (27/27), settings-email-link (6/6), oidc-fallback + telegram-login-refresh (7/7) where applicable.",,No fix needed,Passed 2026-06-26,,Keep covered in regression suite,2026-06-27
WEBAPP-WEB-016,WebApp and Admin,docs\developer\webapp-feature-user-stories.xlsx,WEB-016,Devices,/devices/,Device and runtime connection view,"As a user, I can see my devices and current runtime connection counts in a user-safe way.","Devices page shows device counts, active connections/users, active/known nodes, a device list or empty state, and actions to downloads/subscription/support.",webapp/src/app/(dashboard)/devices/page.tsx,No raw node secrets or config payloads in user-facing pages.,Playwright cabinet/settings/auth specs; source-code user-story audit. Direct refs: webapp/e2e/cabinet-flow.spec.ts; tests/test_frontend_text_integrity.py.,Retest passed,"PASS 2026-06-26: cabinet-flow (27/27), settings-email-link (6/6), oidc-fallback + telegram-login-refresh (7/7) where applicable.",,No fix needed,Passed 2026-06-26,,Keep covered in regression suite,2026-06-27
WEBAPP-WEB-017,WebApp and Admin,docs\developer\webapp-feature-user-stories.xlsx,WEB-017,Statistics,/statistics/,Safe usage statistics,"As a user, I can see usage and connection summary without operator-only node details.","Statistics page renders access mode, traffic, devices, active connections/users, active/known nodes, reset date, and support/subscription/download actions.",webapp/src/app/(dashboard)/statistics/page.tsx,Missing runtime data must not look like authoritative zero.,Playwright cabinet/settings/auth specs; source-code user-story audit. Direct refs: webapp/e2e/cabinet-flow.spec.ts; tests/test_frontend_text_integrity.py.,Retest passed,"PASS 2026-06-26: cabinet-flow (27/27), settings-email-link (6/6), oidc-fallback + telegram-login-refresh (7/7) where applicable.",,No fix needed,Passed 2026-06-26,,Keep covered in regression suite,2026-06-27
WEBAPP-WEB-018,WebApp and Admin,docs\developer\webapp-feature-user-stories.xlsx,WEB-018,Settings,/settings/; /profile/,Profile and identity settings,"As a user, I can view profile identity state and use compatibility redirects without raw account internals.","Settings shows profile, linked Telegram/email state, safe identifiers, and /profile redirects to /settings.",webapp/src/app/(dashboard)/settings/page.tsx; webapp/src/app/(dashboard)/profile/page.tsx,App-first identity; manual sync is recovery only.,Playwright cabinet/settings/auth specs; source-code user-story audit. Direct refs: webapp/e2e/cabinet-flow.spec.ts; tests/test_frontend_text_integrity.py.,Retest passed,"PASS 2026-06-26: cabinet-flow (27/27), settings-email-link (6/6), oidc-fallback + telegram-login-refresh (7/7) where applicable.",,No fix needed,Passed 2026-06-26,,Keep covered in regression suite,2026-06-27
WEBAPP-WEB-019,WebApp and Admin,docs\developer\webapp-feature-user-stories.xlsx,WEB-019,Settings,/settings/#email-link,Email linking,"As a Telegram-linked user, I can attach email login to the same account when email auth is public-ready.","Settings registers email with current bearer auth, clears password after send, verifies the token, stores returned web session, and refreshes identity.",webapp/src/app/(dashboard)/settings/page.tsx,Public email forms must be gated by delivery readiness.,Playwright cabinet/settings/auth specs; source-code user-story audit. Direct refs: webapp/e2e/cabinet-flow.spec.ts; webapp/e2e/settings-email-link.spec.ts; tests/test_frontend_text_integrity.py.,Retest passed,"PASS 2026-06-26: cabinet-flow (27/27), settings-email-link (6/6), oidc-fallback + telegram-login-refresh (7/7) where applicable.",D-002; D-005,Fixed,Passed 2026-06-26,,Keep covered in regression suite,2026-06-27
WEBAPP-WEB-020,WebApp and Admin,docs\developer\webapp-feature-user-stories.xlsx,WEB-020,Settings,/settings/,Telegram linking,"As an email-only user, I can start Telegram linking and open the bot link from settings.","The page calls /api/client/telegram/link, shows bot instructions and a bot_url when linking is not complete, and shows support if already linked.",webapp/src/app/(dashboard)/settings/page.tsx,Main bot is @pokrov_vpnbot; Telegram admin is fallback-only.,Playwright cabinet/settings/auth specs; source-code user-story audit. Direct refs: webapp/e2e/cabinet-flow.spec.ts; webapp/e2e/telegram-login-refresh.spec.ts; webapp/e2e/settings-email-link.spec.ts; tests/test_frontend_text_integrity.py.,Retest passed,"PASS 2026-06-26: cabinet-flow (27/27), settings-email-link (6/6), oidc-fallback + telegram-login-refresh (7/7) where applicable.",D-005,Fixed,Passed 2026-06-26,,Keep covered in regression suite,2026-06-27
WEBAPP-WEB-021,WebApp and Admin,docs\developer\webapp-feature-user-stories.xlsx,WEB-021,Settings,/settings/,Telegram channel bonus,"As a user, I can check channel subscription status and claim the +10 day Telegram reward when eligible.","Settings links @pokrov_vpn, checks subscriber status, disables already-claimed/unverified cases, and claims bonus through the backend.",webapp/src/app/(dashboard)/settings/page.tsx,Telegram reward is +10 days; public channel is @pokrov_vpn.,Playwright cabinet/settings/auth specs; source-code user-story audit. Direct refs: webapp/e2e/cabinet-flow.spec.ts; tests/test_api_auth_and_tickets.py; portal_bot/tests/test_channel_bonus_service.py; tests/test_frontend_text_integrity.py.,Retest passed,"PASS 2026-06-26: cabinet-flow (27/27), settings-email-link (6/6), oidc-fallback + telegram-login-refresh (7/7) where applicable.",,No fix needed,Passed 2026-06-26,,Keep covered in regression suite,2026-06-27
WEBAPP-WEB-022,WebApp and Admin,docs\developer\webapp-feature-user-stories.xlsx,WEB-022,Support,/support/,Ticket list and creation,"As a user, I can view support tickets and create a categorized ticket with optional attachment.","Support loads ticket queue, shows latest/open counts, offers category presets, validates body, uploads attachment when present, creates a ticket, reloads tickets, and keeps Telegram support as fallback.",webapp/src/app/(dashboard)/support/page.tsx,"Support is async ticket lifecycle, not fake live chat.",Playwright cabinet/settings/auth specs; source-code user-story audit. Direct refs: webapp/e2e/cabinet-flow.spec.ts; tests/test_api_auth_and_tickets.py; tests/test_frontend_text_integrity.py.,Retest passed,"PASS 2026-06-26: cabinet-flow (27/27), settings-email-link (6/6), oidc-fallback + telegram-login-refresh (7/7) where applicable.",,No fix needed,Passed 2026-06-26,,Keep covered in regression suite,2026-06-27
WEBAPP-WEB-023,WebApp and Admin,docs\developer\webapp-feature-user-stories.xlsx,WEB-023,Support,/support/thread/?id=,Ticket thread,"As a user, I can read a support thread, view safe attachments, and reply while the ticket is open.","Thread requires id, loads ticket details, renders user/admin/AI messages and safe attachments, allows reply/upload only when not closed, and shows not-found/error states.",webapp/src/app/(dashboard)/support/thread/page.tsx,Do not expose private access data in support attachments.,Playwright cabinet/settings/auth specs; source-code user-story audit. Direct refs: webapp/e2e/cabinet-flow.spec.ts; tests/test_api_auth_and_tickets.py; tests/test_frontend_text_integrity.py.,Retest passed,"PASS 2026-06-26: cabinet-flow (27/27), settings-email-link (6/6), oidc-fallback + telegram-login-refresh (7/7) where applicable.",,No fix needed,Passed 2026-06-26,,Keep covered in regression suite,2026-06-27
WEBAPP-WEB-024,WebApp and Admin,docs\developer\webapp-feature-user-stories.xlsx,WEB-024,Support,/support/legal/,Legal support links,"As a user, I can reach compact offer and privacy links from support without leaving the cabinet confused.",Legal page links to marketing offer/privacy URLs and offers support/subscription actions.,webapp/src/app/(dashboard)/support/legal/page.tsx,Legal and payment claims must stay evidence-backed.,Playwright cabinet/settings/auth specs; source-code user-story audit. Direct refs: webapp/e2e/cabinet-flow.spec.ts; tests/test_frontend_text_integrity.py.,Retest passed,"PASS 2026-06-26: cabinet-flow (27/27), settings-email-link (6/6), oidc-fallback + telegram-login-refresh (7/7) where applicable.",,No fix needed,Passed 2026-06-26,,Keep covered in regression suite,2026-06-27
WEBAPP-ADM-001,WebApp and Admin,docs\developer\webapp-feature-user-stories.xlsx,ADM-001,Admin shell,/admin/*,Admin gate,"As a non-admin, I cannot access admin routes; as an admin, I can open the guarded operator surface.","Admin layout fetches session/user, redirects non-admins to /dashboard/, renders admin children only for admins, and /admin redirects to /admin/dashboard.",webapp/src/app/(admin)/admin/layout.tsx; webapp/src/app/(admin)/admin/page.tsx,Web admin is the primary operator surface; Telegram admin is fallback-only.,Playwright admin-gate; source-code user-story audit. Direct refs: webapp/e2e/admin-gate.spec.ts; tests/test_admin_webapp_smoke.py; tests/test_api_auth_and_tickets.py.,Retest passed,PASS 2026-06-26: npx.cmd playwright test e2e/admin-gate.spec.ts (19/19).,,No fix needed,Passed 2026-06-26,,Keep covered in regression suite,2026-06-27
WEBAPP-ADM-002,WebApp and Admin,docs\developer\webapp-feature-user-stories.xlsx,ADM-002,Admin shell,/admin/*,Grouped navigation and attention counts,"As an operator, I can scan admin sections by operational group and see attention badges without leaving the surface.","Sidebar groups diagnostics, people, access, payments, network, messaging, feedback; attention counts come from admin summary; topbar links back to cabinet and logout.",webapp/src/app/(admin)/admin/layout.tsx; webapp/src/app/(admin)/admin/nav.ts,Admin surface is primary; support/payment/node counters must not fake data.,Playwright admin-gate; source-code user-story audit. Direct refs: webapp/e2e/admin-gate.spec.ts; tests/test_admin_webapp_smoke.py.,Retest passed,PASS 2026-06-26: npx.cmd playwright test e2e/admin-gate.spec.ts (19/19).,,No fix needed,Passed 2026-06-26,,Keep covered in regression suite,2026-06-27
WEBAPP-ADM-003,WebApp and Admin,docs\developer\webapp-feature-user-stories.xlsx,ADM-003,Admin dashboard,/admin/dashboard,Operator shift dashboard,"As an operator, I can see current operational health, queues, and recent people/tickets/network context on one screen.","Dashboard loads summary, metrics, time series, users, tickets, and WARP summary; shows stale metrics/unhealthy nodes/payment/ticket warnings, queue cards, week context, people, tickets, and network widgets.",webapp/src/app/(admin)/admin/dashboard/page.tsx; webapp/src/components/admin/dashboard/dashboard-widgets.tsx,Missing data must not render as real zero.,Playwright admin-gate; source-code user-story audit. Direct refs: webapp/e2e/admin-gate.spec.ts; tests/test_admin_webapp_smoke.py.,Retest passed,PASS 2026-06-26: npx.cmd playwright test e2e/admin-gate.spec.ts (19/19).,,No fix needed,Passed 2026-06-26,,Keep covered in regression suite,2026-06-27
WEBAPP-ADM-004,WebApp and Admin,docs\developer\webapp-feature-user-stories.xlsx,ADM-004,Admin diagnostics,/admin/funnel,Funnel diagnostics,"As an operator, I can inspect conversion stages and drop reasons over preset ranges.","Funnel page switches 7/14/30 day range, loads summary, shows totals, stage conversion/drop, source breakdown, recent events, and refresh/error states.",webapp/src/app/(admin)/admin/funnel/page.tsx,Telemetry is diagnostic; no unsupported conversion claims.,Playwright admin-gate; source-code user-story audit. Direct refs: webapp/e2e/admin-gate.spec.ts; tests/test_admin_webapp_smoke.py; tests/test_backend_route_gap_coverage.py.,Retest passed,PASS 2026-06-26: npx.cmd playwright test e2e/admin-gate.spec.ts (19/19).,,No fix needed,Passed 2026-06-26,,Keep covered in regression suite,2026-06-27
WEBAPP-ADM-005,WebApp and Admin,docs\developer\webapp-feature-user-stories.xlsx,ADM-005,Admin release,/admin/release,Release cockpit,"As an operator, I can see beta release gates and safe public claims without confusing beta with stable/store readiness.","Release cockpit combines runtime apps/email/metrics/payments with release-status artifact gates, shows GO/NO-GO, safe vs unsafe claims, and copyable operator commands.",webapp/src/app/(admin)/admin/release/page.tsx,"Do not claim stores, trusted signing, stable 1.0.0, raw Android physical proof, or RU readiness without evidence.",Playwright admin-gate; source-code user-story audit. Direct refs: webapp/e2e/admin-gate.spec.ts; tests/test_admin_webapp_smoke.py.,Retest passed,PASS 2026-06-26: npx.cmd playwright test e2e/admin-gate.spec.ts (19/19).,,No fix needed,Passed 2026-06-26,,Keep covered in regression suite,2026-06-27
WEBAPP-ADM-006,WebApp and Admin,docs\developer\webapp-feature-user-stories.xlsx,ADM-006,Admin users,/admin/users,Users search/filter/sort/pagination,"As an operator, I can find users through URL-synced filters and stable table pagination.","Users page reads query params, loads users, syncs filter state into URL, supports search/status/origin/observer/sort/page, and preserves selection when possible.",webapp/src/app/(admin)/admin/users/page.tsx; webapp/src/components/admin/users/admin-users-query-state.ts; webapp/src/components/admin/users/admin-users-query-panel.tsx; webapp/src/components/admin/users/admin-users-results-table.tsx,Operator lists must distinguish runtime vs entitlement truth.,Playwright admin-gate; source-code user-story audit. Direct refs: webapp/e2e/admin-gate.spec.ts; tests/test_admin_webapp_smoke.py; tests/test_api_auth_and_tickets.py.,Retest passed,PASS 2026-06-26: npx.cmd playwright test e2e/admin-gate.spec.ts (19/19).,,No fix needed,Passed 2026-06-26,,Keep covered in regression suite,2026-06-27
WEBAPP-ADM-007,WebApp and Admin,docs\developer\webapp-feature-user-stories.xlsx,ADM-007,Admin users,/admin/users,User detail diagnostics,"As an operator, I can inspect a selected user without losing safe operational context.","Side panel shows overview, observer-lite badges, identities, subscription URL/token copy, payments, key history, audit history, and reload actions.",webapp/src/components/admin/users/admin-user-side-panel.tsx; webapp/src/components/admin/users/admin-user-overview-view.tsx; webapp/src/components/admin/users/admin-user-history-views.tsx,Private values are operator-only and stay inside admin.,Playwright admin-gate; source-code user-story audit. Direct refs: webapp/e2e/admin-gate.spec.ts; tests/test_admin_webapp_smoke.py; tests/test_api_auth_and_tickets.py.,Retest passed,PASS 2026-06-26: npx.cmd playwright test e2e/admin-gate.spec.ts (19/19).,,No fix needed,Passed 2026-06-26,,Keep covered in regression suite,2026-06-27
WEBAPP-ADM-008,WebApp and Admin,docs\developer\webapp-feature-user-stories.xlsx,ADM-008,Admin users,/admin/users,Direct user message,"As an operator, I can send a targeted message to a selected user with an explicit dialog.","Message dialog requires non-empty text, calls admin user message API, closes on success, reloads selected card, and reports errors.",webapp/src/app/(admin)/admin/users/page.tsx,Messaging must be explicit operator action.,Playwright admin-gate; source-code user-story audit. Direct refs: webapp/e2e/admin-gate.spec.ts; tests/test_admin_webapp_smoke.py.,Retest passed,PASS 2026-06-26: npx.cmd playwright test e2e/admin-gate.spec.ts (19/19).,,No fix needed,Passed 2026-06-26,,Keep covered in regression suite,2026-06-27
WEBAPP-ADM-009,WebApp and Admin,docs\developer\webapp-feature-user-stories.xlsx,ADM-009,Admin users,/admin/users,Manual access controls,"As an operator, I can extend, block/unblock, or regenerate a selected user's token with explicit feedback.",Extend validates positive days; block toggles status; token regeneration opens a copyable subscription URL and notes panel sync state; list and detail reload after changes.,webapp/src/app/(admin)/admin/users/page.tsx,Manual sync is compatibility/recovery; panel sync status must be honest.,Playwright admin-gate; source-code user-story audit. Direct refs: webapp/e2e/admin-gate.spec.ts; tests/test_admin_webapp_smoke.py; tests/test_api_auth_and_tickets.py.,Retest passed,PASS 2026-06-26: npx.cmd playwright test e2e/admin-gate.spec.ts (19/19).,,No fix needed,Passed 2026-06-26,,Keep covered in regression suite,2026-06-27
WEBAPP-ADM-010,WebApp and Admin,docs\developer\webapp-feature-user-stories.xlsx,ADM-010,Admin users,/admin/users,Safe delete manual/test user,"As an operator, I can delete only manual/test accounts and cannot delete real users by accident.","Delete button only appears for manual/test-like users; confirmation dialog calls safe delete API, clears selection, and reloads users.",webapp/src/app/(admin)/admin/users/page.tsx; webapp/src/components/admin/users/admin-users-format.ts,Destructive safe-delete only manual/test users.,Playwright admin-gate; source-code user-story audit. Direct refs: webapp/e2e/admin-gate.spec.ts; tests/test_admin_webapp_smoke.py; tests/test_api_auth_and_tickets.py.,Retest passed,PASS 2026-06-26: npx.cmd playwright test e2e/admin-gate.spec.ts (19/19).,,No fix needed,Passed 2026-06-26,,Keep covered in regression suite,2026-06-27
WEBAPP-ADM-011,WebApp and Admin,docs\developer\webapp-feature-user-stories.xlsx,ADM-011,Admin users,/admin/users,Create manual test account,"As an operator, I can create a manual test user with a display name and access days.","Create dialog validates display name and positive days, calls manual create, closes, and reloads users.",webapp/src/app/(admin)/admin/users/page.tsx,Manual/test accounts must stay distinguishable from real users.,Playwright admin-gate; source-code user-story audit. Direct refs: webapp/e2e/admin-gate.spec.ts; tests/test_admin_webapp_smoke.py; tests/test_api_auth_and_tickets.py.,Retest passed,PASS 2026-06-26: npx.cmd playwright test e2e/admin-gate.spec.ts (19/19).,,No fix needed,Passed 2026-06-26,,Keep covered in regression suite,2026-06-27
WEBAPP-ADM-012,WebApp and Admin,docs\developer\webapp-feature-user-stories.xlsx,ADM-012,Admin users,/admin/users,Per-node key actions,"As an operator, I can toggle, reset traffic, or resync a selected user's key for a specific node.","Key policy editor disables while busy, runs node-specific action, reports success, and reloads selected details.",webapp/src/components/admin/users/admin-user-key-policy-editor.tsx; webapp/src/app/(admin)/admin/users/page.tsx,Node assignment changes must not override canonical pool rules.,Playwright admin-gate; source-code user-story audit. Direct refs: webapp/e2e/admin-gate.spec.ts; tests/test_admin_webapp_smoke.py; tests/test_api_auth_and_tickets.py.,Retest passed,PASS 2026-06-26: npx.cmd playwright test e2e/admin-gate.spec.ts (19/19).,,No fix needed,Passed 2026-06-26,,Keep covered in regression suite,2026-06-27
WEBAPP-ADM-013,WebApp and Admin,docs\developer\webapp-feature-user-stories.xlsx,ADM-013,Admin users,/admin/users,Per-node key policy editor,"As an operator, I can edit per-node key limits and flags for a selected user.","Policy draft fields parse nullable numeric limits, enabled flags, and metadata, save to key limit API, and reload selected details.",webapp/src/components/admin/users/admin-user-key-policy-editor.tsx; webapp/src/app/(admin)/admin/users/page.tsx,Runtime and entitlement truth are separate.,Playwright admin-gate; source-code user-story audit. Direct refs: webapp/e2e/admin-gate.spec.ts; tests/test_admin_webapp_smoke.py; tests/test_api_auth_and_tickets.py.,Retest passed,PASS 2026-06-26: npx.cmd playwright test e2e/admin-gate.spec.ts (19/19).,,No fix needed,Passed 2026-06-26,,Keep covered in regression suite,2026-06-27
WEBAPP-ADM-014,WebApp and Admin,docs\developer\webapp-feature-user-stories.xlsx,ADM-014,Admin users,/admin/users,Preset actions,"As an operator, I can run common user presets without scripting.","Preset buttons run reset_key, rotate_link, extend_1d, or send_guide; success reports changed/failed counts and opens token dialog when relevant.",webapp/src/components/admin/users/admin-user-side-panel.tsx; webapp/src/app/(admin)/admin/users/page.tsx,Preset results must report sync uncertainty honestly.,Playwright admin-gate; source-code user-story audit. Direct refs: webapp/e2e/admin-gate.spec.ts; tests/test_admin_webapp_smoke.py; tests/test_api_auth_and_tickets.py.,Retest passed,PASS 2026-06-26: npx.cmd playwright test e2e/admin-gate.spec.ts (19/19).,,No fix needed,Passed 2026-06-26,,Keep covered in regression suite,2026-06-27
WEBAPP-ADM-015,WebApp and Admin,docs\developer\webapp-feature-user-stories.xlsx,ADM-015,Admin users,/admin/users,Bulk key action with dry-run,"As an operator, I can prepare bulk key actions, inspect dry-run output, and confirm deliberately.","Bulk action panel captures segment/action/days/node/speed/limits/flags, first opens confirm/dry-run path unless forced, then reports changed/failed totals and reloads selected card.",webapp/src/app/(admin)/admin/users/page.tsx; webapp/src/components/admin/users/admin-users-query-panel.tsx,Mass actions require explicit review before changes.,Playwright admin-gate; source-code user-story audit. Direct refs: webapp/e2e/admin-gate.spec.ts; tests/test_admin_webapp_smoke.py; tests/test_api_auth_and_tickets.py.,Retest passed,PASS 2026-06-26: npx.cmd playwright test e2e/admin-gate.spec.ts (19/19).,,No fix needed,Passed 2026-06-26,,Keep covered in regression suite,2026-06-27
WEBAPP-ADM-016,WebApp and Admin,docs\developer\webapp-feature-user-stories.xlsx,ADM-016,Admin bonuses,/admin/bonuses,Wheel configuration,"As an operator, I can review and update bonus wheel weights and presets.","Bonuses page loads wheel config, edits preset/cooldown/weights JSON, saves through API, and reloads with success/error feedback.",webapp/src/app/(admin)/admin/bonuses/page.tsx,Dynamic content cannot alter routing/security behavior without policy.,Playwright admin-gate; source-code user-story audit. Direct refs: webapp/e2e/admin-gate.spec.ts; tests/test_admin_webapp_smoke.py.,Retest passed,PASS 2026-06-26: npx.cmd playwright test e2e/admin-gate.spec.ts (19/19).,,No fix needed,Passed 2026-06-26,,Keep covered in regression suite,2026-06-27
WEBAPP-ADM-017,WebApp and Admin,docs\developer\webapp-feature-user-stories.xlsx,ADM-017,Admin bonuses,/admin/bonuses,Loyalty config and grant,"As an operator, I can edit loyalty configuration and grant a loyalty reward to a user.","Bonuses page edits loyalty JSON, saves config, validates tg_id/tier days, grants reward, and reports sync state.",webapp/src/app/(admin)/admin/bonuses/page.tsx,Trial/reward days must match canon and sync honesty.,Playwright admin-gate; source-code user-story audit. Direct refs: webapp/e2e/admin-gate.spec.ts; tests/test_admin_webapp_smoke.py; tests/test_api_auth_and_tickets.py.,Retest passed,PASS 2026-06-26: npx.cmd playwright test e2e/admin-gate.spec.ts (19/19).,,No fix needed,Passed 2026-06-26,,Keep covered in regression suite,2026-06-27
WEBAPP-ADM-018,WebApp and Admin,docs\developer\webapp-feature-user-stories.xlsx,ADM-018,Admin referrals,/admin/referrals,Start links,"As an operator, I can create, edit, deactivate, and open bot start links.","Referrals page loads active start links, opens create/edit/delete dialogs, persists code/description/target/is_active, and reloads results.",webapp/src/app/(admin)/admin/referrals/page.tsx,Main bot is @pokrov_vpnbot; start links must be explicit operator assets.,Playwright admin-gate; source-code user-story audit. Direct refs: webapp/e2e/admin-gate.spec.ts; tests/test_admin_webapp_smoke.py.,Retest passed,PASS 2026-06-26: npx.cmd playwright test e2e/admin-gate.spec.ts (19/19).,,No fix needed,Passed 2026-06-26,,Keep covered in regression suite,2026-06-27
WEBAPP-ADM-019,WebApp and Admin,docs\developer\webapp-feature-user-stories.xlsx,ADM-019,Admin referrals,/admin/referrals,Campaign link builder,"As an operator, I can generate campaign checkout/bot links and copy them.","Builder accepts promo code, campaign key, and plan code, calls campaign link build API, renders returned values, and copies individual links.",webapp/src/app/(admin)/admin/referrals/page.tsx,No unsupported campaign/payment claims.,Playwright admin-gate; source-code user-story audit. Direct refs: webapp/e2e/admin-gate.spec.ts; tests/test_admin_webapp_smoke.py; tests/test_backend_route_gap_coverage.py.,Retest passed,PASS 2026-06-26: npx.cmd playwright test e2e/admin-gate.spec.ts (19/19).,,No fix needed,Passed 2026-06-26,,Keep covered in regression suite,2026-06-27
WEBAPP-ADM-020,WebApp and Admin,docs\developer\webapp-feature-user-stories.xlsx,ADM-020,Admin referrals,/admin/referrals,Referral queue processing,"As an operator, I can process referral rewards with normal or forced-without-activity modes.","Queue filter loads referral queue; process buttons call API with limit and force flag, report rewarded/waiting/rejected/processed totals, and reload.",webapp/src/app/(admin)/admin/referrals/page.tsx,Rewards must be auditable and not silently granted.,Playwright admin-gate; source-code user-story audit. Direct refs: webapp/e2e/admin-gate.spec.ts; tests/test_admin_webapp_smoke.py; tests/test_backend_route_gap_coverage.py.,Retest passed,PASS 2026-06-26: npx.cmd playwright test e2e/admin-gate.spec.ts (19/19).,,No fix needed,Passed 2026-06-26,,Keep covered in regression suite,2026-06-27
WEBAPP-ADM-021,WebApp and Admin,docs\developer\webapp-feature-user-stories.xlsx,ADM-021,Admin promos,/admin/promos,Access key issuing,"As an operator, I can issue access keys for a selected plan and quantity.","Promos page validates plan/quantity, calls issue API, lists issued keys with plan/date, and copies keys.",webapp/src/app/(admin)/admin/promos/page.tsx,Promo and gift access must not imply unsupported payment/store claims.,Playwright admin-gate; source-code user-story audit. Direct refs: webapp/e2e/admin-gate.spec.ts; tests/test_admin_webapp_smoke.py; tests/test_api_auth_and_tickets.py.,Retest passed,PASS 2026-06-26: npx.cmd playwright test e2e/admin-gate.spec.ts (19/19).,,No fix needed,Passed 2026-06-26,,Keep covered in regression suite,2026-06-27
WEBAPP-ADM-022,WebApp and Admin,docs\developer\webapp-feature-user-stories.xlsx,ADM-022,Admin promos,/admin/promos,Access key lookup,"As an operator, I can look up a key and inspect issued/redeemed status.","Lookup normalizes the key, calls public status API, and shows exists/redeemed/plan/device limit/issued/redeemed dates.",webapp/src/app/(admin)/admin/promos/page.tsx,Access-key state should be factual and auditable.,Playwright admin-gate; source-code user-story audit. Direct refs: webapp/e2e/admin-gate.spec.ts; tests/test_admin_webapp_smoke.py; tests/test_api_auth_and_tickets.py.,Retest passed,PASS 2026-06-26: npx.cmd playwright test e2e/admin-gate.spec.ts (19/19).,,No fix needed,Passed 2026-06-26,,Keep covered in regression suite,2026-06-27
WEBAPP-ADM-023,WebApp and Admin,docs\developer\webapp-feature-user-stories.xlsx,ADM-023,Admin promos,/admin/promos,Promo slots,"As an operator, I can assign backend-owned promo content to app slots.","Promos page loads remote/fallback catalog, edits slot content/active dates/audience/sort order, and saves assignments.",webapp/src/app/(admin)/admin/promos/page.tsx,Dynamic content is backend-owned JSON only; no arbitrary HTML/JS/tracking.,Playwright admin-gate; source-code user-story audit. Direct refs: webapp/e2e/admin-gate.spec.ts; tests/test_admin_webapp_smoke.py; tests/test_api_auth_and_tickets.py.,Retest passed,PASS 2026-06-26: npx.cmd playwright test e2e/admin-gate.spec.ts (19/19).,,No fix needed,Passed 2026-06-26,,Keep covered in regression suite,2026-06-27
WEBAPP-ADM-024,WebApp and Admin,docs\developer\webapp-feature-user-stories.xlsx,ADM-024,Admin payments,/admin/payments,Payment ledger filters,"As an operator, I can filter and search payment orders for reconciliation.","Payments page syncs status/provider/query into URL, loads orders, shows provider/order/user/plan/amount/status/source/events/last callback, and refreshes.",webapp/src/app/(admin)/admin/payments/page.tsx,Payment truth must be evidence-backed.,Playwright admin-gate; source-code user-story audit. Direct refs: webapp/e2e/admin-gate.spec.ts; tests/test_admin_webapp_smoke.py; tests/test_admin_payments_api.py.,Retest passed,PASS 2026-06-26: npx.cmd playwright test e2e/admin-gate.spec.ts (19/19).,,No fix needed,Passed 2026-06-26,,Keep covered in regression suite,2026-06-27
WEBAPP-ADM-025,WebApp and Admin,docs\developer\webapp-feature-user-stories.xlsx,ADM-025,Admin payments,/admin/payments,Manual payment reconciliation,"As an operator, I can manually reconcile an order only with an audit note.","Reconcile dialog opens for an order, requires audit note before API call, saves status/note, updates that row, and reports success/errors.",webapp/src/app/(admin)/admin/payments/page.tsx,Production payment maturity requires reconciliation evidence.,Playwright admin-gate; source-code user-story audit. Direct refs: webapp/e2e/admin-gate.spec.ts; tests/test_admin_webapp_smoke.py; tests/test_admin_payments_api.py.,Retest passed,PASS 2026-06-26: npx.cmd playwright test e2e/admin-gate.spec.ts (19/19).,,No fix needed,Passed 2026-06-26,,Keep covered in regression suite,2026-06-27
WEBAPP-ADM-026,WebApp and Admin,docs\developer\webapp-feature-user-stories.xlsx,ADM-026,Admin nodes,/admin/nodes,Node health and metrics,"As an operator, I can inspect node health, metrics freshness, runtime, traffic, and probe failures.","Nodes page loads health, metrics status, 7-day traffic, runtime rows; shows health labels, alert/probe details, panel/dataplane/transport context, and missing-data states.",webapp/src/app/(admin)/admin/nodes/page.tsx,RU-origin readiness must be distinguished from local/brain checks.,Playwright admin-gate; source-code user-story audit. Direct refs: webapp/e2e/admin-gate.spec.ts; tests/test_admin_webapp_smoke.py; tests/test_api_auth_and_tickets.py.,Retest passed,PASS 2026-06-26: npx.cmd playwright test e2e/admin-gate.spec.ts (19/19).,,No fix needed,Passed 2026-06-26,,Keep covered in regression suite,2026-06-27
WEBAPP-ADM-027,WebApp and Admin,docs\developer\webapp-feature-user-stories.xlsx,ADM-027,Admin nodes,/admin/nodes,Node sync and drift,"As an operator, I can run sync for defined segments and inspect panel drift.","Segment buttons call sync with segment/limit, drift button loads drift summary/results, and refresh reloads health/metrics/traffic.",webapp/src/app/(admin)/admin/nodes/page.tsx,Node-pool assignments must respect free vs premium canon.,Playwright admin-gate; source-code user-story audit. Direct refs: webapp/e2e/admin-gate.spec.ts; tests/test_admin_webapp_smoke.py; tests/test_api_auth_and_tickets.py.,Retest passed,PASS 2026-06-26: npx.cmd playwright test e2e/admin-gate.spec.ts (19/19).,,No fix needed,Passed 2026-06-26,,Keep covered in regression suite,2026-06-27
WEBAPP-ADM-028,WebApp and Admin,docs\developer\webapp-feature-user-stories.xlsx,ADM-028,Admin nodes,/admin/nodes,Per-node operational actions,"As an operator, I can drain, enable, disable, or resync a node from the admin surface.","Action buttons disable while busy, call the matching API, report action notes, reload node data, and disable destructive options when node state disallows them.",webapp/src/app/(admin)/admin/nodes/page.tsx,Capacity incidents require node/control-plane telemetry review.,Playwright admin-gate; source-code user-story audit. Direct refs: webapp/e2e/admin-gate.spec.ts; tests/test_admin_webapp_smoke.py; tests/test_api_auth_and_tickets.py.,Retest passed,PASS 2026-06-26: npx.cmd playwright test e2e/admin-gate.spec.ts (19/19).,,No fix needed,Passed 2026-06-26,,Keep covered in regression suite,2026-06-27
WEBAPP-ADM-029,WebApp and Admin,docs\developer\webapp-feature-user-stories.xlsx,ADM-029,Admin network,/admin/network,Network rollout config,"As an operator, I can review and save network rollout JSON without losing nested targeting/feed objects.","Network page loads rollout config, renders JSON editor plus summary cards/rules, validates JSON before save, saves through API, and reloads updated config.",webapp/src/app/(admin)/admin/network/page.tsx,Ad/filter/routing product work must remain explicit and reversible.,Playwright admin-gate; source-code user-story audit. Direct refs: webapp/e2e/admin-gate.spec.ts; tests/test_admin_webapp_smoke.py; tests/test_network_rollout_api.py.,Retest passed,PASS 2026-06-26: npx.cmd playwright test e2e/admin-gate.spec.ts (19/19).,,No fix needed,Passed 2026-06-26,,Keep covered in regression suite,2026-06-27
WEBAPP-ADM-030,WebApp and Admin,docs\developer\webapp-feature-user-stories.xlsx,ADM-030,Admin broadcast,/admin/broadcast,Broadcast send,"As an operator, I can send a targeted or segmented broadcast with explicit limits.","Broadcast page captures segment/limit/tg_ids/text, requires non-empty text, calls broadcast API, and reports sent/skipped/failed totals.",webapp/src/app/(admin)/admin/broadcast/page.tsx,Messaging must be explicit and auditable.,Playwright admin-gate; source-code user-story audit. Direct refs: webapp/e2e/admin-gate.spec.ts; tests/test_admin_webapp_smoke.py; tests/test_backend_route_gap_coverage.py.,Retest passed,PASS 2026-06-26: npx.cmd playwright test e2e/admin-gate.spec.ts (19/19).,,No fix needed,Passed 2026-06-26,,Keep covered in regression suite,2026-06-27
WEBAPP-ADM-031,WebApp and Admin,docs\developer\webapp-feature-user-stories.xlsx,ADM-031,Admin broadcast,/admin/broadcast,Retention templates,"As an operator, I can create or update retention message templates.","Template cards show existing/missing state, open create/edit dialog, validate non-empty text, create or update by key, and reload templates.",webapp/src/app/(admin)/admin/broadcast/page.tsx,Copy should preserve POKROV release honesty.,Playwright admin-gate; source-code user-story audit. Direct refs: webapp/e2e/admin-gate.spec.ts; tests/test_admin_webapp_smoke.py; tests/test_worker_retention.py.,Retest passed,PASS 2026-06-26: npx.cmd playwright test e2e/admin-gate.spec.ts (19/19).,,No fix needed,Passed 2026-06-26,,Keep covered in regression suite,2026-06-27
WEBAPP-ADM-032,WebApp and Admin,docs\developer\webapp-feature-user-stories.xlsx,ADM-032,Admin broadcast,/admin/broadcast,Live updates,"As an operator, I can create, edit, deactivate, or delete backend-owned live update notices.","Live update dialog captures title/summary/link/sort order or active state, persists create/update/delete, reloads rows, and opens links externally.",webapp/src/app/(admin)/admin/broadcast/page.tsx,"Dynamic app notices are backend-owned JSON, not arbitrary HTML/JS.",Playwright admin-gate; source-code user-story audit. Direct refs: webapp/e2e/admin-gate.spec.ts; tests/test_admin_webapp_smoke.py; tests/test_api_payments_callbacks.py.,Retest passed,PASS 2026-06-26: npx.cmd playwright test e2e/admin-gate.spec.ts (19/19).,,No fix needed,Passed 2026-06-26,,Keep covered in regression suite,2026-06-27
WEBAPP-ADM-033,WebApp and Admin,docs\developer\webapp-feature-user-stories.xlsx,ADM-033,Admin tickets,/admin/tickets,Ticket queue triage,"As an operator, I can filter support tickets, select a ticket, and inspect the conversation.","Tickets page filters by status, loads up to 80 tickets, preserves/chooses selection, shows empty states, and renders messages with sender/status metadata.",webapp/src/app/(admin)/admin/tickets/page.tsx,Web admin is primary support surface; Telegram support is fallback-only.,Playwright admin-gate; source-code user-story audit. Direct refs: webapp/e2e/admin-gate.spec.ts; tests/test_admin_webapp_smoke.py; tests/test_api_auth_and_tickets.py.,Retest passed,PASS 2026-06-26: npx.cmd playwright test e2e/admin-gate.spec.ts (19/19).,,No fix needed,Passed 2026-06-26,,Keep covered in regression suite,2026-06-27
WEBAPP-ADM-034,WebApp and Admin,docs\developer\webapp-feature-user-stories.xlsx,ADM-034,Admin tickets,/admin/tickets,Ticket reply and status,"As an operator, I can insert reply macros, send replies, use Ctrl/Cmd+Enter, and update ticket status.","Reply requires non-empty body, macros append text, status buttons call stable API status codes, updates replace selected ticket, and reply clears after success.",webapp/src/app/(admin)/admin/tickets/page.tsx,Support lifecycle must be async and auditable.,Playwright admin-gate; source-code user-story audit. Direct refs: webapp/e2e/admin-gate.spec.ts; tests/test_admin_webapp_smoke.py; tests/test_api_auth_and_tickets.py.,Retest passed,PASS 2026-06-26: npx.cmd playwright test e2e/admin-gate.spec.ts (19/19).,,No fix needed,Passed 2026-06-26,,Keep covered in regression suite,2026-06-27
MARKETING-ML-001,Marketing site,docs/audit-artifacts/source-trackers/2026-06-27/marketing-landing-user-story-tracker.xlsx,ML-001,Home,/,Home route metadata and structured data,"As a search or social visitor, I want the home page to expose canonical metadata and product facts so that previews and indexing represent POKROV accurately.","The home page uses buildMarketingMetadata with canonical / and Russian title/description, root layout emits global Organization/WebSite JSON-LD, and the home component emits SoftwareApplication and FAQ JSON-LD.",marketing/src/app/page.tsx; marketing/src/app/layout.tsx; marketing/src/lib/marketing-site.ts,"Imported priority P0. Use POKROV public marketing canon: app-first identity, consumer-first UX, visible VPN wording only on genuine SEO/search-intent surfaces, no hidden/cloaked/stuffed copy, no unsupported best/store/stable/signing/RU-readiness/payment-maturity claims, and install/checkout links must match outside-store beta evidence.",Source + browser metadata Direct refs: tests/test_marketing_story_contracts.py; tests/test_marketing_release_readiness.py; tests/test_public_copy_guardrails.py; tests/test_frontend_text_integrity.py; tests/test_ui_visual_smoke.py.,Retest passed,Pass in first browser/source pass.,,No code fix required in this pass.,"Pass: post-fix build, responsive, browser, or source guardrail coverage remained green.",,Keep covered in regression suite,2026-06-27
MARKETING-ML-002,Marketing site,docs/audit-artifacts/source-trackers/2026-06-27/marketing-landing-user-story-tracker.xlsx,ML-002,Home,/,Topbar brand home link,"As a visitor, I want the POKROV mark in the topbar to return me to the home page.",The topbar renders MarketingBrandLogo and the POKROV wordmark inside a Next Link to /.,marketing/src/components/layout/topbar.tsx; marketing/src/components/marketing-brand-logo.tsx,"Imported priority P1. Use POKROV public marketing canon: app-first identity, consumer-first UX, visible VPN wording only on genuine SEO/search-intent surfaces, no hidden/cloaked/stuffed copy, no unsupported best/store/stable/signing/RU-readiness/payment-maturity claims, and install/checkout links must match outside-store beta evidence.",Browser interaction Direct refs: tests/test_marketing_story_contracts.py; tests/test_marketing_release_readiness.py; tests/test_public_copy_guardrails.py; tests/test_frontend_text_integrity.py; tests/test_ui_visual_smoke.py.,Retest passed,Pass in first browser/source pass.,,No code fix required in this pass.,"Pass: post-fix build, responsive, browser, or source guardrail coverage remained green.",,Keep covered in regression suite,2026-06-27
MARKETING-ML-003,Marketing site,docs/audit-artifacts/source-trackers/2026-06-27/marketing-landing-user-story-tracker.xlsx,ML-003,Home,/,Desktop section navigation,"As a visitor scanning the page, I want top navigation links that jump to the major sections.","Desktop nav exposes anchors #features, #how-it-works, #pricing, and #faq with aria-label navigation.",marketing/src/components/layout/page-shell.tsx; marketing/src/components/layout/topbar.tsx; marketing/src/components/home/services-grid.tsx; marketing/src/components/home/pricing.tsx; marketing/src/components/home/faq.tsx,"Imported priority P1. Use POKROV public marketing canon: app-first identity, consumer-first UX, visible VPN wording only on genuine SEO/search-intent surfaces, no hidden/cloaked/stuffed copy, no unsupported best/store/stable/signing/RU-readiness/payment-maturity claims, and install/checkout links must match outside-store beta evidence.",Browser interaction Direct refs: tests/test_marketing_story_contracts.py; tests/test_marketing_release_readiness.py; tests/test_public_copy_guardrails.py; tests/test_frontend_text_integrity.py; tests/test_ui_visual_smoke.py.,Retest passed,Pass in first browser/source pass.,,No code fix required in this pass.,"Pass: post-fix build, responsive, browser, or source guardrail coverage remained green.",,Keep covered in regression suite,2026-06-27
MARKETING-ML-004,Marketing site,docs/audit-artifacts/source-trackers/2026-06-27/marketing-landing-user-story-tracker.xlsx,ML-004,Home,/,Topbar cabinet link,"As an existing user, I want a clear path from the marketing home page to my cabinet.",The desktop topbar renders an external cabinet href from CANONICAL_WEBAPP_URL and opens it through the shared PageShell labels.,marketing/src/components/layout/page-shell.tsx; marketing/src/components/layout/topbar.tsx; shared/public-urls.json,"Imported priority P1. Use POKROV public marketing canon: app-first identity, consumer-first UX, visible VPN wording only on genuine SEO/search-intent surfaces, no hidden/cloaked/stuffed copy, no unsupported best/store/stable/signing/RU-readiness/payment-maturity claims, and install/checkout links must match outside-store beta evidence.",Browser link audit Direct refs: tests/test_marketing_story_contracts.py; tests/test_marketing_release_readiness.py; tests/test_public_copy_guardrails.py; tests/test_frontend_text_integrity.py; tests/test_ui_visual_smoke.py.,Retest passed,Pass in first browser/source pass.,,No code fix required in this pass.,"Pass: post-fix build, responsive, browser, or source guardrail coverage remained green.",,Keep covered in regression suite,2026-06-27
MARKETING-ML-005,Marketing site,docs/audit-artifacts/source-trackers/2026-06-27/marketing-landing-user-story-tracker.xlsx,ML-005,Home,/,Topbar install CTA,"As a new visitor, I want the primary topbar action to start installation rather than checkout.",The primary topbar CTA points to /install/ and is labeled for starting free access.,marketing/src/components/layout/page-shell.tsx; marketing/src/components/layout/topbar.tsx; marketing/src/lib/marketing-site.ts,"Imported priority P0. Use POKROV public marketing canon: app-first identity, consumer-first UX, visible VPN wording only on genuine SEO/search-intent surfaces, no hidden/cloaked/stuffed copy, no unsupported best/store/stable/signing/RU-readiness/payment-maturity claims, and install/checkout links must match outside-store beta evidence.",Browser link audit Direct refs: tests/test_marketing_story_contracts.py; tests/test_marketing_release_readiness.py; tests/test_public_copy_guardrails.py; tests/test_frontend_text_integrity.py; tests/test_ui_visual_smoke.py.,Retest passed,Pass in first browser/source pass.,,No code fix required in this pass.,"Pass: post-fix build, responsive, browser, or source guardrail coverage remained green.",,Keep covered in regression suite,2026-06-27
MARKETING-ML-006,Marketing site,docs/audit-artifacts/source-trackers/2026-06-27/marketing-landing-user-story-tracker.xlsx,ML-006,Home,/,Mobile menu open state,"As a mobile visitor, I want a menu button that opens a full menu without shifting the page unexpectedly.","At mobile widths the menu button toggles menuOpen, aria-expanded reflects state, and the AnimatePresence mobile nav opens without routing away.",marketing/src/components/layout/topbar.tsx; marketing/src/app/globals.css,"Imported priority P0. Use POKROV public marketing canon: app-first identity, consumer-first UX, visible VPN wording only on genuine SEO/search-intent surfaces, no hidden/cloaked/stuffed copy, no unsupported best/store/stable/signing/RU-readiness/payment-maturity claims, and install/checkout links must match outside-store beta evidence.",Browser interaction Direct refs: tests/test_marketing_story_contracts.py; tests/test_marketing_release_readiness.py; tests/test_public_copy_guardrails.py; tests/test_frontend_text_integrity.py; tests/test_ui_visual_smoke.py.,Retest passed,Pass in first browser/source pass.,,No code fix required in this pass.,"Pass: post-fix build, responsive, browser, or source guardrail coverage remained green.",,Keep covered in regression suite,2026-06-27
MARKETING-ML-007,Marketing site,docs/audit-artifacts/source-trackers/2026-06-27/marketing-landing-user-story-tracker.xlsx,ML-007,Home,/,Mobile menu close paths,"As a mobile visitor, I want to close the menu by using Escape, the close button, backdrop, or a menu link.","Mobile nav links call setMenuOpen(false), and the same button toggles the menu closed.",marketing/src/components/layout/topbar.tsx,"Imported priority P0. Use POKROV public marketing canon: app-first identity, consumer-first UX, visible VPN wording only on genuine SEO/search-intent surfaces, no hidden/cloaked/stuffed copy, no unsupported best/store/stable/signing/RU-readiness/payment-maturity claims, and install/checkout links must match outside-store beta evidence.",Browser interaction Direct refs: tests/test_marketing_story_contracts.py; tests/test_marketing_release_readiness.py; tests/test_public_copy_guardrails.py; tests/test_frontend_text_integrity.py; tests/test_ui_visual_smoke.py.,Retest passed,Pass in first browser/source pass.,,No code fix required in this pass.,"Pass: post-fix build, responsive, browser, or source guardrail coverage remained green.",,Keep covered in regression suite,2026-06-27
MARKETING-ML-008,Marketing site,docs/audit-artifacts/source-trackers/2026-06-27/marketing-landing-user-story-tracker.xlsx,ML-008,Home,/,Hero primary CTA,"As a first-time visitor, I want the hero primary action to start the app-first installation flow.","The hero primary Button uses MARKETING_CANONICAL_PATHS.install, which is /install/.",marketing/src/components/home/hero.tsx; marketing/src/lib/marketing-site.ts,"Imported priority P0. Use POKROV public marketing canon: app-first identity, consumer-first UX, visible VPN wording only on genuine SEO/search-intent surfaces, no hidden/cloaked/stuffed copy, no unsupported best/store/stable/signing/RU-readiness/payment-maturity claims, and install/checkout links must match outside-store beta evidence.",Browser link audit Direct refs: tests/test_marketing_story_contracts.py; tests/test_marketing_release_readiness.py; tests/test_public_copy_guardrails.py; tests/test_frontend_text_integrity.py; tests/test_ui_visual_smoke.py.,Retest passed,Pass in first browser/source pass.,,No code fix required in this pass.,"Pass: post-fix build, responsive, browser, or source guardrail coverage remained green.",,Keep covered in regression suite,2026-06-27
MARKETING-ML-009,Marketing site,docs/audit-artifacts/source-trackers/2026-06-27/marketing-landing-user-story-tracker.xlsx,ML-009,Home,/,Hero secondary CTA,"As a cautious visitor, I want the hero secondary action to explain the flow before I install.",The hero secondary anchor points to #how-it-works.,marketing/src/components/home/hero.tsx,"Imported priority P1. Use POKROV public marketing canon: app-first identity, consumer-first UX, visible VPN wording only on genuine SEO/search-intent surfaces, no hidden/cloaked/stuffed copy, no unsupported best/store/stable/signing/RU-readiness/payment-maturity claims, and install/checkout links must match outside-store beta evidence.",Browser interaction Direct refs: tests/test_marketing_story_contracts.py; tests/test_marketing_release_readiness.py; tests/test_public_copy_guardrails.py; tests/test_frontend_text_integrity.py; tests/test_ui_visual_smoke.py.,Retest passed,PASS: Pass: focused pytest suite passed after fix.,D-001: stale test assertion contradicted current code/user-story behavior (#how-it-works). Initial result: Fail: release-readiness test expected the old #pricing hero secondary anchor.,Updated tests/test_marketing_release_readiness.py to assert #how-it-works.,Pass: focused pytest suite passed after fix.,,Keep covered in regression suite,2026-06-27
MARKETING-ML-010,Marketing site,docs/audit-artifacts/source-trackers/2026-06-27/marketing-landing-user-story-tracker.xlsx,ML-010,Home,/,Hero trust facts,"As a visitor comparing the offer, I want quick facts about trial, price, platforms, and devices.","Hero renders four facts from shared product facts and active tariff data: trial duration, starting price, Android + Windows, and device limit.",marketing/src/components/home/hero.tsx; shared/product-facts.json; shared/tariff-catalog.json,"Imported priority P1. Use POKROV public marketing canon: app-first identity, consumer-first UX, visible VPN wording only on genuine SEO/search-intent surfaces, no hidden/cloaked/stuffed copy, no unsupported best/store/stable/signing/RU-readiness/payment-maturity claims, and install/checkout links must match outside-store beta evidence.",Browser content Direct refs: tests/test_marketing_story_contracts.py; tests/test_marketing_release_readiness.py; tests/test_public_copy_guardrails.py; tests/test_frontend_text_integrity.py; tests/test_ui_visual_smoke.py.,Retest passed,Pass in first browser/source pass.,,No code fix required in this pass.,"Pass: post-fix build, responsive, browser, or source guardrail coverage remained green.",,Keep covered in regression suite,2026-06-27
MARKETING-ML-011,Marketing site,docs/audit-artifacts/source-trackers/2026-06-27/marketing-landing-user-story-tracker.xlsx,ML-011,Home,/,Hero app preview,"As a visitor, I want the hero visual to show what the app state looks like before I commit.",HeroVisual renders the current POKROV hero visual with app-state labels and platform/status elements without claiming store or stable release readiness.,marketing/src/components/home/hero.tsx; marketing/src/components/home/hero-visual.tsx; marketing/src/app/globals.css,"Imported priority P2. Use POKROV public marketing canon: app-first identity, consumer-first UX, visible VPN wording only on genuine SEO/search-intent surfaces, no hidden/cloaked/stuffed copy, no unsupported best/store/stable/signing/RU-readiness/payment-maturity claims, and install/checkout links must match outside-store beta evidence.",Browser visual Direct refs: tests/test_marketing_story_contracts.py; tests/test_marketing_release_readiness.py; tests/test_public_copy_guardrails.py; tests/test_frontend_text_integrity.py; tests/test_ui_visual_smoke.py.,Retest passed,Pass in first browser/source pass.,,No code fix required in this pass.,"Pass: post-fix build, responsive, browser, or source guardrail coverage remained green.",,Keep covered in regression suite,2026-06-27
MARKETING-ML-012,Marketing site,docs/audit-artifacts/source-trackers/2026-06-27/marketing-landing-user-story-tracker.xlsx,ML-012,Home,/,Feature cards,"As a visitor, I want a concise list of what the service does.",ServicesGrid renders service/access cards and the TelegramBonus section covers support plus Telegram reward.,marketing/src/components/home/services-grid.tsx; marketing/src/components/home/telegram-bonus.tsx,"Imported priority P1. Use POKROV public marketing canon: app-first identity, consumer-first UX, visible VPN wording only on genuine SEO/search-intent surfaces, no hidden/cloaked/stuffed copy, no unsupported best/store/stable/signing/RU-readiness/payment-maturity claims, and install/checkout links must match outside-store beta evidence.",Browser content Direct refs: tests/test_marketing_story_contracts.py; tests/test_marketing_release_readiness.py; tests/test_public_copy_guardrails.py; tests/test_frontend_text_integrity.py; tests/test_ui_visual_smoke.py.,Retest passed,Pass in first browser/source pass.,,No code fix required in this pass.,"Pass: post-fix build, responsive, browser, or source guardrail coverage remained green.",,Keep covered in regression suite,2026-06-27
MARKETING-ML-013,Marketing site,docs/audit-artifacts/source-trackers/2026-06-27/marketing-landing-user-story-tracker.xlsx,ML-013,Home,/,Reveal animation safety,"As a visitor with slow JavaScript or reduced motion, I want content to remain visible.","Reveal starts hidden only as a reveal wrapper, marks items visible on intersection, falls back to visible when IntersectionObserver is unavailable, and reduced-motion styles collapse movement.",marketing/src/components/motion/reveal.tsx; marketing/src/app/globals.css,"Imported priority P1. Use POKROV public marketing canon: app-first identity, consumer-first UX, visible VPN wording only on genuine SEO/search-intent surfaces, no hidden/cloaked/stuffed copy, no unsupported best/store/stable/signing/RU-readiness/payment-maturity claims, and install/checkout links must match outside-store beta evidence.",Source + browser content Direct refs: tests/test_marketing_story_contracts.py; tests/test_marketing_release_readiness.py; tests/test_public_copy_guardrails.py; tests/test_frontend_text_integrity.py; tests/test_ui_visual_smoke.py.,Retest passed,Pass after source-accurate scroll check.,Full-page screenshot captured off-screen reveal sections before scroll; not a user-facing failure.,No product code change required.,"Pass: after scrolling to features, wrapper/card opacity was effectively 1.",,Keep covered in regression suite,2026-06-27
MARKETING-ML-014,Marketing site,docs/audit-artifacts/source-trackers/2026-06-27/marketing-landing-user-story-tracker.xlsx,ML-014,Home,/,App flow showcase,"As a visitor, I want to see the app flow before installing.","Showcase renders the current app-flow scroller/slides for connect, route/location, account, and Windows states with stable labels and visual states.",marketing/src/components/home/showcase.tsx; marketing/src/components/home/showcase-scroller.tsx; marketing/src/app/globals.css,"Imported priority P2. Use POKROV public marketing canon: app-first identity, consumer-first UX, visible VPN wording only on genuine SEO/search-intent surfaces, no hidden/cloaked/stuffed copy, no unsupported best/store/stable/signing/RU-readiness/payment-maturity claims, and install/checkout links must match outside-store beta evidence.",Browser visual Direct refs: tests/test_marketing_story_contracts.py; tests/test_marketing_release_readiness.py; tests/test_public_copy_guardrails.py; tests/test_frontend_text_integrity.py; tests/test_ui_visual_smoke.py.,Retest passed,Pass in first browser/source pass.,,No code fix required in this pass.,"Pass: post-fix build, responsive, browser, or source guardrail coverage remained green.",,Keep covered in regression suite,2026-06-27
MARKETING-ML-015,Marketing site,docs/audit-artifacts/source-trackers/2026-06-27/marketing-landing-user-story-tracker.xlsx,ML-015,Home,/,How-it-works steps,"As a new user, I want to understand the path from install to paid continuation.","The HOW_IT_WORKS array renders four ordered steps: install, enter app, connect, continue from cabinet or checkout.",marketing/src/components/home/steps.tsx,"Imported priority P1. Use POKROV public marketing canon: app-first identity, consumer-first UX, visible VPN wording only on genuine SEO/search-intent surfaces, no hidden/cloaked/stuffed copy, no unsupported best/store/stable/signing/RU-readiness/payment-maturity claims, and install/checkout links must match outside-store beta evidence.",Browser content Direct refs: tests/test_marketing_story_contracts.py; tests/test_marketing_release_readiness.py; tests/test_public_copy_guardrails.py; tests/test_frontend_text_integrity.py; tests/test_ui_visual_smoke.py.,Retest passed,Pass in first browser/source pass.,,No code fix required in this pass.,"Pass: post-fix build, responsive, browser, or source guardrail coverage remained green.",,Keep covered in regression suite,2026-06-27
MARKETING-ML-016,Marketing site,docs/audit-artifacts/source-trackers/2026-06-27/marketing-landing-user-story-tracker.xlsx,ML-016,Home,/,Pricing plan eligibility,"As a buyer, I want only checkout-ready plans shown on the landing page.","Pricing filters active tariff plans from getTariffPlans(), sorts by sort_order, and no longer limits the public pricing grid to start_99 only.",marketing/src/components/home/pricing.tsx; shared/tariff-catalog.json,"Imported priority P0. Use POKROV public marketing canon: app-first identity, consumer-first UX, visible VPN wording only on genuine SEO/search-intent surfaces, no hidden/cloaked/stuffed copy, no unsupported best/store/stable/signing/RU-readiness/payment-maturity claims, and install/checkout links must match outside-store beta evidence.",Source + browser content Direct refs: tests/test_marketing_story_contracts.py; tests/test_marketing_release_readiness.py; tests/test_public_copy_guardrails.py; tests/test_frontend_text_integrity.py; tests/test_ui_visual_smoke.py.,Retest passed,Pass in first browser/source pass.,,No code fix required in this pass.,"Pass: post-fix build, responsive, browser, or source guardrail coverage remained green.",,Keep covered in regression suite,2026-06-27
MARKETING-ML-017,Marketing site,docs/audit-artifacts/source-trackers/2026-06-27/marketing-landing-user-story-tracker.xlsx,ML-017,Home,/,Pricing checkout CTA,"As a buyer with intent, I want the pricing CTA to open checkout for the shown plan.",Each active pricing card CTA links to /checkout/?plan=<plan.code> through MARKETING_CANONICAL_PATHS.checkout.,marketing/src/components/home/pricing.tsx; marketing/src/lib/marketing-site.ts,"Imported priority P0. Use POKROV public marketing canon: app-first identity, consumer-first UX, visible VPN wording only on genuine SEO/search-intent surfaces, no hidden/cloaked/stuffed copy, no unsupported best/store/stable/signing/RU-readiness/payment-maturity claims, and install/checkout links must match outside-store beta evidence.",Browser link audit Direct refs: tests/test_marketing_story_contracts.py; tests/test_marketing_release_readiness.py; tests/test_public_copy_guardrails.py; tests/test_frontend_text_integrity.py; tests/test_ui_visual_smoke.py.,Retest passed,Pass in first browser/source pass.,,No code fix required in this pass.,"Pass: post-fix build, responsive, browser, or source guardrail coverage remained green.",,Keep covered in regression suite,2026-06-27
MARKETING-ML-018,Marketing site,docs/audit-artifacts/source-trackers/2026-06-27/marketing-landing-user-story-tracker.xlsx,ML-018,Home,/,FAQ section,"As a visitor with common objections, I want visible answers without leaving the page.",Faq renders code-defined MARKETING_FAQ items using native details/summary semantics and has id=faq.,marketing/src/components/home/faq.tsx; marketing/src/lib/marketing-site.ts,"Imported priority P1. Use POKROV public marketing canon: app-first identity, consumer-first UX, visible VPN wording only on genuine SEO/search-intent surfaces, no hidden/cloaked/stuffed copy, no unsupported best/store/stable/signing/RU-readiness/payment-maturity claims, and install/checkout links must match outside-store beta evidence.",Browser interaction Direct refs: tests/test_marketing_story_contracts.py; tests/test_marketing_release_readiness.py; tests/test_public_copy_guardrails.py; tests/test_frontend_text_integrity.py; tests/test_ui_visual_smoke.py.,Retest passed,Pass in first browser/source pass.,,No code fix required in this pass.,"Pass: post-fix build, responsive, browser, or source guardrail coverage remained green.",,Keep covered in regression suite,2026-06-27
MARKETING-ML-019,Marketing site,docs/audit-artifacts/source-trackers/2026-06-27/marketing-landing-user-story-tracker.xlsx,ML-019,Home,/,Final CTA split,"As a visitor reaching the bottom, I want install as the main action and checkout as the secondary action.",FinalCta keeps install as the primary action and support as the secondary help path.,marketing/src/components/home/final-cta.tsx,"Imported priority P0. Use POKROV public marketing canon: app-first identity, consumer-first UX, visible VPN wording only on genuine SEO/search-intent surfaces, no hidden/cloaked/stuffed copy, no unsupported best/store/stable/signing/RU-readiness/payment-maturity claims, and install/checkout links must match outside-store beta evidence.",Browser link audit Direct refs: tests/test_marketing_story_contracts.py; tests/test_marketing_release_readiness.py; tests/test_public_copy_guardrails.py; tests/test_frontend_text_integrity.py; tests/test_ui_visual_smoke.py.,Retest passed,PASS: Pass: focused pytest suite passed after fix.,D-001: stale test assertion ignored current final CTA style and install-before-checkout order. Initial result: Fail: release-readiness test expected the old btnPill final CTA class.,Updated tests/test_marketing_release_readiness.py to assert install appears before checkout and styles.btnLight is used.,Pass: focused pytest suite passed after fix.,,Keep covered in regression suite,2026-06-27
MARKETING-ML-020,Marketing site,docs/audit-artifacts/source-trackers/2026-06-27/marketing-landing-user-story-tracker.xlsx,ML-020,Home,/,Footer navigation,"As a visitor, I want footer links for install, page sections, cabinet, support, news, offer, and privacy.","Footer renders links to /install/, #features, #pricing, app cabinet URL, Telegram support/news URLs, /offer/, and /privacy/.",marketing/src/components/layout/footer.tsx; shared/public-urls.json,"Imported priority P1. Use POKROV public marketing canon: app-first identity, consumer-first UX, visible VPN wording only on genuine SEO/search-intent surfaces, no hidden/cloaked/stuffed copy, no unsupported best/store/stable/signing/RU-readiness/payment-maturity claims, and install/checkout links must match outside-store beta evidence.",Browser link audit Direct refs: tests/test_marketing_story_contracts.py; tests/test_marketing_release_readiness.py; tests/test_public_copy_guardrails.py; tests/test_frontend_text_integrity.py; tests/test_ui_visual_smoke.py.,Retest passed,Pass in first browser/source pass.,,No code fix required in this pass.,"Pass: post-fix build, responsive, browser, or source guardrail coverage remained green.",,Keep covered in regression suite,2026-06-27
MARKETING-ML-021,Marketing site,docs/audit-artifacts/source-trackers/2026-06-27/marketing-landing-user-story-tracker.xlsx,ML-021,Scenario landing,/mobile/,Mobile scenario page,"As a mobile-search visitor, I want a route-specific page for phone setup.","The /mobile/ page uses IntentLanding with mobile title, description, breadcrumbs, scenario cards, shared steps/pricing, install CTA, and related links.",marketing/src/app/mobile/page.tsx; marketing/src/components/intent/intent-landing.tsx,"Imported priority P1. Use POKROV public marketing canon: app-first identity, consumer-first UX, visible VPN wording only on genuine SEO/search-intent surfaces, no hidden/cloaked/stuffed copy, no unsupported best/store/stable/signing/RU-readiness/payment-maturity claims, and install/checkout links must match outside-store beta evidence.",Browser content Direct refs: tests/test_marketing_story_contracts.py; tests/test_marketing_release_readiness.py; tests/test_public_copy_guardrails.py; tests/test_frontend_text_integrity.py; tests/test_ui_visual_smoke.py.,Retest passed,Pass in first browser/source pass.,,No code fix required in this pass.,"Pass: post-fix build, responsive, browser, or source guardrail coverage remained green.",,Keep covered in regression suite,2026-06-27
MARKETING-ML-022,Marketing site,docs/audit-artifacts/source-trackers/2026-06-27/marketing-landing-user-story-tracker.xlsx,ML-022,Scenario landing,/youtube/,YouTube scenario page,"As a visitor looking for YouTube access help, I want page copy that explains the POKROV path honestly.","The /youtube/ page uses IntentLanding with route-specific metadata, breadcrumbs, install CTA, shared pricing, and related pages.",marketing/src/app/youtube/page.tsx; marketing/src/components/intent/intent-landing.tsx,"Imported priority P1. Use POKROV public marketing canon: app-first identity, consumer-first UX, visible VPN wording only on genuine SEO/search-intent surfaces, no hidden/cloaked/stuffed copy, no unsupported best/store/stable/signing/RU-readiness/payment-maturity claims, and install/checkout links must match outside-store beta evidence.",Browser content Direct refs: tests/test_marketing_story_contracts.py; tests/test_marketing_release_readiness.py; tests/test_public_copy_guardrails.py; tests/test_frontend_text_integrity.py; tests/test_ui_visual_smoke.py.,Retest passed,Pass in first browser/source pass.,,No code fix required in this pass.,"Pass: post-fix build, responsive, browser, or source guardrail coverage remained green.",,Keep covered in regression suite,2026-06-27
MARKETING-ML-023,Marketing site,docs/audit-artifacts/source-trackers/2026-06-27/marketing-landing-user-story-tracker.xlsx,ML-023,Scenario landing,/tiktok/,TikTok scenario page,"As a visitor looking for TikTok access help, I want page copy and actions specific to that scenario.","The /tiktok/ page uses IntentLanding with route-specific metadata, breadcrumbs, install CTA, shared pricing, and related pages.",marketing/src/app/tiktok/page.tsx; marketing/src/components/intent/intent-landing.tsx,"Imported priority P1. Use POKROV public marketing canon: app-first identity, consumer-first UX, visible VPN wording only on genuine SEO/search-intent surfaces, no hidden/cloaked/stuffed copy, no unsupported best/store/stable/signing/RU-readiness/payment-maturity claims, and install/checkout links must match outside-store beta evidence.",Browser content Direct refs: tests/test_marketing_story_contracts.py; tests/test_marketing_release_readiness.py; tests/test_public_copy_guardrails.py; tests/test_frontend_text_integrity.py; tests/test_ui_visual_smoke.py.,Retest passed,Pass in first browser/source pass.,,No code fix required in this pass.,"Pass: post-fix build, responsive, browser, or source guardrail coverage remained green.",,Keep covered in regression suite,2026-06-27
MARKETING-ML-024,Marketing site,docs/audit-artifacts/source-trackers/2026-06-27/marketing-landing-user-story-tracker.xlsx,ML-024,Scenario landing,/telegram/,Telegram scenario page,"As a visitor focused on Telegram, I want route-specific copy and the same app-first actions.","The /telegram/ page uses IntentLanding with route-specific metadata, breadcrumbs, install CTA, shared pricing, and related pages.",marketing/src/app/telegram/page.tsx; marketing/src/components/intent/intent-landing.tsx,"Imported priority P1. Use POKROV public marketing canon: app-first identity, consumer-first UX, visible VPN wording only on genuine SEO/search-intent surfaces, no hidden/cloaked/stuffed copy, no unsupported best/store/stable/signing/RU-readiness/payment-maturity claims, and install/checkout links must match outside-store beta evidence.",Browser content Direct refs: tests/test_marketing_story_contracts.py; tests/test_marketing_release_readiness.py; tests/test_public_copy_guardrails.py; tests/test_frontend_text_integrity.py; tests/test_ui_visual_smoke.py.,Retest passed,Pass in first browser/source pass.,,No code fix required in this pass.,"Pass: post-fix build, responsive, browser, or source guardrail coverage remained green.",,Keep covered in regression suite,2026-06-27
MARKETING-ML-025,Marketing site,docs/audit-artifacts/source-trackers/2026-06-27/marketing-landing-user-story-tracker.xlsx,ML-025,Scenario landing,/devices/,Devices scenario page,"As a visitor comparing supported devices, I want route-specific Android and Windows guidance.","The /devices/ page uses IntentLanding with device metadata, breadcrumbs, install CTA, shared pricing, and related pages.",marketing/src/app/devices/page.tsx; marketing/src/components/intent/intent-landing.tsx,"Imported priority P1. Use POKROV public marketing canon: app-first identity, consumer-first UX, visible VPN wording only on genuine SEO/search-intent surfaces, no hidden/cloaked/stuffed copy, no unsupported best/store/stable/signing/RU-readiness/payment-maturity claims, and install/checkout links must match outside-store beta evidence.",Browser content Direct refs: tests/test_marketing_story_contracts.py; tests/test_marketing_release_readiness.py; tests/test_public_copy_guardrails.py; tests/test_frontend_text_integrity.py; tests/test_ui_visual_smoke.py.,Retest passed,Pass in first browser/source pass.,,No code fix required in this pass.,"Pass: post-fix build, responsive, browser, or source guardrail coverage remained green.",,Keep covered in regression suite,2026-06-27
MARKETING-ML-026,Marketing site,docs/audit-artifacts/source-trackers/2026-06-27/marketing-landing-user-story-tracker.xlsx,ML-026,Scenario landing,/mobile/ /devices/ /youtube/ /tiktok/ /telegram/,Scenario page shell and motion,"As a visitor on a scenario landing page, I want the shared shell and motion to behave consistently without a legacy theme layer.","IntentLanding uses PageShell, Reveal/Stagger, shared global styles, and no legacy theme-toggle contract.",marketing/src/components/intent/intent-landing.tsx; marketing/src/components/layout/page-shell.tsx; marketing/src/components/motion/reveal.tsx; marketing/src/app/globals.css,"Imported priority P2. Use POKROV public marketing canon: app-first identity, consumer-first UX, visible VPN wording only on genuine SEO/search-intent surfaces, no hidden/cloaked/stuffed copy, no unsupported best/store/stable/signing/RU-readiness/payment-maturity claims, and install/checkout links must match outside-store beta evidence.",Browser interaction Direct refs: tests/test_marketing_story_contracts.py; tests/test_marketing_release_readiness.py; tests/test_public_copy_guardrails.py; tests/test_frontend_text_integrity.py; tests/test_ui_visual_smoke.py.,Retest passed,Pass in first browser/source pass.,,No code fix required in this pass.,"Pass: post-fix build, responsive, browser, or source guardrail coverage remained green.",,Keep covered in regression suite,2026-06-27
MARKETING-ML-027,Marketing site,docs/audit-artifacts/source-trackers/2026-06-27/marketing-landing-user-story-tracker.xlsx,ML-027,Scenario landing,/mobile/ /devices/ /youtube/ /tiktok/ /telegram/,Scenario page CTAs,"As a visitor on any scenario page, I want install as the main action and checkout as an explicit paid continuation.",IntentLanding renders install CTA to /install/ and the shared Pricing section exposes checkout CTAs for active plans.,marketing/src/components/intent/intent-landing.tsx; marketing/src/components/home/pricing.tsx,"Imported priority P0. Use POKROV public marketing canon: app-first identity, consumer-first UX, visible VPN wording only on genuine SEO/search-intent surfaces, no hidden/cloaked/stuffed copy, no unsupported best/store/stable/signing/RU-readiness/payment-maturity claims, and install/checkout links must match outside-store beta evidence.",Browser link audit Direct refs: tests/test_marketing_story_contracts.py; tests/test_marketing_release_readiness.py; tests/test_public_copy_guardrails.py; tests/test_frontend_text_integrity.py; tests/test_ui_visual_smoke.py.,Retest passed,Pass in first browser/source pass.,,No code fix required in this pass.,"Pass: post-fix build, responsive, browser, or source guardrail coverage remained green.",,Keep covered in regression suite,2026-06-27
MARKETING-ML-028,Marketing site,docs/audit-artifacts/source-trackers/2026-06-27/marketing-landing-user-story-tracker.xlsx,ML-028,Scenario landing,/mobile/ /devices/ /youtube/ /tiktok/ /telegram/,Scenario FAQs,"As a visitor on a scenario page, I want FAQ answers that expand with native controls.",Scenario pages reuse shared pricing/steps and structured data; FAQs live in shared home/VPN surfaces rather than a legacy MarketingLanding details block.,marketing/src/components/intent/intent-landing.tsx; marketing/src/lib/marketing-site.ts,"Imported priority P1. Use POKROV public marketing canon: app-first identity, consumer-first UX, visible VPN wording only on genuine SEO/search-intent surfaces, no hidden/cloaked/stuffed copy, no unsupported best/store/stable/signing/RU-readiness/payment-maturity claims, and install/checkout links must match outside-store beta evidence.",Browser interaction Direct refs: tests/test_marketing_story_contracts.py; tests/test_marketing_release_readiness.py; tests/test_public_copy_guardrails.py; tests/test_frontend_text_integrity.py; tests/test_ui_visual_smoke.py.,Retest passed,Pass in first browser/source pass.,,No code fix required in this pass.,"Pass: post-fix build, responsive, browser, or source guardrail coverage remained green.",,Keep covered in regression suite,2026-06-27
MARKETING-ML-029,Marketing site,docs/audit-artifacts/source-trackers/2026-06-27/marketing-landing-user-story-tracker.xlsx,ML-029,Scenario landing,/mobile/ /devices/ /youtube/ /tiktok/ /telegram/,Related page cross-links,"As a visitor, I want related scenario links that do not point to the page I am already viewing.",IntentLanding filters related pages by pagePath before rendering related links.,marketing/src/components/intent/intent-landing.tsx; marketing/src/lib/marketing-site.ts,"Imported priority P2. Use POKROV public marketing canon: app-first identity, consumer-first UX, visible VPN wording only on genuine SEO/search-intent surfaces, no hidden/cloaked/stuffed copy, no unsupported best/store/stable/signing/RU-readiness/payment-maturity claims, and install/checkout links must match outside-store beta evidence.",Browser link audit Direct refs: tests/test_marketing_story_contracts.py; tests/test_marketing_release_readiness.py; tests/test_public_copy_guardrails.py; tests/test_frontend_text_integrity.py; tests/test_ui_visual_smoke.py.,Retest passed,Pass in first browser/source pass.,,No code fix required in this pass.,"Pass: post-fix build, responsive, browser, or source guardrail coverage remained green.",,Keep covered in regression suite,2026-06-27
MARKETING-ML-030,Marketing site,docs/audit-artifacts/source-trackers/2026-06-27/marketing-landing-user-story-tracker.xlsx,ML-030,SEO landing,/vpn/,VPN search-intent copy,"As a VPN-search visitor, I want the page to use my search language while staying honest about beta status and fit.","The /vpn/ page visibly uses VPN and Vpn terms for search intent, says POKROV is not best for everyone, and keeps beta/platform claims constrained.",marketing/src/app/vpn/page.tsx; AGENTS.md public wording rule,"Imported priority P0. Use POKROV public marketing canon: app-first identity, consumer-first UX, visible VPN wording only on genuine SEO/search-intent surfaces, no hidden/cloaked/stuffed copy, no unsupported best/store/stable/signing/RU-readiness/payment-maturity claims, and install/checkout links must match outside-store beta evidence.",Browser content + source guardrail Direct refs: tests/test_marketing_story_contracts.py; tests/test_marketing_release_readiness.py; tests/test_public_copy_guardrails.py; tests/test_frontend_text_integrity.py; tests/test_ui_visual_smoke.py.,Retest passed,Pass in first browser/source pass.,,No code fix required in this pass.,"Pass: post-fix build, responsive, browser, or source guardrail coverage remained green.",,Keep covered in regression suite,2026-06-27
MARKETING-ML-031,Marketing site,docs/audit-artifacts/source-trackers/2026-06-27/marketing-landing-user-story-tracker.xlsx,ML-031,SEO landing,/vpn/,VPN metadata and JSON-LD,"As a search engine, I want canonical metadata and structured data for the dedicated VPN page.","The /vpn/ page has canonical /vpn/, route-specific keywords, breadcrumbs, Article JSON-LD, and FAQ JSON-LD.",marketing/src/app/vpn/page.tsx; marketing/src/lib/marketing-site.ts,"Imported priority P1. Use POKROV public marketing canon: app-first identity, consumer-first UX, visible VPN wording only on genuine SEO/search-intent surfaces, no hidden/cloaked/stuffed copy, no unsupported best/store/stable/signing/RU-readiness/payment-maturity claims, and install/checkout links must match outside-store beta evidence.",Source + browser metadata Direct refs: tests/test_marketing_story_contracts.py; tests/test_marketing_release_readiness.py; tests/test_public_copy_guardrails.py; tests/test_frontend_text_integrity.py; tests/test_ui_visual_smoke.py.,Retest passed,Pass in first browser/source pass.,,No code fix required in this pass.,"Pass: post-fix build, responsive, browser, or source guardrail coverage remained green.",,Keep covered in regression suite,2026-06-27
MARKETING-ML-032,Marketing site,docs/audit-artifacts/source-trackers/2026-06-27/marketing-landing-user-story-tracker.xlsx,ML-032,SEO landing,/vpn/,VPN page CTAs,"As a VPN-search visitor, I want app-first actions without being sent to raw connection endpoints.","The /vpn/ page links to /install/, /checkout/, and app cabinet URLs, and does not use connect.pokrov.space as a public acquisition CTA.",marketing/src/app/vpn/page.tsx; docs/operations/deployment-and-access.md,"Imported priority P0. Use POKROV public marketing canon: app-first identity, consumer-first UX, visible VPN wording only on genuine SEO/search-intent surfaces, no hidden/cloaked/stuffed copy, no unsupported best/store/stable/signing/RU-readiness/payment-maturity claims, and install/checkout links must match outside-store beta evidence.",Browser link audit + source guardrail Direct refs: tests/test_marketing_story_contracts.py; tests/test_marketing_release_readiness.py; tests/test_public_copy_guardrails.py; tests/test_frontend_text_integrity.py; tests/test_ui_visual_smoke.py.,Retest passed,Pass in first browser/source pass.,,No code fix required in this pass.,"Pass: post-fix build, responsive, browser, or source guardrail coverage remained green.",,Keep covered in regression suite,2026-06-27
MARKETING-ML-033,Marketing site,docs/audit-artifacts/source-trackers/2026-06-27/marketing-landing-user-story-tracker.xlsx,ML-033,Install,/install/,Install page noindex metadata,"As the operator, I want the install handoff page available to users without becoming an SEO landing.",Install metadata is built with noIndex=true and canonical /install/.,marketing/src/app/install/page.tsx,"Imported priority P1. Use POKROV public marketing canon: app-first identity, consumer-first UX, visible VPN wording only on genuine SEO/search-intent surfaces, no hidden/cloaked/stuffed copy, no unsupported best/store/stable/signing/RU-readiness/payment-maturity claims, and install/checkout links must match outside-store beta evidence.",Source + browser metadata Direct refs: tests/test_marketing_story_contracts.py; tests/test_marketing_release_readiness.py; tests/test_public_copy_guardrails.py; tests/test_frontend_text_integrity.py; tests/test_ui_visual_smoke.py.,Retest passed,Pass in first browser/source pass.,,No code fix required in this pass.,"Pass: post-fix build, responsive, browser, or source guardrail coverage remained green.",,Keep covered in regression suite,2026-06-27
MARKETING-ML-034,Marketing site,docs/audit-artifacts/source-trackers/2026-06-27/marketing-landing-user-story-tracker.xlsx,ML-034,Install,/install/,Platform download handoff,"As a user ready to install, I want Android and Windows actions that lead to the safest currently available handoff.","Platform cards link to cabinet downloads when env public binary URLs exist, otherwise they fall back to support/help; copy notes outside-store beta and Windows publisher limitations.",marketing/src/app/install/page.tsx; shared/portal-config.ts,"Imported priority P0. Use POKROV public marketing canon: app-first identity, consumer-first UX, visible VPN wording only on genuine SEO/search-intent surfaces, no hidden/cloaked/stuffed copy, no unsupported best/store/stable/signing/RU-readiness/payment-maturity claims, and install/checkout links must match outside-store beta evidence.",Browser link audit + content Direct refs: tests/test_marketing_story_contracts.py; tests/test_marketing_release_readiness.py; tests/test_public_copy_guardrails.py; tests/test_frontend_text_integrity.py; tests/test_ui_visual_smoke.py.,Retest passed,Pass in first browser/source pass.,,No code fix required in this pass.,"Pass: post-fix build, responsive, browser, or source guardrail coverage remained green.",,Keep covered in regression suite,2026-06-27
MARKETING-ML-035,Marketing site,docs/audit-artifacts/source-trackers/2026-06-27/marketing-landing-user-story-tracker.xlsx,ML-035,Install,/install/,Install support paths,"As a user blocked during install, I want obvious cabinet and support options.",Install page renders cabinet and support/news/bot links from public config.,marketing/src/app/install/page.tsx; shared/public-urls.json,"Imported priority P1. Use POKROV public marketing canon: app-first identity, consumer-first UX, visible VPN wording only on genuine SEO/search-intent surfaces, no hidden/cloaked/stuffed copy, no unsupported best/store/stable/signing/RU-readiness/payment-maturity claims, and install/checkout links must match outside-store beta evidence.",Browser link audit Direct refs: tests/test_marketing_story_contracts.py; tests/test_marketing_release_readiness.py; tests/test_public_copy_guardrails.py; tests/test_frontend_text_integrity.py; tests/test_ui_visual_smoke.py.,Retest passed,Pass in first browser/source pass.,,No code fix required in this pass.,"Pass: post-fix build, responsive, browser, or source guardrail coverage remained green.",,Keep covered in regression suite,2026-06-27
MARKETING-ML-036,Marketing site,docs/audit-artifacts/source-trackers/2026-06-27/marketing-landing-user-story-tracker.xlsx,ML-036,Checkout,/checkout/?plan=start_99,Checkout metadata and breadcrumb,"As a buyer, I want checkout to load with clear title and breadcrumb context.",Checkout page uses buildMarketingMetadata for /checkout/ and emits Breadcrumb JSON-LD.,marketing/src/app/checkout/page.tsx,"Imported priority P1. Use POKROV public marketing canon: app-first identity, consumer-first UX, visible VPN wording only on genuine SEO/search-intent surfaces, no hidden/cloaked/stuffed copy, no unsupported best/store/stable/signing/RU-readiness/payment-maturity claims, and install/checkout links must match outside-store beta evidence.",Source + browser metadata Direct refs: tests/test_marketing_story_contracts.py; tests/test_marketing_release_readiness.py; tests/test_public_copy_guardrails.py; tests/test_frontend_text_integrity.py; tests/test_ui_visual_smoke.py.,Retest passed,Pass in first browser/source pass.,,No code fix required in this pass.,"Pass: post-fix build, responsive, browser, or source guardrail coverage remained green.",,Keep covered in regression suite,2026-06-27
MARKETING-ML-037,Marketing site,docs/audit-artifacts/source-trackers/2026-06-27/marketing-landing-user-story-tracker.xlsx,ML-037,Checkout,/checkout/?plan=start_99,Checkout plan selection,"As a buyer, I want checkout to select a known public plan and avoid unavailable plans.","CheckoutClient starts from URL plan=start_99, uses fallback start_99, and keeps public active plan handling constrained.",marketing/src/app/checkout/checkout-client.tsx; shared/tariff-catalog.json,"Imported priority P0. Use POKROV public marketing canon: app-first identity, consumer-first UX, visible VPN wording only on genuine SEO/search-intent surfaces, no hidden/cloaked/stuffed copy, no unsupported best/store/stable/signing/RU-readiness/payment-maturity claims, and install/checkout links must match outside-store beta evidence.",Browser interaction Direct refs: tests/test_marketing_story_contracts.py; tests/test_marketing_release_readiness.py; tests/test_public_copy_guardrails.py; tests/test_frontend_text_integrity.py; tests/test_ui_visual_smoke.py.,Retest passed,Pass in first browser/source pass.,,No code fix required in this pass.,"Pass: post-fix build, responsive, browser, or source guardrail coverage remained green.",,Keep covered in regression suite,2026-06-27
MARKETING-ML-038,Marketing site,docs/audit-artifacts/source-trackers/2026-06-27/marketing-landing-user-story-tracker.xlsx,ML-038,Checkout,/checkout/?plan=start_99,Checkout API fallback,"As a buyer, I want checkout to remain understandable when live payment/catalog APIs are unreachable locally.","CheckoutClient tries candidate API bases for catalog/providers/status, records failure state, and keeps a visible fallback/helper instead of crashing.",marketing/src/app/checkout/checkout-client.tsx,"Imported priority P0. Use POKROV public marketing canon: app-first identity, consumer-first UX, visible VPN wording only on genuine SEO/search-intent surfaces, no hidden/cloaked/stuffed copy, no unsupported best/store/stable/signing/RU-readiness/payment-maturity claims, and install/checkout links must match outside-store beta evidence.",Browser fallback Direct refs: tests/test_marketing_story_contracts.py; tests/test_marketing_release_readiness.py; tests/test_public_copy_guardrails.py; tests/test_frontend_text_integrity.py; tests/test_ui_visual_smoke.py; tests/test_api_payments_callbacks.py.,Retest passed,Pass with real fallback route smoke and mocked provider-ready checkout smoke.,Initial checkout smoke mocked CORS too broadly; harness issue only.,Adjusted output smoke mock headers; no product code change required.,Pass: mocked checkout smoke reported no failures and no console errors.,,Keep covered in regression suite,2026-06-27
MARKETING-ML-039,Marketing site,docs/audit-artifacts/source-trackers/2026-06-27/marketing-landing-user-story-tracker.xlsx,ML-039,Checkout,/checkout/?plan=start_99,Access key lookup and redeem,"As a user with an existing key, I want checkout to check the key and point me to redeem.",Entering a key calls /api/access-keys/status/:key across candidate bases; successful key state builds a webapp /redeem/?key= link.,marketing/src/app/checkout/checkout-client.tsx,"Imported priority P1. Use POKROV public marketing canon: app-first identity, consumer-first UX, visible VPN wording only on genuine SEO/search-intent surfaces, no hidden/cloaked/stuffed copy, no unsupported best/store/stable/signing/RU-readiness/payment-maturity claims, and install/checkout links must match outside-store beta evidence.",Browser interaction with mocked network Direct refs: tests/test_marketing_story_contracts.py; tests/test_marketing_release_readiness.py; tests/test_public_copy_guardrails.py; tests/test_frontend_text_integrity.py; tests/test_ui_visual_smoke.py; tests/test_api_payments_callbacks.py.,Retest passed,Pass in mocked checkout interaction smoke.,,No code fix required in this pass.,"Pass: key lookup, promo normalization, email validation, and order redirect were all exercised with mocked API responses.",,Keep covered in regression suite,2026-06-27
MARKETING-ML-040,Marketing site,docs/audit-artifacts/source-trackers/2026-06-27/marketing-landing-user-story-tracker.xlsx,ML-040,Checkout,/checkout/?plan=start_99,Promo code handling,"As a buyer with a promo code, I want the field to normalize my input and preview the discount.","Promo input uppercases and trims input, getPricingPreviewDiscountPercent computes the preview, and invalid/empty codes do not create a fake discount.",marketing/src/app/checkout/checkout-client.tsx; shared/portal-config.ts,"Imported priority P1. Use POKROV public marketing canon: app-first identity, consumer-first UX, visible VPN wording only on genuine SEO/search-intent surfaces, no hidden/cloaked/stuffed copy, no unsupported best/store/stable/signing/RU-readiness/payment-maturity claims, and install/checkout links must match outside-store beta evidence.",Browser interaction Direct refs: tests/test_marketing_story_contracts.py; tests/test_marketing_release_readiness.py; tests/test_public_copy_guardrails.py; tests/test_frontend_text_integrity.py; tests/test_ui_visual_smoke.py; tests/test_api_payments_callbacks.py.,Retest passed,Pass in mocked checkout interaction smoke.,,No code fix required in this pass.,"Pass: key lookup, promo normalization, email validation, and order redirect were all exercised with mocked API responses.",,Keep covered in regression suite,2026-06-27
MARKETING-ML-041,Marketing site,docs/audit-artifacts/source-trackers/2026-06-27/marketing-landing-user-story-tracker.xlsx,ML-041,Checkout,/checkout/?plan=start_99,Checkout email validation,"As a buyer, I want checkout to ask for an email before creating a public order.","If email is blank, create order is blocked client-side and a visible status asks the user to enter email.",marketing/src/app/checkout/checkout-client.tsx,"Imported priority P0. Use POKROV public marketing canon: app-first identity, consumer-first UX, visible VPN wording only on genuine SEO/search-intent surfaces, no hidden/cloaked/stuffed copy, no unsupported best/store/stable/signing/RU-readiness/payment-maturity claims, and install/checkout links must match outside-store beta evidence.",Browser interaction Direct refs: tests/test_marketing_story_contracts.py; tests/test_marketing_release_readiness.py; tests/test_public_copy_guardrails.py; tests/test_frontend_text_integrity.py; tests/test_ui_visual_smoke.py; tests/test_api_payments_callbacks.py.,Retest passed,Pass in mocked checkout interaction smoke.,,No code fix required in this pass.,"Pass: key lookup, promo normalization, email validation, and order redirect were all exercised with mocked API responses.",,Keep covered in regression suite,2026-06-27
MARKETING-ML-042,Marketing site,docs/audit-artifacts/source-trackers/2026-06-27/marketing-landing-user-story-tracker.xlsx,ML-042,Checkout,/checkout/?plan=start_99,Checkout order redirect,"As a buyer with valid input, I want checkout to create a payment order and redirect me to the provider.","When payment provider state is ready, CheckoutClient POSTs /api/payments/orders/create-public and redirects to payment_url; if provider is missing/blocked, the button/fallback state prevents a broken order.",marketing/src/app/checkout/checkout-client.tsx,"Imported priority P0. Use POKROV public marketing canon: app-first identity, consumer-first UX, visible VPN wording only on genuine SEO/search-intent surfaces, no hidden/cloaked/stuffed copy, no unsupported best/store/stable/signing/RU-readiness/payment-maturity claims, and install/checkout links must match outside-store beta evidence.",Browser interaction with mocked network Direct refs: tests/test_marketing_story_contracts.py; tests/test_marketing_release_readiness.py; tests/test_public_copy_guardrails.py; tests/test_frontend_text_integrity.py; tests/test_ui_visual_smoke.py; tests/test_api_payments_callbacks.py.,Retest passed,Pass in mocked checkout interaction smoke.,,No code fix required in this pass.,"Pass: key lookup, promo normalization, email validation, and order redirect were all exercised with mocked API responses.",,Keep covered in regression suite,2026-06-27
MARKETING-ML-043,Marketing site,docs/audit-artifacts/source-trackers/2026-06-27/marketing-landing-user-story-tracker.xlsx,ML-043,Checkout,/checkout/?plan=start_99,Checkout helper links,"As a buyer needing help, I want checkout to offer redeem, cabinet, bot, and install support paths.",Checkout side/helper links include redeem/cabinet/bot/install destinations built from public config and code helpers.,marketing/src/app/checkout/checkout-client.tsx; shared/public-urls.json,"Imported priority P1. Use POKROV public marketing canon: app-first identity, consumer-first UX, visible VPN wording only on genuine SEO/search-intent surfaces, no hidden/cloaked/stuffed copy, no unsupported best/store/stable/signing/RU-readiness/payment-maturity claims, and install/checkout links must match outside-store beta evidence.",Browser link audit Direct refs: tests/test_marketing_story_contracts.py; tests/test_marketing_release_readiness.py; tests/test_public_copy_guardrails.py; tests/test_frontend_text_integrity.py; tests/test_ui_visual_smoke.py.,Retest passed,Pass in first browser/source pass.,,No code fix required in this pass.,"Pass: post-fix build, responsive, browser, or source guardrail coverage remained green.",,Keep covered in regression suite,2026-06-27
MARKETING-ML-044,Marketing site,docs/audit-artifacts/source-trackers/2026-06-27/marketing-landing-user-story-tracker.xlsx,ML-044,Legal,/offer/,Offer page,"As a buyer, I want legal terms and beta limitations before payment.","Offer page renders legal terms, beta limitations, contacts, breadcrumbs, and links to home/install/privacy/cabinet/support without unsupported store/stable claims.",marketing/src/app/offer/page.tsx,"Imported priority P0. Use POKROV public marketing canon: app-first identity, consumer-first UX, visible VPN wording only on genuine SEO/search-intent surfaces, no hidden/cloaked/stuffed copy, no unsupported best/store/stable/signing/RU-readiness/payment-maturity claims, and install/checkout links must match outside-store beta evidence.",Browser content + link audit Direct refs: tests/test_marketing_story_contracts.py; tests/test_marketing_release_readiness.py; tests/test_public_copy_guardrails.py; tests/test_frontend_text_integrity.py; tests/test_ui_visual_smoke.py.,Retest passed,Pass in first browser/source pass.,,No code fix required in this pass.,"Pass: post-fix build, responsive, browser, or source guardrail coverage remained green.",,Keep covered in regression suite,2026-06-27
MARKETING-ML-045,Marketing site,docs/audit-artifacts/source-trackers/2026-06-27/marketing-landing-user-story-tracker.xlsx,ML-045,Legal,/privacy/,Privacy page,"As a privacy-conscious visitor, I want to see what data is collected and how to contact support.","Privacy page renders data-use sections, contacts, breadcrumbs, and links to home/install/offer/cabinet/support.",marketing/src/app/privacy/page.tsx,"Imported priority P0. Use POKROV public marketing canon: app-first identity, consumer-first UX, visible VPN wording only on genuine SEO/search-intent surfaces, no hidden/cloaked/stuffed copy, no unsupported best/store/stable/signing/RU-readiness/payment-maturity claims, and install/checkout links must match outside-store beta evidence.",Browser content + link audit Direct refs: tests/test_marketing_story_contracts.py; tests/test_marketing_release_readiness.py; tests/test_public_copy_guardrails.py; tests/test_frontend_text_integrity.py; tests/test_ui_visual_smoke.py.,Retest passed,Pass in first browser/source pass.,,No code fix required in this pass.,"Pass: post-fix build, responsive, browser, or source guardrail coverage remained green.",,Keep covered in regression suite,2026-06-27
MARKETING-ML-046,Marketing site,docs/audit-artifacts/source-trackers/2026-06-27/marketing-landing-user-story-tracker.xlsx,ML-046,Machine-readable,/robots.txt,Robots policy,"As a crawler, I want robots instructions with sitemap and host.","robots.ts allows public routes, disallows /api/ and /_next/, includes bot-specific rules, sitemap, and canonical host.",marketing/src/app/robots.ts,"Imported priority P1. Use POKROV public marketing canon: app-first identity, consumer-first UX, visible VPN wording only on genuine SEO/search-intent surfaces, no hidden/cloaked/stuffed copy, no unsupported best/store/stable/signing/RU-readiness/payment-maturity claims, and install/checkout links must match outside-store beta evidence.",HTTP/source Direct refs: tests/test_marketing_story_contracts.py; tests/test_marketing_release_readiness.py; tests/test_public_copy_guardrails.py; tests/test_frontend_text_integrity.py; tests/test_ui_visual_smoke.py.,Retest passed,Pass in source/browser/link guardrails.,,No code fix required in this pass.,"Pass: SEO, link, public-copy, and browser machine-route checks passed after fix.",,Keep covered in regression suite,2026-06-27
MARKETING-ML-047,Marketing site,docs/audit-artifacts/source-trackers/2026-06-27/marketing-landing-user-story-tracker.xlsx,ML-047,Machine-readable,/sitemap.xml,Sitemap,"As a crawler, I want canonical marketing and machine-readable routes in the sitemap.",sitemap.ts returns buildMarketingSitemap entries for canonical pages and machine paths including /llms.txt and /pricing.md.,marketing/src/app/sitemap.ts; marketing/src/lib/marketing-site.ts,"Imported priority P1. Use POKROV public marketing canon: app-first identity, consumer-first UX, visible VPN wording only on genuine SEO/search-intent surfaces, no hidden/cloaked/stuffed copy, no unsupported best/store/stable/signing/RU-readiness/payment-maturity claims, and install/checkout links must match outside-store beta evidence.",HTTP/source Direct refs: tests/test_marketing_story_contracts.py; tests/test_marketing_release_readiness.py; tests/test_public_copy_guardrails.py; tests/test_frontend_text_integrity.py; tests/test_ui_visual_smoke.py.,Retest passed,Pass in source/browser/link guardrails.,,No code fix required in this pass.,"Pass: SEO, link, public-copy, and browser machine-route checks passed after fix.",,Keep covered in regression suite,2026-06-27
MARKETING-ML-048,Marketing site,docs/audit-artifacts/source-trackers/2026-06-27/marketing-landing-user-story-tracker.xlsx,ML-048,Machine-readable,/manifest.webmanifest,Web app manifest,"As a browser, I want manifest metadata and icons for installability and rich previews.","manifest.ts returns POKROV name/short_name, standalone display, ru-RU language, theme colors, and PNG/SVG icons.",marketing/src/app/manifest.ts; marketing/public,"Imported priority P2. Use POKROV public marketing canon: app-first identity, consumer-first UX, visible VPN wording only on genuine SEO/search-intent surfaces, no hidden/cloaked/stuffed copy, no unsupported best/store/stable/signing/RU-readiness/payment-maturity claims, and install/checkout links must match outside-store beta evidence.",HTTP/source Direct refs: tests/test_marketing_story_contracts.py; tests/test_marketing_release_readiness.py; tests/test_public_copy_guardrails.py; tests/test_frontend_text_integrity.py; tests/test_ui_visual_smoke.py.,Retest passed,Pass in source/browser/link guardrails.,,No code fix required in this pass.,"Pass: SEO, link, public-copy, and browser machine-route checks passed after fix.",,Keep covered in regression suite,2026-06-27
MARKETING-ML-049,Marketing site,docs/audit-artifacts/source-trackers/2026-06-27/marketing-landing-user-story-tracker.xlsx,ML-049,Machine-readable,/llms.txt /pricing.md,AI/search machine files,"As an AI/search crawler, I want concise product and pricing files that match public product truth.","Public llms.txt and pricing.md exist, are included in sitemap inputs, and reference canonical POKROV surfaces.",marketing/public/llms.txt; marketing/public/pricing.md; marketing/src/lib/marketing-site.ts,"Imported priority P1. Use POKROV public marketing canon: app-first identity, consumer-first UX, visible VPN wording only on genuine SEO/search-intent surfaces, no hidden/cloaked/stuffed copy, no unsupported best/store/stable/signing/RU-readiness/payment-maturity claims, and install/checkout links must match outside-store beta evidence.",HTTP/content Direct refs: tests/test_marketing_story_contracts.py; tests/test_marketing_release_readiness.py; tests/test_public_copy_guardrails.py; tests/test_frontend_text_integrity.py; tests/test_ui_visual_smoke.py.,Retest passed,Pass in source/browser/link guardrails.,,No code fix required in this pass.,"Pass: SEO, link, public-copy, and browser machine-route checks passed after fix.",,Keep covered in regression suite,2026-06-27
MARKETING-ML-050,Marketing site,docs/audit-artifacts/source-trackers/2026-06-27/marketing-landing-user-story-tracker.xlsx,ML-050,Redirects,Legacy SEO paths,Legacy path redirects,"As a visitor using an old SEO link, I want to land on the current canonical page.","marketing/public/_redirects maps old mobile, tiktok, youtube, devices, telegram, and vpn variants to current canonical routes with 301!",marketing/public/_redirects; marketing/scripts/check-marketing-seo.mjs,"Imported priority P1. Use POKROV public marketing canon: app-first identity, consumer-first UX, visible VPN wording only on genuine SEO/search-intent surfaces, no hidden/cloaked/stuffed copy, no unsupported best/store/stable/signing/RU-readiness/payment-maturity claims, and install/checkout links must match outside-store beta evidence.",Source guardrail Direct refs: tests/test_marketing_story_contracts.py; tests/test_marketing_release_readiness.py; tests/test_public_copy_guardrails.py; tests/test_frontend_text_integrity.py; tests/test_ui_visual_smoke.py.,Retest passed,Pass in source/browser/link guardrails.,,No code fix required in this pass.,"Pass: SEO, link, public-copy, and browser machine-route checks passed after fix.",,Keep covered in regression suite,2026-06-27
MARKETING-ML-051,Marketing site,docs/audit-artifacts/source-trackers/2026-06-27/marketing-landing-user-story-tracker.xlsx,ML-051,Accessibility,All pages,Skip link and main landmark,"As a keyboard user, I want to skip repetitive navigation and land on main content.",RootLayout renders a skip link to #main-content and wraps children in main id=main-content.,marketing/src/app/layout.tsx; marketing/src/app/globals.css,"Imported priority P0. Use POKROV public marketing canon: app-first identity, consumer-first UX, visible VPN wording only on genuine SEO/search-intent surfaces, no hidden/cloaked/stuffed copy, no unsupported best/store/stable/signing/RU-readiness/payment-maturity claims, and install/checkout links must match outside-store beta evidence.",Browser accessibility Direct refs: tests/test_marketing_story_contracts.py; tests/test_marketing_release_readiness.py; tests/test_public_copy_guardrails.py; tests/test_frontend_text_integrity.py; tests/test_ui_visual_smoke.py.,Retest passed,Pass in first browser/source pass.,,No code fix required in this pass.,"Pass: post-fix build, responsive, browser, or source guardrail coverage remained green.",,Keep covered in regression suite,2026-06-27
MARKETING-ML-052,Marketing site,docs/audit-artifacts/source-trackers/2026-06-27/marketing-landing-user-story-tracker.xlsx,ML-052,Telemetry,All pages,Funnel tracker,"As the operator, I want page-view funnel tracking that does not block rendering.",RootLayout includes FunnelTracker in the body after main content; page rendering must still work if tracking fails.,marketing/src/app/layout.tsx; marketing/src/components/funnel-tracker.tsx,"Imported priority P2. Use POKROV public marketing canon: app-first identity, consumer-first UX, visible VPN wording only on genuine SEO/search-intent surfaces, no hidden/cloaked/stuffed copy, no unsupported best/store/stable/signing/RU-readiness/payment-maturity claims, and install/checkout links must match outside-store beta evidence.",Source + browser console Direct refs: tests/test_marketing_story_contracts.py; tests/test_marketing_release_readiness.py; tests/test_public_copy_guardrails.py; tests/test_frontend_text_integrity.py; tests/test_ui_visual_smoke.py.,Retest passed,Pass in first browser/source pass.,,No code fix required in this pass.,"Pass: post-fix build, responsive, browser, or source guardrail coverage remained green.",,Keep covered in regression suite,2026-06-27
MARKETING-ML-053,Marketing site,docs/audit-artifacts/source-trackers/2026-06-27/marketing-landing-user-story-tracker.xlsx,ML-053,Responsive,/ /mobile/ /devices/ /telegram/ /youtube/ /tiktok/ /vpn/,Responsive route smoke,"As a mobile, tablet, or desktop visitor, I want the landing pages to render without horizontal overflow or framework errors.","check-marketing-responsive validates core routes at mobile, tablet, and desktop for successful response, brand body text, primary CTA, no overlay, and no horizontal overflow.",marketing/scripts/check-marketing-responsive.mjs,"Imported priority P0. Use POKROV public marketing canon: app-first identity, consumer-first UX, visible VPN wording only on genuine SEO/search-intent surfaces, no hidden/cloaked/stuffed copy, no unsupported best/store/stable/signing/RU-readiness/payment-maturity claims, and install/checkout links must match outside-store beta evidence.",Automated browser smoke Direct refs: tests/test_marketing_story_contracts.py; tests/test_marketing_release_readiness.py; tests/test_public_copy_guardrails.py; tests/test_frontend_text_integrity.py; tests/test_ui_visual_smoke.py.,Retest passed,Pass in responsive smoke and browser checks.,,No code fix required in this pass.,Pass: npm run check:responsive passed after fix.,,Keep covered in regression suite,2026-06-27
MARKETING-ML-054,Marketing site,docs/audit-artifacts/source-trackers/2026-06-27/marketing-landing-user-story-tracker.xlsx,ML-054,Assets,All pages,Public preview and icon assets,"As a browser or social crawler, I want favicon, tab icon, apple icon, and OG/Twitter images to resolve.","Root metadata references existing files in marketing/public for icons, opengraph image, and twitter image.",marketing/src/app/layout.tsx; marketing/public,"Imported priority P1. Use POKROV public marketing canon: app-first identity, consumer-first UX, visible VPN wording only on genuine SEO/search-intent surfaces, no hidden/cloaked/stuffed copy, no unsupported best/store/stable/signing/RU-readiness/payment-maturity claims, and install/checkout links must match outside-store beta evidence.",Source + HTTP Direct refs: tests/test_marketing_story_contracts.py; tests/test_marketing_release_readiness.py; tests/test_public_copy_guardrails.py; tests/test_frontend_text_integrity.py; tests/test_ui_visual_smoke.py.,Retest passed,Pass in source/browser/link guardrails.,,No code fix required in this pass.,"Pass: SEO, link, public-copy, and browser machine-route checks passed after fix.",,Keep covered in regression suite,2026-06-27
MARKETING-ML-055,Marketing site,docs/audit-artifacts/source-trackers/2026-06-27/marketing-landing-user-story-tracker.xlsx,ML-055,Policy/copy,Public landing routes,Public copy guardrails,"As the owner, I want public landing copy to follow current POKROV wording and release-gate honesty.","Public copy avoids stale POKROV Network wording, hidden/cloaked stuffing, unsupported best/store/stable claims, direct connect acquisition CTAs, and keeps visible VPN usage limited to approved search-intent surfaces.",AGENTS.md; tests/test_public_copy_guardrails.py; tests/test_marketing_release_readiness.py; scripts/check-links.py,"Imported priority P0. Use POKROV public marketing canon: app-first identity, consumer-first UX, visible VPN wording only on genuine SEO/search-intent surfaces, no hidden/cloaked/stuffed copy, no unsupported best/store/stable/signing/RU-readiness/payment-maturity claims, and install/checkout links must match outside-store beta evidence.",Automated source guardrail Direct refs: tests/test_marketing_story_contracts.py; tests/test_marketing_release_readiness.py; tests/test_public_copy_guardrails.py; tests/test_frontend_text_integrity.py; tests/test_ui_visual_smoke.py.,Retest passed,Pass in source/browser/link guardrails.,,No code fix required in this pass.,"Pass: SEO, link, public-copy, and browser machine-route checks passed after fix.",,Keep covered in regression suite,2026-06-27
CLIENT_APP-US-001,POKROV client app,docs/audit-artifacts/source-trackers/2026-06-27/pokrov-client-user-story-tracker.xlsx,US-001,Onboarding,,First-launch choice,"As a new or returning user, I want the first screen to let me choose whether I am new or already have access.","The first-launch overlay shows POKROV VPN, offers only 'Я новый пользователь' and 'У меня уже есть доступ', explains the 5-day trial for new users, and blocks the main shell until a choice is completed or a restore succeeds.",packages/app_shell/lib/src/features/onboarding/onboarding_flow.dart; packages/app_shell/lib/src/shell/seed_shell.dart,"Use POKROV client canon: app-first and consumer-first; trial is 5 days; Telegram reward is +10 days; default core is sing-box with xray only as advanced fallback; do not imply store availability, stable 1.0.0, trusted Windows signing, raw Android physical-audit proof, payment production maturity, or RU-origin readiness without current owner/operator evidence.",Direct refs: POKROV-app/packages/app_shell/test/pokrov_seed_app_test.dart; POKROV-app/packages/app_shell/test/ui_copy_contract_test.dart. Imported tracker note: pokrov_seed_app_test.dart: first-launch choice/restore; ui_copy_contract_test.dart,Retest passed,Passed,,Not needed,Retest passed,,Keep covered in regression suite,2026-06-27
CLIENT_APP-US-002,POKROV client app,docs/audit-artifacts/source-trackers/2026-06-27/pokrov-client-user-story-tracker.xlsx,US-002,Onboarding,,New-user trial path,"As a new user, I want tapping 'Я новый пользователь' to open the app immediately and begin the app-first trial path.","The choice persists locally, the overlay closes, and the first connect attempt resolves a managed profile through start-trial/app-session bootstrap before staging runtime config.",packages/app_shell/lib/src/shell/seed_shell.dart; packages/app_shell/lib/app_first_runtime_bootstrap.dart,"Use POKROV client canon: app-first and consumer-first; trial is 5 days; Telegram reward is +10 days; default core is sing-box with xray only as advanced fallback; do not imply store availability, stable 1.0.0, trusted Windows signing, raw Android physical-audit proof, payment production maturity, or RU-origin readiness without current owner/operator evidence.",Direct refs: POKROV-app/packages/app_shell/test/pokrov_seed_app_test.dart; POKROV-app/packages/app_shell/test/app_first_runtime_bootstrap_test.dart. Imported tracker note: pokrov_seed_app_test.dart: first-launch persistence; app_first_runtime_bootstrap_test.dart: start trial and managed profile,Retest passed,Passed,,Not needed,Retest passed,,Keep covered in regression suite,2026-06-27
CLIENT_APP-US-003,POKROV client app,docs/audit-artifacts/source-trackers/2026-06-27/pokrov-client-user-story-tracker.xlsx,US-003,Onboarding,,Returning-user restore,"As a returning user, I want to enter a one-time access code so the app can restore my entitlement.","The restore screen accepts a non-empty activation code, calls the app-first redeem endpoint when available, updates access state on success, and returns to the app shell.",packages/app_shell/lib/src/features/onboarding/onboarding_flow.dart; packages/app_shell/lib/src/shell/seed_shell.dart; packages/app_shell/lib/app_first_runtime_bootstrap.dart,"Use POKROV client canon: app-first and consumer-first; trial is 5 days; Telegram reward is +10 days; default core is sing-box with xray only as advanced fallback; do not imply store availability, stable 1.0.0, trusted Windows signing, raw Android physical-audit proof, payment production maturity, or RU-origin readiness without current owner/operator evidence.",Direct refs: POKROV-app/packages/app_shell/test/pokrov_seed_app_test.dart; POKROV-app/packages/app_shell/test/app_first_runtime_bootstrap_test.dart. Imported tracker note: pokrov_seed_app_test.dart: restore flow; app_first_runtime_bootstrap_test.dart: redeem endpoint,Retest passed,Passed,,Not needed,Retest passed,,Keep covered in regression suite,2026-06-27
CLIENT_APP-US-004,POKROV client app,docs/audit-artifacts/source-trackers/2026-06-27/pokrov-client-user-story-tracker.xlsx,US-004,Onboarding,,Raw subscription link rejection,"As a returning user, I should not be able to paste a raw proxy or subscription link where an account restore code is required.","VLESS/VMess/Trojan/SS/WireGuard-style schemes, connect.pokrov.space subscription URLs, and config/subscription paths are rejected with a clear message that an activation code is needed.",packages/app_shell/lib/src/shell/seed_shell.dart,"Use POKROV client canon: app-first and consumer-first; trial is 5 days; Telegram reward is +10 days; default core is sing-box with xray only as advanced fallback; do not imply store availability, stable 1.0.0, trusted Windows signing, raw Android physical-audit proof, payment production maturity, or RU-origin readiness without current owner/operator evidence.",Direct refs: POKROV-app/packages/app_shell/test/pokrov_seed_app_test.dart. Imported tracker note: pokrov_seed_app_test.dart: restore rejects raw links,Retest passed,Passed,,Not needed,Retest passed,,Keep covered in regression suite,2026-06-27
CLIENT_APP-US-005,POKROV client app,docs/audit-artifacts/source-trackers/2026-06-27/pokrov-client-user-story-tracker.xlsx,US-005,Onboarding,,Restore helper handoffs,"As a returning user who needs a code, I want safe shortcuts to Telegram or the cabinet from the restore screen.","Telegram opens through a safe tg://resolve or t.me fallback, cabinet opens through a cabinet handoff when possible, and failed launches show a non-fatal snackbar.",packages/app_shell/lib/src/features/onboarding/onboarding_flow.dart; packages/app_shell/lib/src/shell/seed_shell.dart,"Use POKROV client canon: app-first and consumer-first; trial is 5 days; Telegram reward is +10 days; default core is sing-box with xray only as advanced fallback; do not imply store availability, stable 1.0.0, trusted Windows signing, raw Android physical-audit proof, payment production maturity, or RU-origin readiness without current owner/operator evidence.",Direct refs: POKROV-app/packages/app_shell/test/pokrov_seed_app_test.dart. Imported tracker note: pokrov_seed_app_test.dart: first-launch helper actions; safe handoff tests,Retest passed,Passed,,Not needed,Retest passed,,Keep covered in regression suite,2026-06-27
CLIENT_APP-US-006,POKROV client app,docs/audit-artifacts/source-trackers/2026-06-27/pokrov-client-user-story-tracker.xlsx,US-006,Navigation,,Mobile and desktop shell,"As a user, I want stable navigation across Protection, Locations, Rules, and Profile on both mobile and desktop layouts.","Android/iOS use bottom navigation, Windows/macOS use the desktop shell, tab state is stable, and desktop keyboard shortcuts Ctrl+1 through Ctrl+4 select the four sections only after first launch is complete.",packages/app_shell/lib/src/shell/seed_shell.dart,"Use POKROV client canon: app-first and consumer-first; trial is 5 days; Telegram reward is +10 days; default core is sing-box with xray only as advanced fallback; do not imply store availability, stable 1.0.0, trusted Windows signing, raw Android physical-audit proof, payment production maturity, or RU-origin readiness without current owner/operator evidence.",Direct refs: POKROV-app/packages/app_shell/test/pokrov_seed_app_test.dart. Imported tracker note: pokrov_seed_app_test.dart: responsive mobile/desktop shell; desktop shortcuts,Retest passed,Passed,,Not needed,Retest passed,,Keep covered in regression suite,2026-06-27
CLIENT_APP-US-007,POKROV client app,docs/audit-artifacts/source-trackers/2026-06-27/pokrov-client-user-story-tracker.xlsx,US-007,Navigation,,Theme mode,"As a user, I want to choose system, light, or dark appearance from Profile.","The Profile theme sheet exposes System, Light, and Dark options, applies the selected theme, and keeps dark mode available because it is a mandatory product requirement.",packages/app_shell/lib/src/features/profile/profile_surface.dart; packages/app_shell/lib/src/features/profile/profile_sheets.dart,"Use POKROV client canon: app-first and consumer-first; trial is 5 days; Telegram reward is +10 days; default core is sing-box with xray only as advanced fallback; do not imply store availability, stable 1.0.0, trusted Windows signing, raw Android physical-audit proof, payment production maturity, or RU-origin readiness without current owner/operator evidence.",Direct refs: POKROV-app/packages/app_shell/test/pokrov_seed_app_test.dart; POKROV-app/packages/app_shell/test/design_system_contract_test.dart. Imported tracker note: pokrov_seed_app_test.dart: profile theme sheet; design_system_contract_test.dart,Retest passed,Passed,,Not needed,Retest passed,,Keep covered in regression suite,2026-06-27
CLIENT_APP-US-008,POKROV client app,docs/audit-artifacts/source-trackers/2026-06-27/pokrov-client-user-story-tracker.xlsx,US-008,Home,,Primary protection action,"As a user, I want one clear primary action to enable or disable POKROV VPN.","Home shows a single primary connect control with stateful labels: 'Включить VPN', 'Подключается...', 'Отключить', or 'Недоступно' based on runtime state.",packages/app_shell/lib/src/features/home/home_surface.dart; packages/app_shell/lib/src/shell/seed_shell.dart,"Use POKROV client canon: app-first and consumer-first; trial is 5 days; Telegram reward is +10 days; default core is sing-box with xray only as advanced fallback; do not imply store availability, stable 1.0.0, trusted Windows signing, raw Android physical-audit proof, payment production maturity, or RU-origin readiness without current owner/operator evidence.",Direct refs: POKROV-app/packages/app_shell/test/pokrov_seed_app_test.dart; POKROV-app/packages/app_shell/test/design_system_contract_test.dart. Imported tracker note: pokrov_seed_app_test.dart: home status and connect action; design_system_contract_test.dart,Retest passed,Passed,,Not needed,Retest passed,,Keep covered in regression suite,2026-06-27
CLIENT_APP-US-009,POKROV client app,docs/audit-artifacts/source-trackers/2026-06-27/pokrov-client-user-story-tracker.xlsx,US-009,Runtime,,Connect flow,"As a user, I want the app to prepare the runtime, fetch my managed profile, and connect without exposing technical steps.","Connect initializes artifacts when needed, resolves app-first managed profile with route mode and selected apps, stages config, starts runtime, settles transitional states, then shows either 'POKROV включен.' or a clear attention state.",packages/app_shell/lib/src/shell/seed_shell.dart; packages/runtime_engine/lib/runtime_engine.dart; packages/app_shell/lib/app_first_runtime_bootstrap.dart,"Use POKROV client canon: app-first and consumer-first; trial is 5 days; Telegram reward is +10 days; default core is sing-box with xray only as advanced fallback; do not imply store availability, stable 1.0.0, trusted Windows signing, raw Android physical-audit proof, payment production maturity, or RU-origin readiness without current owner/operator evidence.",Direct refs: POKROV-app/packages/app_shell/test/pokrov_seed_app_test.dart; POKROV-app/packages/app_shell/test/app_first_runtime_bootstrap_test.dart; POKROV-app/packages/runtime_engine/test/runtime_engine_test.dart. Imported tracker note: pokrov_seed_app_test.dart: connect flow; runtime_engine tests; app_first_runtime_bootstrap_test.dart,Retest passed,Passed,,Not needed,Retest passed,,Keep covered in regression suite,2026-06-27
CLIENT_APP-US-010,POKROV client app,docs/audit-artifacts/source-trackers/2026-06-27/pokrov-client-user-story-tracker.xlsx,US-010,Runtime,,Disconnect flow,"As a connected user, I want to turn protection off cleanly.","When runtime is running, the primary action calls disconnect, polls until the host leaves running state or timeout, and reflects the resulting runtime message without pretending traffic remains protected.",packages/app_shell/lib/src/shell/seed_shell.dart; packages/runtime_engine/lib/runtime_engine.dart,"Use POKROV client canon: app-first and consumer-first; trial is 5 days; Telegram reward is +10 days; default core is sing-box with xray only as advanced fallback; do not imply store availability, stable 1.0.0, trusted Windows signing, raw Android physical-audit proof, payment production maturity, or RU-origin readiness without current owner/operator evidence.",Direct refs: POKROV-app/packages/app_shell/test/pokrov_seed_app_test.dart; POKROV-app/packages/runtime_engine/test/runtime_engine_test.dart. Imported tracker note: runtime_engine tests; pokrov_seed_app_test.dart: connect/disconnect,Retest passed,Passed,,Not needed,Retest passed,,Keep covered in regression suite,2026-06-27
CLIENT_APP-US-011,POKROV client app,docs/audit-artifacts/source-trackers/2026-06-27/pokrov-client-user-story-tracker.xlsx,US-011,Runtime,,Runtime error handling,"As a user, I need connection failures to be understandable and recoverable.","Bootstrap, platform, timeout, and generic runtime failures show sanitized Russian messages, update the Home recovery banner/headline, and offer support instead of crashing.",packages/app_shell/lib/src/shell/seed_shell.dart; packages/app_shell/lib/src/features/home/home_surface.dart,"Use POKROV client canon: app-first and consumer-first; trial is 5 days; Telegram reward is +10 days; default core is sing-box with xray only as advanced fallback; do not imply store availability, stable 1.0.0, trusted Windows signing, raw Android physical-audit proof, payment production maturity, or RU-origin readiness without current owner/operator evidence.",Direct refs: POKROV-app/packages/app_shell/test/pokrov_seed_app_test.dart; POKROV-app/packages/runtime_engine/test/runtime_engine_test.dart. Imported tracker note: pokrov_seed_app_test.dart: runtime error and recovery states; runtime_engine tests,Retest passed,Passed,,Not needed,Retest passed,,Keep covered in regression suite,2026-06-27
CLIENT_APP-US-012,POKROV client app,docs/audit-artifacts/source-trackers/2026-06-27/pokrov-client-user-story-tracker.xlsx,US-012,Runtime,,Host diagnostics redaction,"As a support-bound user, I want diagnostics to help operators without leaking raw technical secrets.","Runtime and host diagnostics are summarized into safe fields; raw configs, private keys, material URLs, and sensitive WARP details are not shown in normal UI or sent without redaction.",packages/runtime_engine/lib/runtime_engine.dart; packages/app_shell/lib/src/features/support/support_chat.dart; packages/app_shell/lib/src/warp/pokrov_warp_lifecycle.dart,"Use POKROV client canon: app-first and consumer-first; trial is 5 days; Telegram reward is +10 days; default core is sing-box with xray only as advanced fallback; do not imply store availability, stable 1.0.0, trusted Windows signing, raw Android physical-audit proof, payment production maturity, or RU-origin readiness without current owner/operator evidence.",Direct refs: POKROV-app/packages/app_shell/test/pokrov_seed_app_test.dart; POKROV-app/packages/app_shell/test/warp_lifecycle_contract_test.dart; POKROV-app/packages/app_shell/test/assistant_contract_test.dart. Imported tracker note: pokrov_seed_app_test.dart: diagnostics; warp_lifecycle_contract_test.dart; assistant_contract_test.dart,Retest passed,Passed,,Not needed,Retest passed,,Keep covered in regression suite,2026-06-27
CLIENT_APP-US-013,POKROV client app,docs/audit-artifacts/source-trackers/2026-06-27/pokrov-client-user-story-tracker.xlsx,US-013,Home,,Status details,"As a user, I want to inspect current protection status without seeing implementation noise.","Home status and detail surfaces summarize connected/unprotected/degraded/missing-artifact states, selected route, location shortcut, and attention hints in consumer language.",packages/app_shell/lib/src/features/home/home_surface.dart,"Use POKROV client canon: app-first and consumer-first; trial is 5 days; Telegram reward is +10 days; default core is sing-box with xray only as advanced fallback; do not imply store availability, stable 1.0.0, trusted Windows signing, raw Android physical-audit proof, payment production maturity, or RU-origin readiness without current owner/operator evidence.",Direct refs: POKROV-app/packages/app_shell/test/pokrov_seed_app_test.dart. Imported tracker note: pokrov_seed_app_test.dart: home status details,Retest passed,Passed,,Not needed,Retest passed,,Keep covered in regression suite,2026-06-27
CLIENT_APP-US-014,POKROV client app,docs/audit-artifacts/source-trackers/2026-06-27/pokrov-client-user-story-tracker.xlsx,US-014,Home,,Mode shortcuts,"As a user, I want Home chips to take me directly to location and routing decisions.","Home mode chips display current automatic location and route mode, and tapping them selects Locations or Rules without changing connection state.",packages/app_shell/lib/src/features/home/home_surface.dart; packages/app_shell/lib/src/shell/seed_shell.dart,"Use POKROV client canon: app-first and consumer-first; trial is 5 days; Telegram reward is +10 days; default core is sing-box with xray only as advanced fallback; do not imply store availability, stable 1.0.0, trusted Windows signing, raw Android physical-audit proof, payment production maturity, or RU-origin readiness without current owner/operator evidence.",Direct refs: POKROV-app/packages/app_shell/test/pokrov_seed_app_test.dart. Imported tracker note: pokrov_seed_app_test.dart: home micro controls,Retest passed,Passed,,Not needed,Retest passed,,Keep covered in regression suite,2026-06-27
CLIENT_APP-US-015,POKROV client app,docs/audit-artifacts/source-trackers/2026-06-27/pokrov-client-user-story-tracker.xlsx,US-015,Updates,,Startup update prompt,"As a user, I want the app to tell me when a newer beta build is available.","At launch or resume, the app fetches client app metadata, shows an explicit update prompt when a newer available build exists, and opens the public download URL only after user action. It does not claim silent auto-update.",packages/app_shell/lib/src/shell/seed_shell.dart; packages/app_shell/lib/app_first_runtime_bootstrap.dart,"Use POKROV client canon: app-first and consumer-first; trial is 5 days; Telegram reward is +10 days; default core is sing-box with xray only as advanced fallback; do not imply store availability, stable 1.0.0, trusted Windows signing, raw Android physical-audit proof, payment production maturity, or RU-origin readiness without current owner/operator evidence.",Direct refs: POKROV-app/packages/app_shell/test/pokrov_seed_app_test.dart; POKROV-app/packages/app_shell/test/app_first_runtime_bootstrap_test.dart. Imported tracker note: pokrov_seed_app_test.dart: startup update check; app_first_runtime_bootstrap_test.dart: client apps endpoint,Retest passed,Passed,,Not needed,Retest passed,,Keep covered in regression suite,2026-06-27
CLIENT_APP-US-016,POKROV client app,docs/audit-artifacts/source-trackers/2026-06-27/pokrov-client-user-story-tracker.xlsx,US-016,Home,,Safe backend promo slot,"As an operator, I want backend promo/banner JSON to appear only when it is safe and useful.","Home renders at most the supported safe promo CTA shape, blocks arbitrary HTML/JS and unsupported hosts, and keeps unsafe or malformed promo data invisible.",packages/app_shell/lib/src/features/home/home_surface.dart,"Use POKROV client canon: app-first and consumer-first; trial is 5 days; Telegram reward is +10 days; default core is sing-box with xray only as advanced fallback; do not imply store availability, stable 1.0.0, trusted Windows signing, raw Android physical-audit proof, payment production maturity, or RU-origin readiness without current owner/operator evidence.",Direct refs: POKROV-app/packages/app_shell/test/pokrov_seed_app_test.dart. Imported tracker note: pokrov_seed_app_test.dart: safe and unsafe admin promotion,Retest passed,Passed,,Not needed,Retest passed,,Keep covered in regression suite,2026-06-27
CLIENT_APP-US-017,POKROV client app,docs/audit-artifacts/source-trackers/2026-06-27/pokrov-client-user-story-tracker.xlsx,US-017,WARP,,WARP visibility,"As a user, I want to understand WARP as optional additional protection, not a second VPN product.","Home shows WARP only as additional protection, uses lifecycle-aware copy, and keeps beta/debug status out of marketing-like surfaces.",packages/app_shell/lib/src/features/home/home_surface.dart; packages/app_shell/lib/src/features/warp/warp_sheet.dart; packages/app_shell/lib/src/warp/pokrov_warp_lifecycle.dart,"Use POKROV client canon: app-first and consumer-first; trial is 5 days; Telegram reward is +10 days; default core is sing-box with xray only as advanced fallback; do not imply store availability, stable 1.0.0, trusted Windows signing, raw Android physical-audit proof, payment production maturity, or RU-origin readiness without current owner/operator evidence.",Direct refs: POKROV-app/packages/app_shell/test/pokrov_seed_app_test.dart; POKROV-app/packages/app_shell/test/warp_lifecycle_contract_test.dart. Imported tracker note: pokrov_seed_app_test.dart: WARP sheet/tile; warp_lifecycle_contract_test.dart,Retest passed,Passed,,Not needed,Retest passed,,Keep covered in regression suite,2026-06-27
CLIENT_APP-US-018,POKROV client app,docs/audit-artifacts/source-trackers/2026-06-27/pokrov-client-user-story-tracker.xlsx,US-018,WARP,,WARP consent toggle,"As a user, I want to enable or disable WARP explicitly.","The WARP sheet uses a clear consent switch, calls the backend consent/revoke endpoint when available, falls back to client-local consent if needed, marks the managed profile dirty, and applies runtime WARP in the background.",packages/app_shell/lib/src/features/warp/warp_sheet.dart; packages/app_shell/lib/src/shell/seed_shell.dart; packages/app_shell/lib/app_first_runtime_bootstrap.dart,"Use POKROV client canon: app-first and consumer-first; trial is 5 days; Telegram reward is +10 days; default core is sing-box with xray only as advanced fallback; do not imply store availability, stable 1.0.0, trusted Windows signing, raw Android physical-audit proof, payment production maturity, or RU-origin readiness without current owner/operator evidence.",Direct refs: POKROV-app/packages/app_shell/test/pokrov_seed_app_test.dart; POKROV-app/packages/app_shell/test/app_first_runtime_bootstrap_test.dart. Imported tracker note: pokrov_seed_app_test.dart: WARP toggle; app_first_runtime_bootstrap_test.dart: WARP lifecycle,Retest passed,Passed,,Not needed,Retest passed,,Keep covered in regression suite,2026-06-27
CLIENT_APP-US-019,POKROV client app,docs/audit-artifacts/source-trackers/2026-06-27/pokrov-client-user-story-tracker.xlsx,US-019,WARP,,WARP runtime telemetry,"As an operator, I want WARP apply and fallback events recorded without blocking the user.","Runtime apply and fallback events are reported with sanitized state, reason, and safe metadata; telemetry failure never blocks connect, disconnect, or consent toggling.",packages/app_shell/lib/src/shell/seed_shell.dart; packages/app_shell/lib/app_first_runtime_bootstrap.dart,"Use POKROV client canon: app-first and consumer-first; trial is 5 days; Telegram reward is +10 days; default core is sing-box with xray only as advanced fallback; do not imply store availability, stable 1.0.0, trusted Windows signing, raw Android physical-audit proof, payment production maturity, or RU-origin readiness without current owner/operator evidence.",Direct refs: POKROV-app/packages/app_shell/test/app_first_runtime_bootstrap_test.dart; POKROV-app/packages/app_shell/test/warp_lifecycle_contract_test.dart. Imported tracker note: app_first_runtime_bootstrap_test.dart: WARP event sanitization; warp_lifecycle_contract_test.dart,Retest passed,Passed,,Not needed,Retest passed,,Keep covered in regression suite,2026-06-27
CLIENT_APP-US-020,POKROV client app,docs/audit-artifacts/source-trackers/2026-06-27/pokrov-client-user-story-tracker.xlsx,US-020,Rewards,,Telegram bonus on Home,"As a user, I want to claim the +10 day Telegram reward from the app.","The Home bonus tile links Telegram when needed, checks channel membership, enables claim only when eligible, marks the profile dirty after success, reloads bonus summary, and shows the awarded days.",packages/app_shell/lib/src/features/home/home_surface.dart; packages/app_shell/lib/src/shell/seed_shell.dart; packages/app_shell/lib/app_first_runtime_bootstrap.dart,"Use POKROV client canon: app-first and consumer-first; trial is 5 days; Telegram reward is +10 days; default core is sing-box with xray only as advanced fallback; do not imply store availability, stable 1.0.0, trusted Windows signing, raw Android physical-audit proof, payment production maturity, or RU-origin readiness without current owner/operator evidence.",Direct refs: POKROV-app/packages/app_shell/test/pokrov_seed_app_test.dart; POKROV-app/packages/app_shell/test/app_first_runtime_bootstrap_test.dart. Imported tracker note: pokrov_seed_app_test.dart: Telegram bonus; app_first_runtime_bootstrap_test.dart: channel bonus,Retest passed,Passed,,Not needed,Retest passed,,Keep covered in regression suite,2026-06-27
CLIENT_APP-US-021,POKROV client app,docs/audit-artifacts/source-trackers/2026-06-27/pokrov-client-user-story-tracker.xlsx,US-021,Locations,,Locked location list before access,"As a user without staged/provisioned access, I should see that locations unlock after first connection instead of an empty broken list.",Locations shows the automatic card and a skeleton/locked state explaining that the country list opens after first connection.,packages/app_shell/lib/src/features/locations/locations_surface.dart,"Use POKROV client canon: app-first and consumer-first; trial is 5 days; Telegram reward is +10 days; default core is sing-box with xray only as advanced fallback; do not imply store availability, stable 1.0.0, trusted Windows signing, raw Android physical-audit proof, payment production maturity, or RU-origin readiness without current owner/operator evidence.",Direct refs: POKROV-app/packages/app_shell/test/pokrov_seed_app_test.dart; POKROV-app/packages/app_shell/test/design_system_contract_test.dart. Imported tracker note: pokrov_seed_app_test.dart: locations skeleton; design_system_contract_test.dart,Retest passed,Passed,,Not needed,Retest passed,,Keep covered in regression suite,2026-06-27
CLIENT_APP-US-022,POKROV client app,docs/audit-artifacts/source-trackers/2026-06-27/pokrov-client-user-story-tracker.xlsx,US-022,Locations,,Automatic location,"As a user, I want automatic routing to be the default and easy to understand.","The automatic card is selected when no preferred node is set, describes POKROV choosing the quick route/pool/mode when provisioned, and opens an info sheet with consumer-level explanation.",packages/app_shell/lib/src/features/locations/locations_surface.dart,"Use POKROV client canon: app-first and consumer-first; trial is 5 days; Telegram reward is +10 days; default core is sing-box with xray only as advanced fallback; do not imply store availability, stable 1.0.0, trusted Windows signing, raw Android physical-audit proof, payment production maturity, or RU-origin readiness without current owner/operator evidence.",Direct refs: POKROV-app/packages/app_shell/test/pokrov_seed_app_test.dart. Imported tracker note: pokrov_seed_app_test.dart: locations auto card/help,Retest passed,Passed,,Not needed,Retest passed,,Keep covered in regression suite,2026-06-27
CLIENT_APP-US-023,POKROV client app,docs/audit-artifacts/source-trackers/2026-06-27/pokrov-client-user-story-tracker.xlsx,US-023,Locations,,Backend location catalog,"As a user, I want to search and select available premium/free city locations from the backend catalog.","When a catalog is available, Locations shows country/city rows, quality, premium/free lane, signal bars, search for larger catalogs, and a selected checkmark.",packages/app_shell/lib/src/features/locations/locations_surface.dart; packages/app_shell/lib/app_first_runtime_bootstrap.dart,"Use POKROV client canon: app-first and consumer-first; trial is 5 days; Telegram reward is +10 days; default core is sing-box with xray only as advanced fallback; do not imply store availability, stable 1.0.0, trusted Windows signing, raw Android physical-audit proof, payment production maturity, or RU-origin readiness without current owner/operator evidence.",Direct refs: POKROV-app/packages/app_shell/test/pokrov_seed_app_test.dart; POKROV-app/packages/app_shell/test/app_first_runtime_bootstrap_test.dart. Imported tracker note: pokrov_seed_app_test.dart: native locations catalog; app_first_runtime_bootstrap_test.dart: locations API,Retest passed,Passed,,Not needed,Retest passed,,Keep covered in regression suite,2026-06-27
CLIENT_APP-US-024,POKROV client app,docs/audit-artifacts/source-trackers/2026-06-27/pokrov-client-user-story-tracker.xlsx,US-024,Locations,,Smart-connect shortlist,"As a user, I want useful location options even when the backend catalog has not arrived.",Locations falls back to smart-connect shortlist rows with quality labels and does not show broken empty placeholders.,packages/app_shell/lib/src/features/locations/locations_surface.dart; packages/core_domain/lib/core_domain.dart,"Use POKROV client canon: app-first and consumer-first; trial is 5 days; Telegram reward is +10 days; default core is sing-box with xray only as advanced fallback; do not imply store availability, stable 1.0.0, trusted Windows signing, raw Android physical-audit proof, payment production maturity, or RU-origin readiness without current owner/operator evidence.",Direct refs: POKROV-app/packages/app_shell/test/pokrov_seed_app_test.dart. Imported tracker note: pokrov_seed_app_test.dart: smart-connect locations,Retest passed,Passed,,Not needed,Retest passed,,Keep covered in regression suite,2026-06-27
CLIENT_APP-US-025,POKROV client app,docs/audit-artifacts/source-trackers/2026-06-27/pokrov-client-user-story-tracker.xlsx,US-025,Locations,,Preferred node selection,"As a user, I want selecting a city to update my preferred node for future connections.","Preferred-node changes validate against the smart-connect shortlist when present, post a latency/preference sample through the app session, update local selected state, and mark managed profile dirty for the next connect.",packages/app_shell/lib/src/shell/seed_shell.dart; packages/app_shell/lib/app_first_runtime_bootstrap.dart,"Use POKROV client canon: app-first and consumer-first; trial is 5 days; Telegram reward is +10 days; default core is sing-box with xray only as advanced fallback; do not imply store availability, stable 1.0.0, trusted Windows signing, raw Android physical-audit proof, payment production maturity, or RU-origin readiness without current owner/operator evidence.",Direct refs: POKROV-app/packages/app_shell/test/pokrov_seed_app_test.dart; POKROV-app/packages/app_shell/test/app_first_runtime_bootstrap_test.dart. Imported tracker note: pokrov_seed_app_test.dart: location selection; app_first_runtime_bootstrap_test.dart: node preference validation,Retest passed,Passed,,Not needed,Retest passed,,Keep covered in regression suite,2026-06-27
CLIENT_APP-US-026,POKROV client app,docs/audit-artifacts/source-trackers/2026-06-27/pokrov-client-user-story-tracker.xlsx,US-026,Rules,,Route mode selection,"As a user, I want to choose how broadly POKROV protects traffic.","Rules exposes the supported route modes for the current platform, defaults to 'Всё, кроме РФ', and marks the managed profile dirty when the user changes mode.",packages/app_shell/lib/src/features/rules/rules_surface.dart; packages/app_shell/lib/src/shell/seed_shell.dart; packages/core_domain/lib/core_domain.dart,"Use POKROV client canon: app-first and consumer-first; trial is 5 days; Telegram reward is +10 days; default core is sing-box with xray only as advanced fallback; do not imply store availability, stable 1.0.0, trusted Windows signing, raw Android physical-audit proof, payment production maturity, or RU-origin readiness without current owner/operator evidence.",Direct refs: POKROV-app/packages/app_shell/test/pokrov_seed_app_test.dart; POKROV-app/packages/app_shell/test/app_first_runtime_bootstrap_test.dart. Imported tracker note: pokrov_seed_app_test.dart: route mode controls; app_first_runtime_bootstrap_test.dart: route materialization,Retest passed,Passed,,Not needed,Retest passed,,Keep covered in regression suite,2026-06-27
CLIENT_APP-US-027,POKROV client app,docs/audit-artifacts/source-trackers/2026-06-27/pokrov-client-user-story-tracker.xlsx,US-027,Rules,,Route mode help,"As a user, I want an explanation of route modes without needing technical terminology.","The route-mode help action opens concise consumer copy for all-except-RU, full tunnel, and selected-apps behavior.",packages/app_shell/lib/src/features/rules/rules_surface.dart,"Use POKROV client canon: app-first and consumer-first; trial is 5 days; Telegram reward is +10 days; default core is sing-box with xray only as advanced fallback; do not imply store availability, stable 1.0.0, trusted Windows signing, raw Android physical-audit proof, payment production maturity, or RU-origin readiness without current owner/operator evidence.",Direct refs: POKROV-app/packages/app_shell/test/pokrov_seed_app_test.dart. Imported tracker note: pokrov_seed_app_test.dart: route help,Retest passed,Passed,,Not needed,Retest passed,,Keep covered in regression suite,2026-06-27
CLIENT_APP-US-028,POKROV client app,docs/audit-artifacts/source-trackers/2026-06-27/pokrov-client-user-story-tracker.xlsx,US-028,Rules,,Direct presets,"As a user, I want important local services to stay direct according to platform policy.","Rules shows platform-specific direct presets such as RU region/local network, banks, Gosuslugi, marketplaces, messengers, or selected apps based on the host platform profile.",packages/app_shell/lib/src/features/rules/rules_surface.dart; packages/app_shell/lib/src/seed/seed_context.dart,"Use POKROV client canon: app-first and consumer-first; trial is 5 days; Telegram reward is +10 days; default core is sing-box with xray only as advanced fallback; do not imply store availability, stable 1.0.0, trusted Windows signing, raw Android physical-audit proof, payment production maturity, or RU-origin readiness without current owner/operator evidence.",Direct refs: POKROV-app/packages/app_shell/test/pokrov_seed_app_test.dart; POKROV-app/packages/app_shell/test/app_first_runtime_bootstrap_test.dart. Imported tracker note: pokrov_seed_app_test.dart: direct presets; app_first_runtime_bootstrap_test.dart: platform rule sets,Retest passed,Passed,,Not needed,Retest passed,,Keep covered in regression suite,2026-06-27
CLIENT_APP-US-029,POKROV client app,docs/audit-artifacts/source-trackers/2026-06-27/pokrov-client-user-story-tracker.xlsx,US-029,Rules,,Selected apps availability,"As a user, I want selected-app routing only where the platform can actually support it.","The selected-apps section is visible and usable on supported/staged platforms, disabled where not supported, and route-mode options reflect platform capability.",packages/app_shell/lib/src/features/rules/rules_surface.dart; packages/app_shell/lib/src/seed/seed_context.dart,"Use POKROV client canon: app-first and consumer-first; trial is 5 days; Telegram reward is +10 days; default core is sing-box with xray only as advanced fallback; do not imply store availability, stable 1.0.0, trusted Windows signing, raw Android physical-audit proof, payment production maturity, or RU-origin readiness without current owner/operator evidence.",Direct refs: POKROV-app/packages/app_shell/test/pokrov_seed_app_test.dart; POKROV-app/packages/app_shell/test/app_first_runtime_bootstrap_test.dart. Imported tracker note: pokrov_seed_app_test.dart: selected apps section; app_first_runtime_bootstrap_test.dart,Retest passed,Passed,,Not needed,Retest passed,,Keep covered in regression suite,2026-06-27
CLIENT_APP-US-030,POKROV client app,docs/audit-artifacts/source-trackers/2026-06-27/pokrov-client-user-story-tracker.xlsx,US-030,Rules,,Selected apps picker,"As a user, I want to pick apps for selected-app routing without typing package IDs when possible.","Android uses the native app-list bridge when available, Windows inspects process/exe candidates, both provide suggested apps, and search filters candidates in a picker sheet.",packages/app_shell/lib/src/features/rules/rules_surface.dart,"Use POKROV client canon: app-first and consumer-first; trial is 5 days; Telegram reward is +10 days; default core is sing-box with xray only as advanced fallback; do not imply store availability, stable 1.0.0, trusted Windows signing, raw Android physical-audit proof, payment production maturity, or RU-origin readiness without current owner/operator evidence.",Direct refs: POKROV-app/packages/app_shell/test/pokrov_seed_app_test.dart. Imported tracker note: pokrov_seed_app_test.dart: selected apps picker/native candidates,Retest passed,Passed,,Not needed,Retest passed,,Keep covered in regression suite,2026-06-27
CLIENT_APP-US-031,POKROV client app,docs/audit-artifacts/source-trackers/2026-06-27/pokrov-client-user-story-tracker.xlsx,US-031,Rules,,Manual selected-app entry,"As a power user, I want a manual fallback for app identifiers.","Manual mode can be toggled open, accepts non-empty identifiers up to 96 chars matching the allowed character pattern, rejects invalid values with clear inline text, and adds valid values without duplicates.",packages/app_shell/lib/src/features/rules/rules_surface.dart,"Use POKROV client canon: app-first and consumer-first; trial is 5 days; Telegram reward is +10 days; default core is sing-box with xray only as advanced fallback; do not imply store availability, stable 1.0.0, trusted Windows signing, raw Android physical-audit proof, payment production maturity, or RU-origin readiness without current owner/operator evidence.",Direct refs: POKROV-app/packages/app_shell/test/pokrov_seed_app_test.dart. Imported tracker note: pokrov_seed_app_test.dart: selected app manual fallback,Retest passed,Passed,,Not needed,Retest passed,,Keep covered in regression suite,2026-06-27
CLIENT_APP-US-032,POKROV client app,docs/audit-artifacts/source-trackers/2026-06-27/pokrov-client-user-story-tracker.xlsx,US-032,Rules,,Selected-app display privacy,"As a normal user, I want selected apps displayed by friendly names, not scary raw identifiers.","Known apps display friendly Russian names, rows can be removed, and raw identifiers are hidden from ordinary rows while remaining available only for support-facing details.",packages/app_shell/lib/src/features/rules/rules_surface.dart; packages/core_domain/lib/core_domain.dart,"Use POKROV client canon: app-first and consumer-first; trial is 5 days; Telegram reward is +10 days; default core is sing-box with xray only as advanced fallback; do not imply store availability, stable 1.0.0, trusted Windows signing, raw Android physical-audit proof, payment production maturity, or RU-origin readiness without current owner/operator evidence.",Direct refs: POKROV-app/packages/app_shell/test/pokrov_seed_app_test.dart. Imported tracker note: pokrov_seed_app_test.dart: selected app display,Retest passed,Passed,,Not needed,Retest passed,,Keep covered in regression suite,2026-06-27
CLIENT_APP-US-033,POKROV client app,docs/audit-artifacts/source-trackers/2026-06-27/pokrov-client-user-story-tracker.xlsx,US-033,Profile,,Access overview,"As a user, I want Profile to summarize my current access and account state.","Profile groups plan/access rows at the top, shows active or inactive access, and keeps checkout, details, and status actions discoverable.",packages/app_shell/lib/src/features/profile/profile_surface.dart,"Use POKROV client canon: app-first and consumer-first; trial is 5 days; Telegram reward is +10 days; default core is sing-box with xray only as advanced fallback; do not imply store availability, stable 1.0.0, trusted Windows signing, raw Android physical-audit proof, payment production maturity, or RU-origin readiness without current owner/operator evidence.",Direct refs: POKROV-app/packages/app_shell/test/pokrov_seed_app_test.dart. Imported tracker note: pokrov_seed_app_test.dart: profile grouped sections,Retest passed,Passed,,Not needed,Retest passed,,Keep covered in regression suite,2026-06-27
CLIENT_APP-US-034,POKROV client app,docs/audit-artifacts/source-trackers/2026-06-27/pokrov-client-user-story-tracker.xlsx,US-034,Profile,,Subscription details,"As a subscriber, I want to see current plan, days left, expiration, autorenewal, devices, and available plan options.",The subscription sheet displays current status and plan details from the app-session subscription API and offers checkout/cabinet actions without unsupported payment maturity claims.,packages/app_shell/lib/src/features/profile/profile_sheets.dart; packages/app_shell/lib/app_first_runtime_bootstrap.dart,"Use POKROV client canon: app-first and consumer-first; trial is 5 days; Telegram reward is +10 days; default core is sing-box with xray only as advanced fallback; do not imply store availability, stable 1.0.0, trusted Windows signing, raw Android physical-audit proof, payment production maturity, or RU-origin readiness without current owner/operator evidence.",Direct refs: POKROV-app/packages/app_shell/test/pokrov_seed_app_test.dart; POKROV-app/packages/app_shell/test/app_first_runtime_bootstrap_test.dart. Imported tracker note: pokrov_seed_app_test.dart: subscription sheet; app_first_runtime_bootstrap_test.dart: subscription API,Retest passed,Passed,,Not needed,Retest passed,,Keep covered in regression suite,2026-06-27
CLIENT_APP-US-035,POKROV client app,docs/audit-artifacts/source-trackers/2026-06-27/pokrov-client-user-story-tracker.xlsx,US-035,Profile,,Checkout handoff,"As a user, I want payment actions to open the canonical checkout safely.","Checkout actions use the canonical configured checkout URL and external handoff launcher, with failure reported through snackbar rather than silent no-op.",packages/app_shell/lib/src/features/profile/profile_surface.dart; packages/app_shell/lib/src/shell/seed_shell.dart,"Use POKROV client canon: app-first and consumer-first; trial is 5 days; Telegram reward is +10 days; default core is sing-box with xray only as advanced fallback; do not imply store availability, stable 1.0.0, trusted Windows signing, raw Android physical-audit proof, payment production maturity, or RU-origin readiness without current owner/operator evidence.",Direct refs: POKROV-app/packages/app_shell/test/pokrov_seed_app_test.dart. Imported tracker note: pokrov_seed_app_test.dart: checkout handoff,Retest passed,Passed,,Not needed,Retest passed,,Keep covered in regression suite,2026-06-27
CLIENT_APP-US-036,POKROV client app,docs/audit-artifacts/source-trackers/2026-06-27/pokrov-client-user-story-tracker.xlsx,US-036,Profile,,Cabinet handoff,"As a user, I want cabinet actions to open an authenticated cabinet handoff when possible.","Cabinet actions request a session-scoped cabinet handoff URL, open it externally, and fall back to the safe cabinet URL if the handoff service fails.",packages/app_shell/lib/src/shell/seed_shell.dart; packages/app_shell/lib/app_first_runtime_bootstrap.dart,"Use POKROV client canon: app-first and consumer-first; trial is 5 days; Telegram reward is +10 days; default core is sing-box with xray only as advanced fallback; do not imply store availability, stable 1.0.0, trusted Windows signing, raw Android physical-audit proof, payment production maturity, or RU-origin readiness without current owner/operator evidence.",Direct refs: POKROV-app/packages/app_shell/test/pokrov_seed_app_test.dart; POKROV-app/packages/app_shell/test/app_first_runtime_bootstrap_test.dart. Imported tracker note: pokrov_seed_app_test.dart: cabinet actions; app_first_runtime_bootstrap_test.dart: cabinet handoff,Retest passed,Passed,,Not needed,Retest passed,,Keep covered in regression suite,2026-06-27
CLIENT_APP-US-037,POKROV client app,docs/audit-artifacts/source-trackers/2026-06-27/pokrov-client-user-story-tracker.xlsx,US-037,Profile,,Telegram account link,"As a user, I want to link Telegram from Profile so support and rewards can work.","The Telegram link action calls the app-first Telegram link endpoint, opens the returned bot URL, updates linked/code-opened status, and shows non-fatal errors.",packages/app_shell/lib/src/features/profile/profile_surface.dart; packages/app_shell/lib/src/shell/seed_shell.dart; packages/app_shell/lib/app_first_runtime_bootstrap.dart,"Use POKROV client canon: app-first and consumer-first; trial is 5 days; Telegram reward is +10 days; default core is sing-box with xray only as advanced fallback; do not imply store availability, stable 1.0.0, trusted Windows signing, raw Android physical-audit proof, payment production maturity, or RU-origin readiness without current owner/operator evidence.",Direct refs: POKROV-app/packages/app_shell/test/pokrov_seed_app_test.dart; POKROV-app/packages/app_shell/test/app_first_runtime_bootstrap_test.dart. Imported tracker note: pokrov_seed_app_test.dart: Telegram profile action; app_first_runtime_bootstrap_test.dart: Telegram link,Retest passed,Passed,,Not needed,Retest passed,,Keep covered in regression suite,2026-06-27
CLIENT_APP-US-038,POKROV client app,docs/audit-artifacts/source-trackers/2026-06-27/pokrov-client-user-story-tracker.xlsx,US-038,Profile,,Telegram bonus from Profile,"As a user, I want to check and claim the Telegram bonus from Profile as well as Home.","Profile exposes check/claim states, disables busy duplicate actions, shows errors inline, and refreshes bonus summary after claim.",packages/app_shell/lib/src/features/profile/profile_surface.dart; packages/app_shell/lib/src/shell/seed_shell.dart,"Use POKROV client canon: app-first and consumer-first; trial is 5 days; Telegram reward is +10 days; default core is sing-box with xray only as advanced fallback; do not imply store availability, stable 1.0.0, trusted Windows signing, raw Android physical-audit proof, payment production maturity, or RU-origin readiness without current owner/operator evidence.",Direct refs: POKROV-app/packages/app_shell/test/pokrov_seed_app_test.dart. Imported tracker note: pokrov_seed_app_test.dart: profile Telegram bonus,Retest passed,Passed,,Not needed,Retest passed,,Keep covered in regression suite,2026-06-27
CLIENT_APP-US-039,POKROV client app,docs/audit-artifacts/source-trackers/2026-06-27/pokrov-client-user-story-tracker.xlsx,US-039,Profile,,Email recovery,"As a user, I want email setup and recovery paths to be available without treating email as the primary login path.","The email sheet explains email as recovery/backup, opens cabinet email/recovery paths, and does not replace app-first or Telegram-linked flows.",packages/app_shell/lib/src/features/profile/profile_sheets.dart,"Use POKROV client canon: app-first and consumer-first; trial is 5 days; Telegram reward is +10 days; default core is sing-box with xray only as advanced fallback; do not imply store availability, stable 1.0.0, trusted Windows signing, raw Android physical-audit proof, payment production maturity, or RU-origin readiness without current owner/operator evidence.",Direct refs: POKROV-app/packages/app_shell/test/pokrov_seed_app_test.dart. Imported tracker note: pokrov_seed_app_test.dart: email recovery sheet,Retest passed,Passed,,Not needed,Retest passed,,Keep covered in regression suite,2026-06-27
CLIENT_APP-US-040,POKROV client app,docs/audit-artifacts/source-trackers/2026-06-27/pokrov-client-user-story-tracker.xlsx,US-040,Profile,,Device management,"As a user, I want to see devices and revoke old ones.","The devices sheet fetches devices through the app-session API, labels the current device, allows revocation for other devices, reloads after success, and reports errors inline.",packages/app_shell/lib/src/features/profile/profile_sheets.dart; packages/app_shell/lib/app_first_runtime_bootstrap.dart,"Use POKROV client canon: app-first and consumer-first; trial is 5 days; Telegram reward is +10 days; default core is sing-box with xray only as advanced fallback; do not imply store availability, stable 1.0.0, trusted Windows signing, raw Android physical-audit proof, payment production maturity, or RU-origin readiness without current owner/operator evidence.",Direct refs: POKROV-app/packages/app_shell/test/pokrov_seed_app_test.dart; POKROV-app/packages/app_shell/test/app_first_runtime_bootstrap_test.dart. Imported tracker note: pokrov_seed_app_test.dart: devices sheet; app_first_runtime_bootstrap_test.dart: devices API,Retest passed,Passed,,Not needed,Retest passed,,Keep covered in regression suite,2026-06-27
CLIENT_APP-US-041,POKROV client app,docs/audit-artifacts/source-trackers/2026-06-27/pokrov-client-user-story-tracker.xlsx,US-041,Profile,,Redeem code,"As a user, I want to apply a gift or activation code after onboarding.","Profile opens a redeem sheet, validates non-empty input, rejects raw subscription links, calls the redeem endpoint, updates access state, and refreshes rewards when relevant.",packages/app_shell/lib/src/features/profile/profile_sheets.dart; packages/app_shell/lib/src/shell/seed_shell.dart; packages/app_shell/lib/app_first_runtime_bootstrap.dart,"Use POKROV client canon: app-first and consumer-first; trial is 5 days; Telegram reward is +10 days; default core is sing-box with xray only as advanced fallback; do not imply store availability, stable 1.0.0, trusted Windows signing, raw Android physical-audit proof, payment production maturity, or RU-origin readiness without current owner/operator evidence.",Direct refs: POKROV-app/packages/app_shell/test/pokrov_seed_app_test.dart; POKROV-app/packages/app_shell/test/app_first_runtime_bootstrap_test.dart. Imported tracker note: pokrov_seed_app_test.dart: profile redeem/gift; app_first_runtime_bootstrap_test.dart: redeem,Retest passed,Passed,,Not needed,Retest passed,,Keep covered in regression suite,2026-06-27
CLIENT_APP-US-042,POKROV client app,docs/audit-artifacts/source-trackers/2026-06-27/pokrov-client-user-story-tracker.xlsx,US-042,Profile,,Notifications,"As a user, I want to read app notices and open safe CTAs.","Profile shows notification count, opens a notifications sheet, marks items read through the app-session API, displays safe notification rows, and opens CTA URLs via the controlled handoff path.",packages/app_shell/lib/src/features/profile/profile_sheets.dart; packages/app_shell/lib/src/shell/seed_shell.dart; packages/app_shell/lib/app_first_runtime_bootstrap.dart,"Use POKROV client canon: app-first and consumer-first; trial is 5 days; Telegram reward is +10 days; default core is sing-box with xray only as advanced fallback; do not imply store availability, stable 1.0.0, trusted Windows signing, raw Android physical-audit proof, payment production maturity, or RU-origin readiness without current owner/operator evidence.",Direct refs: POKROV-app/packages/app_shell/test/pokrov_seed_app_test.dart; POKROV-app/packages/app_shell/test/app_first_runtime_bootstrap_test.dart. Imported tracker note: pokrov_seed_app_test.dart: notifications; app_first_runtime_bootstrap_test.dart: notifications API,Retest passed,Passed,,Not needed,Retest passed,,Keep covered in regression suite,2026-06-27
CLIENT_APP-US-043,POKROV client app,docs/audit-artifacts/source-trackers/2026-06-27/pokrov-client-user-story-tracker.xlsx,US-043,Profile,,Diagnostics sheet,"As a user or support operator, I want a safe diagnostics view for app state.","Diagnostics show app version, beta channel, device, connection status, route mode, and WARP status only; advanced controls or raw runtime artifacts are not exposed.",packages/app_shell/lib/src/features/profile/profile_sheets.dart,"Use POKROV client canon: app-first and consumer-first; trial is 5 days; Telegram reward is +10 days; default core is sing-box with xray only as advanced fallback; do not imply store availability, stable 1.0.0, trusted Windows signing, raw Android physical-audit proof, payment production maturity, or RU-origin readiness without current owner/operator evidence.",Direct refs: POKROV-app/packages/app_shell/test/pokrov_seed_app_test.dart. Imported tracker note: pokrov_seed_app_test.dart: diagnostics sheet,Retest passed,Passed,,Not needed,Retest passed,,Keep covered in regression suite,2026-06-27
CLIENT_APP-US-044,POKROV client app,docs/audit-artifacts/source-trackers/2026-06-27/pokrov-client-user-story-tracker.xlsx,US-044,Rewards,,Rewards hub,"As a user, I want a single rewards hub with Telegram, referral, promo, history, and feature-gated activities.","The rewards sheet shows Telegram and referral cards, safe promo slots, compact history, optional wheel/calendar activities only when enabled, and a refresh action.",packages/app_shell/lib/src/features/rewards/rewards_hub.dart,"Use POKROV client canon: app-first and consumer-first; trial is 5 days; Telegram reward is +10 days; default core is sing-box with xray only as advanced fallback; do not imply store availability, stable 1.0.0, trusted Windows signing, raw Android physical-audit proof, payment production maturity, or RU-origin readiness without current owner/operator evidence.",Direct refs: POKROV-app/packages/app_shell/test/pokrov_seed_app_test.dart. Imported tracker note: pokrov_seed_app_test.dart: rewards hub,Retest passed,Passed,,Not needed,Retest passed,,Keep covered in regression suite,2026-06-27
CLIENT_APP-US-045,POKROV client app,docs/audit-artifacts/source-trackers/2026-06-27/pokrov-client-user-story-tracker.xlsx,US-045,Rewards,,Referral code and link,"As a user, I want to copy or share my referral code/link safely.","The hub exposes copy-code, copy-link, and share/open-link actions when referral data exists; referral links are limited to safe Telegram URLs.",packages/app_shell/lib/src/features/rewards/rewards_hub.dart,"Use POKROV client canon: app-first and consumer-first; trial is 5 days; Telegram reward is +10 days; default core is sing-box with xray only as advanced fallback; do not imply store availability, stable 1.0.0, trusted Windows signing, raw Android physical-audit proof, payment production maturity, or RU-origin readiness without current owner/operator evidence.",Direct refs: POKROV-app/packages/app_shell/test/pokrov_seed_app_test.dart. Imported tracker note: pokrov_seed_app_test.dart: referral actions,Retest passed,Passed,,Not needed,Retest passed,,Keep covered in regression suite,2026-06-27
CLIENT_APP-US-046,POKROV client app,docs/audit-artifacts/source-trackers/2026-06-27/pokrov-client-user-story-tracker.xlsx,US-046,Rewards,,Rewards promo safety,"As an operator, I want promo/reward slots to render only allowed links and content.","Rewards promo slots accept safe tg:// or https links to t.me/pokrov.space hosts, hide unsafe URLs, cap display count, and do not render arbitrary remote code.",packages/app_shell/lib/src/features/rewards/rewards_hub.dart; packages/app_shell/lib/app_first_runtime_bootstrap.dart,"Use POKROV client canon: app-first and consumer-first; trial is 5 days; Telegram reward is +10 days; default core is sing-box with xray only as advanced fallback; do not imply store availability, stable 1.0.0, trusted Windows signing, raw Android physical-audit proof, payment production maturity, or RU-origin readiness without current owner/operator evidence.",Direct refs: POKROV-app/packages/app_shell/test/pokrov_seed_app_test.dart; POKROV-app/packages/app_shell/test/app_first_runtime_bootstrap_test.dart. Imported tracker note: pokrov_seed_app_test.dart: rewards promo safety; app_first_runtime_bootstrap_test.dart: promo slots,Retest passed,Passed,,Not needed,Retest passed,,Keep covered in regression suite,2026-06-27
CLIENT_APP-US-047,POKROV client app,docs/audit-artifacts/source-trackers/2026-06-27/pokrov-client-user-story-tracker.xlsx,US-047,Rewards,,Wheel and calendar activities,"As a user, I want optional reward activities to appear only when the backend says they are available.","Wheel and calendar controls are hidden when disabled, run through app-session endpoints when enabled, update summary/history, mark profile dirty, and show earned days or saved check-in feedback.",packages/app_shell/lib/src/features/rewards/rewards_hub.dart; packages/app_shell/lib/src/shell/seed_shell.dart; packages/app_shell/lib/app_first_runtime_bootstrap.dart,"Use POKROV client canon: app-first and consumer-first; trial is 5 days; Telegram reward is +10 days; default core is sing-box with xray only as advanced fallback; do not imply store availability, stable 1.0.0, trusted Windows signing, raw Android physical-audit proof, payment production maturity, or RU-origin readiness without current owner/operator evidence.",Direct refs: POKROV-app/packages/app_shell/test/pokrov_seed_app_test.dart; POKROV-app/packages/app_shell/test/app_first_runtime_bootstrap_test.dart. Imported tracker note: pokrov_seed_app_test.dart: wheel/calendar gated and active; app_first_runtime_bootstrap_test.dart: reward feature flags,Retest passed,Passed,,Not needed,Retest passed,,Keep covered in regression suite,2026-06-27
CLIENT_APP-US-048,POKROV client app,docs/audit-artifacts/source-trackers/2026-06-27/pokrov-client-user-story-tracker.xlsx,US-048,Support,,Support chat entry,"As a user, I want Profile to open a real support screen rather than a placeholder.","Support opens as a separate screen, loads existing tickets, chooses an open ticket when available, and shows Telegram fallback for access problems.",packages/app_shell/lib/src/features/support/support_chat.dart; packages/app_shell/lib/src/features/profile/profile_surface.dart,"Use POKROV client canon: app-first and consumer-first; trial is 5 days; Telegram reward is +10 days; default core is sing-box with xray only as advanced fallback; do not imply store availability, stable 1.0.0, trusted Windows signing, raw Android physical-audit proof, payment production maturity, or RU-origin readiness without current owner/operator evidence.",Direct refs: POKROV-app/packages/app_shell/test/pokrov_seed_app_test.dart. Imported tracker note: pokrov_seed_app_test.dart: support chat loads ticket,Retest passed,Passed,,Not needed,Retest passed,,Keep covered in regression suite,2026-06-27
CLIENT_APP-US-049,POKROV client app,docs/audit-artifacts/source-trackers/2026-06-27/pokrov-client-user-story-tracker.xlsx,US-049,Support,,Support issue chips,"As a user, I want quick issue chips to help me start a support message.","Issue chips fill the composer with common topics such as connection, speed, payment, bonuses, or other without sending automatically.",packages/app_shell/lib/src/features/support/support_chat.dart,"Use POKROV client canon: app-first and consumer-first; trial is 5 days; Telegram reward is +10 days; default core is sing-box with xray only as advanced fallback; do not imply store availability, stable 1.0.0, trusted Windows signing, raw Android physical-audit proof, payment production maturity, or RU-origin readiness without current owner/operator evidence.",Direct refs: POKROV-app/packages/app_shell/test/pokrov_seed_app_test.dart. Imported tracker note: pokrov_seed_app_test.dart: support issue chips,Retest passed,Passed,,Not needed,Retest passed,,Keep covered in regression suite,2026-06-27
CLIENT_APP-US-050,POKROV client app,docs/audit-artifacts/source-trackers/2026-06-27/pokrov-client-user-story-tracker.xlsx,US-050,Support,,Ticket message send,"As a user, I want sending a support message to create or update a real ticket.","Send is disabled for empty/loading/busy states, creates a ticket when none exists, sends a message for existing tickets, appends local user and assistant confirmation bubbles, and reports failures with retry/Telegram guidance.",packages/app_shell/lib/src/features/support/support_chat.dart,"Use POKROV client canon: app-first and consumer-first; trial is 5 days; Telegram reward is +10 days; default core is sing-box with xray only as advanced fallback; do not imply store availability, stable 1.0.0, trusted Windows signing, raw Android physical-audit proof, payment production maturity, or RU-origin readiness without current owner/operator evidence.",Direct refs: POKROV-app/packages/app_shell/test/pokrov_seed_app_test.dart. Imported tracker note: pokrov_seed_app_test.dart: support send/create/failure,Retest passed,Passed,,Not needed,Retest passed,,Keep covered in regression suite,2026-06-27
CLIENT_APP-US-051,POKROV client app,docs/audit-artifacts/source-trackers/2026-06-27/pokrov-client-user-story-tracker.xlsx,US-051,Support,,Support polling and lifecycle,"As a user, I want support status to reflect whether an operator can answer and whether the thread is open.","Open tickets poll every 10 seconds, lifecycle hints distinguish loading/ready/tracking/refreshing/operator/closed/offline states, and retry reloads the thread after offline errors.",packages/app_shell/lib/src/features/support/support_chat.dart,"Use POKROV client canon: app-first and consumer-first; trial is 5 days; Telegram reward is +10 days; default core is sing-box with xray only as advanced fallback; do not imply store availability, stable 1.0.0, trusted Windows signing, raw Android physical-audit proof, payment production maturity, or RU-origin readiness without current owner/operator evidence.",Direct refs: POKROV-app/packages/app_shell/test/pokrov_seed_app_test.dart. Imported tracker note: pokrov_seed_app_test.dart: support polling/offline/retry,Retest passed,Passed,,Not needed,Retest passed,,Keep covered in regression suite,2026-06-27
CLIENT_APP-US-052,POKROV client app,docs/audit-artifacts/source-trackers/2026-06-27/pokrov-client-user-story-tracker.xlsx,US-052,Support,,Support diagnostics attachment,"As a user, I want to preview diagnostics before sending them to support.","Diagnostics preview shows only safe fields, attachment is explicit, queued diagnostics can be cleared, and outgoing payloads are redacted by the support context helpers.",packages/app_shell/lib/src/features/support/support_chat.dart; packages/support_context/lib/support_context.dart,"Use POKROV client canon: app-first and consumer-first; trial is 5 days; Telegram reward is +10 days; default core is sing-box with xray only as advanced fallback; do not imply store availability, stable 1.0.0, trusted Windows signing, raw Android physical-audit proof, payment production maturity, or RU-origin readiness without current owner/operator evidence.",Direct refs: POKROV-app/packages/app_shell/test/pokrov_seed_app_test.dart; POKROV-app/packages/app_shell/test/assistant_contract_test.dart. Imported tracker note: pokrov_seed_app_test.dart: support diagnostics; assistant_contract_test.dart,Retest passed,Passed,,Not needed,Retest passed,,Keep covered in regression suite,2026-06-27
CLIENT_APP-US-053,POKROV client app,docs/audit-artifacts/source-trackers/2026-06-27/pokrov-client-user-story-tracker.xlsx,US-053,Support,,AI support helper contract,"As a support user, I want assistant suggestions to stay scoped to support and never leak sensitive config.","Assistant calls are session-scoped, ticket-backed, use only support-safe diagnostics, redact URLs/tokens/raw configs/private keys, and require confirmation before any action-like suggestion.",packages/app_shell/lib/src/assistant/pokrov_ai_assistant.dart; packages/support_context/lib/support_context.dart; packages/app_shell/lib/app_first_runtime_bootstrap.dart,"Use POKROV client canon: app-first and consumer-first; trial is 5 days; Telegram reward is +10 days; default core is sing-box with xray only as advanced fallback; do not imply store availability, stable 1.0.0, trusted Windows signing, raw Android physical-audit proof, payment production maturity, or RU-origin readiness without current owner/operator evidence.",Direct refs: POKROV-app/packages/app_shell/test/app_first_runtime_bootstrap_test.dart; POKROV-app/packages/app_shell/test/assistant_contract_test.dart. Imported tracker note: assistant_contract_test.dart; app_first_runtime_bootstrap_test.dart,Retest passed,Passed,,Not needed,Retest passed,,Keep covered in regression suite,2026-06-27
CLIENT_APP-US-054,POKROV client app,docs/audit-artifacts/source-trackers/2026-06-27/pokrov-client-user-story-tracker.xlsx,US-054,External handoff,,Allowed external destinations,"As a user, I want app buttons to open only expected public/support/cabinet/payment destinations.","Checkout, cabinet, download, community, support, feedback, notification, promo, and referral handoffs are normalized through safe URI builders and fallbacks; blocked or failed launches are visible.",packages/app_shell/lib/src/shell/seed_shell.dart; packages/app_shell/lib/src/features/home/home_surface.dart; packages/app_shell/lib/src/features/rewards/rewards_hub.dart,"Use POKROV client canon: app-first and consumer-first; trial is 5 days; Telegram reward is +10 days; default core is sing-box with xray only as advanced fallback; do not imply store availability, stable 1.0.0, trusted Windows signing, raw Android physical-audit proof, payment production maturity, or RU-origin readiness without current owner/operator evidence.",Direct refs: POKROV-app/packages/app_shell/test/pokrov_seed_app_test.dart. Imported tracker note: pokrov_seed_app_test.dart: handoff safety,Retest passed,Passed,,Not needed,Retest passed,,Keep covered in regression suite,2026-06-27
CLIENT_APP-US-055,POKROV client app,docs/audit-artifacts/source-trackers/2026-06-27/pokrov-client-user-story-tracker.xlsx,US-055,App-first backend,,Session bootstrap and retry,"As a user, I want backend calls to recover from expired app sessions automatically.","Bootstrap starts a trial when no session exists, persists session/device identifiers, retries once on session failures, and syncs route policy before fetching managed manifests.",packages/app_shell/lib/app_first_runtime_bootstrap.dart,"Use POKROV client canon: app-first and consumer-first; trial is 5 days; Telegram reward is +10 days; default core is sing-box with xray only as advanced fallback; do not imply store availability, stable 1.0.0, trusted Windows signing, raw Android physical-audit proof, payment production maturity, or RU-origin readiness without current owner/operator evidence.",Direct refs: POKROV-app/packages/app_shell/test/app_first_runtime_bootstrap_test.dart. Imported tracker note: app_first_runtime_bootstrap_test.dart: session bootstrap and retry,Retest passed,Passed,,Not needed,Retest passed,,Keep covered in regression suite,2026-06-27
CLIENT_APP-US-056,POKROV client app,docs/audit-artifacts/source-trackers/2026-06-27/pokrov-client-user-story-tracker.xlsx,US-056,App-first backend,,Android direct API fallback,"As an Android user, I want the app to keep reaching the canonical API when DNS is unreliable.",Android HTTPS requests to api.pokrov.space may bootstrap through the canonical control-plane IP while preserving the public host/TLS contract; other platforms and hosts do not silently swap origins.,packages/app_shell/lib/app_first_runtime_bootstrap.dart,"Use POKROV client canon: app-first and consumer-first; trial is 5 days; Telegram reward is +10 days; default core is sing-box with xray only as advanced fallback; do not imply store availability, stable 1.0.0, trusted Windows signing, raw Android physical-audit proof, payment production maturity, or RU-origin readiness without current owner/operator evidence.",Direct refs: POKROV-app/packages/app_shell/test/app_first_runtime_bootstrap_test.dart. Imported tracker note: app_first_runtime_bootstrap_test.dart: direct address fallback,Retest passed,Passed,,Not needed,Retest passed,,Keep covered in regression suite,2026-06-27
CLIENT_APP-US-057,POKROV client app,docs/audit-artifacts/source-trackers/2026-06-27/pokrov-client-user-story-tracker.xlsx,US-057,App-first backend,,Client data APIs,"As a user, I want locations, subscription, devices, notifications, push, and assistant data to be tied to my app session.","All client data calls use app-session auth, parse safe typed DTOs, retry session failures where designed, and preserve app-first identity rather than requiring manual username sync.",packages/app_shell/lib/app_first_runtime_bootstrap.dart,"Use POKROV client canon: app-first and consumer-first; trial is 5 days; Telegram reward is +10 days; default core is sing-box with xray only as advanced fallback; do not imply store availability, stable 1.0.0, trusted Windows signing, raw Android physical-audit proof, payment production maturity, or RU-origin readiness without current owner/operator evidence.",Direct refs: POKROV-app/packages/app_shell/test/app_first_runtime_bootstrap_test.dart. Imported tracker note: app_first_runtime_bootstrap_test.dart: client P0/P1 API additions,Retest passed,Passed,,Not needed,Retest passed,,Keep covered in regression suite,2026-06-27
CLIENT_APP-US-058,POKROV client app,docs/audit-artifacts/source-trackers/2026-06-27/pokrov-client-user-story-tracker.xlsx,US-058,Routing,,All-except-RU rules,"As a user, I want the default mode to protect non-RU traffic while keeping RU services direct.","All-except-RU policy materializes local bypass rules, route selections, and platform-specific config for the current runtime without changing node-pool assignment or hiding routing changes.",packages/app_shell/lib/app_first_runtime_bootstrap.dart; packages/app_shell/lib/src/seed/seed_context.dart,"Use POKROV client canon: app-first and consumer-first; trial is 5 days; Telegram reward is +10 days; default core is sing-box with xray only as advanced fallback; do not imply store availability, stable 1.0.0, trusted Windows signing, raw Android physical-audit proof, payment production maturity, or RU-origin readiness without current owner/operator evidence.",Direct refs: POKROV-app/packages/app_shell/test/app_first_runtime_bootstrap_test.dart. Imported tracker note: app_first_runtime_bootstrap_test.dart: all-except-RU rules,Retest passed,Passed,,Not needed,Retest passed,,Keep covered in regression suite,2026-06-27
CLIENT_APP-US-059,POKROV client app,docs/audit-artifacts/source-trackers/2026-06-27/pokrov-client-user-story-tracker.xlsx,US-059,Routing,,Selected-app config materialization,"As a selected-app user, I want only chosen apps to use the tunnel where the platform supports it.","Selected app IDs are sent in route policy, materialized into runtime config only for supported platforms, and omitted when another route mode is selected.",packages/app_shell/lib/src/shell/seed_shell.dart; packages/app_shell/lib/app_first_runtime_bootstrap.dart,"Use POKROV client canon: app-first and consumer-first; trial is 5 days; Telegram reward is +10 days; default core is sing-box with xray only as advanced fallback; do not imply store availability, stable 1.0.0, trusted Windows signing, raw Android physical-audit proof, payment production maturity, or RU-origin readiness without current owner/operator evidence.",Direct refs: POKROV-app/packages/app_shell/test/pokrov_seed_app_test.dart; POKROV-app/packages/app_shell/test/app_first_runtime_bootstrap_test.dart. Imported tracker note: pokrov_seed_app_test.dart: selected apps; app_first_runtime_bootstrap_test.dart: selected-app config,Retest passed,Passed,,Not needed,Retest passed,,Keep covered in regression suite,2026-06-27
CLIENT_APP-US-060,POKROV client app,docs/audit-artifacts/source-trackers/2026-06-27/pokrov-client-user-story-tracker.xlsx,US-060,Runtime Android,,Mobile artifact runtime bridge,"As an Android user, I want runtime control to go through the native bridge and degrade gracefully if the bridge is unavailable.","The mobile engine delegates snapshot/init/stage/connect/disconnect/WARP/live stats/push token calls to the MethodChannel, parses diagnostics, and falls back to safe snapshots on missing bridge errors.",packages/runtime_engine/lib/runtime_engine.dart; apps/android_shell,"Use POKROV client canon: app-first and consumer-first; trial is 5 days; Telegram reward is +10 days; default core is sing-box with xray only as advanced fallback; do not imply store availability, stable 1.0.0, trusted Windows signing, raw Android physical-audit proof, payment production maturity, or RU-origin readiness without current owner/operator evidence.",Direct refs: POKROV-app/packages/runtime_engine/test/runtime_engine_test.dart; POKROV-app/apps/android_shell/test/widget_test.dart; POKROV-app/apps/android_shell/test/android_manifest_test.dart. Imported tracker note: runtime_engine tests: mobile artifact bridge; apps/android_shell/test,Retest passed,Passed,,Not needed,Retest passed,,Keep covered in regression suite,2026-06-27
CLIENT_APP-US-061,POKROV client app,docs/audit-artifacts/source-trackers/2026-06-27/pokrov-client-user-story-tracker.xlsx,US-061,Runtime Desktop,,Windows desktop runtime,"As a Windows beta user, I want the app to find libcore artifacts, stage config, and start the runtime reliably.","Desktop runtime discovers libcore, writes managed profile config, syncs options, starts/stops the runtime, probes local proxy health, and reports honest live stats.",packages/runtime_engine/lib/runtime_engine.dart; apps/windows_shell,"Use POKROV client canon: app-first and consumer-first; trial is 5 days; Telegram reward is +10 days; default core is sing-box with xray only as advanced fallback; do not imply store availability, stable 1.0.0, trusted Windows signing, raw Android physical-audit proof, payment production maturity, or RU-origin readiness without current owner/operator evidence.",Direct refs: POKROV-app/packages/runtime_engine/test/runtime_engine_test.dart; POKROV-app/apps/windows_shell/test/widget_test.dart; POKROV-app/apps/windows_shell/test/windows_release_contract_test.dart. Imported tracker note: runtime_engine tests: desktop runtime; apps/windows_shell/test,Retest passed,Passed,,Not needed,Retest passed,,Keep covered in regression suite,2026-06-27
CLIENT_APP-US-062,POKROV client app,docs/audit-artifacts/source-trackers/2026-06-27/pokrov-client-user-story-tracker.xlsx,US-062,Runtime,,Live stats honesty,"As a user, I should not see fake traffic or fabricated health values.","Live stats come from host/runtime data when available, otherwise surface unavailable/zeroed states honestly without synthetic traffic.",packages/runtime_engine/lib/runtime_engine.dart,"Use POKROV client canon: app-first and consumer-first; trial is 5 days; Telegram reward is +10 days; default core is sing-box with xray only as advanced fallback; do not imply store availability, stable 1.0.0, trusted Windows signing, raw Android physical-audit proof, payment production maturity, or RU-origin readiness without current owner/operator evidence.",Direct refs: POKROV-app/packages/runtime_engine/test/runtime_engine_test.dart. Imported tracker note: runtime_engine tests: honest stats,Retest passed,Passed,,Not needed,Retest passed,,Keep covered in regression suite,2026-06-27
CLIENT_APP-US-063,POKROV client app,docs/audit-artifacts/source-trackers/2026-06-27/pokrov-client-user-story-tracker.xlsx,US-063,Android shell,,Foreground service hardening,"As an Android user, I want VPN runtime foreground service failures to be handled safely.",Android manifest/service tests ensure special foreground permissions and hardened failure handling are present for the outside-store beta shell.,apps/android_shell/android/app/src/main/AndroidManifest.xml; apps/android_shell/android/app/src/main/kotlin/space/pokrov/pokrov_android_shell/PokrovRuntimeVpnService.kt; apps/android_shell/android/app/src/main/kotlin/space/pokrov/pokrov_android_shell/AndroidPlatformRuntimeBridge.kt,"Use POKROV client canon: app-first and consumer-first; trial is 5 days; Telegram reward is +10 days; default core is sing-box with xray only as advanced fallback; do not imply store availability, stable 1.0.0, trusted Windows signing, raw Android physical-audit proof, payment production maturity, or RU-origin readiness without current owner/operator evidence.",Direct refs: POKROV-app/apps/android_shell/test/widget_test.dart; POKROV-app/apps/android_shell/test/android_manifest_test.dart; POKROV-app/apps/android_shell/android/app/src/test/kotlin/space/pokrov/pokrov_android_shell/AndroidManifestPermissionsTest.kt; POKROV-app/apps/android_shell/android/app/src/test/kotlin/space/pokrov/pokrov_android_shell/AndroidPlatformRuntimeBridgeTest.kt; POKROV-app/apps/android_shell/android/app/src/test/kotlin/space/pokrov/pokrov_android_shell/AndroidRuntimeStateTest.kt; POKROV-app/apps/android_shell/android/app/src/test/kotlin/space/pokrov/pokrov_android_shell/AndroidSystemDnsPlannerTest.kt; POKROV-app/apps/android_shell/android/app/src/test/kotlin/space/pokrov/pokrov_android_shell/AndroidTunRoutePlannerTest.kt. Imported tracker note: apps/android_shell/test; Android Gradle unit tests,Retest passed,Passed,,Not needed,Retest passed,,Keep covered in regression suite,2026-06-27
CLIENT_APP-US-064,POKROV client app,docs/audit-artifacts/source-trackers/2026-06-27/pokrov-client-user-story-tracker.xlsx,US-064,Windows shell,,Unsigned beta release contract,"As a Windows beta user, I want release wording and runtime assumptions to match the actual unsigned beta.",Windows tests preserve the libcore-only unsigned beta contract and avoid claiming trusted Windows signing or stable 1.0.0 readiness.,apps/windows_shell/test/windows_release_contract_test.dart; apps/windows_shell/test/widget_test.dart; docs/operations/publishing-and-signing-guide.md,"Use POKROV client canon: app-first and consumer-first; trial is 5 days; Telegram reward is +10 days; default core is sing-box with xray only as advanced fallback; do not imply store availability, stable 1.0.0, trusted Windows signing, raw Android physical-audit proof, payment production maturity, or RU-origin readiness without current owner/operator evidence.",Direct refs: POKROV-app/apps/windows_shell/test/widget_test.dart; POKROV-app/apps/windows_shell/test/windows_release_contract_test.dart. Imported tracker note: apps/windows_shell/test,Retest passed,Passed,ISS-001,Fixed,Retest passed,,Keep covered in regression suite,2026-06-27
CLIENT_APP-US-065,POKROV client app,docs/audit-artifacts/source-trackers/2026-06-27/pokrov-client-user-story-tracker.xlsx,US-065,Design system,,Premium quiet UI,"As a POKROV user, I want the app to feel calm, flat, and premium rather than noisy or placeholder-like.","The design system preserves tokenized colors, dark mode, motion/reduced-motion behavior, compact controls, skeletons, desktop sidebar, and no generic AI-purple/card-spam patterns.",packages/app_shell/lib/src/design_system/design_system.dart; packages/app_shell/lib/src/design_system/pokrov_palette.dart; packages/app_shell/lib/src/design_system/pokrov_controls.dart,"Use POKROV client canon: app-first and consumer-first; trial is 5 days; Telegram reward is +10 days; default core is sing-box with xray only as advanced fallback; do not imply store availability, stable 1.0.0, trusted Windows signing, raw Android physical-audit proof, payment production maturity, or RU-origin readiness without current owner/operator evidence.",Direct refs: POKROV-app/packages/app_shell/test/pokrov_seed_app_test.dart; POKROV-app/packages/app_shell/test/ui_copy_contract_test.dart; POKROV-app/packages/app_shell/test/design_system_contract_test.dart. Imported tracker note: design_system_contract_test.dart; ui_copy_contract_test.dart; pokrov_seed_app_test.dart,Retest passed,Passed,,Not needed,Retest passed,,Keep covered in regression suite,2026-06-27
CLIENT_APP-US-066,POKROV client app,docs/audit-artifacts/source-trackers/2026-06-27/pokrov-client-user-story-tracker.xlsx,US-066,Copy and claims,,Beta honesty and allowed VPN wording,"As a user, I want copy that plainly says POKROV VPN where useful while staying honest about beta scope.","Visible app copy may use VPN/ВПН, keeps app-first identity, avoids store/stable/trusted-signing/RU-origin claims, and keeps beta status in diagnostics rather than marketing UI.",packages/app_shell/test/ui_copy_contract_test.dart; docs/product/portal-vpn-product.md; POKROV-app/docs/operations/2026-06-13-pokrov-product-ui-plan-closure-audit.md,"Use POKROV client canon: app-first and consumer-first; trial is 5 days; Telegram reward is +10 days; default core is sing-box with xray only as advanced fallback; do not imply store availability, stable 1.0.0, trusted Windows signing, raw Android physical-audit proof, payment production maturity, or RU-origin readiness without current owner/operator evidence.",Direct refs: POKROV-app/packages/app_shell/test/pokrov_seed_app_test.dart; POKROV-app/packages/app_shell/test/ui_copy_contract_test.dart. Imported tracker note: ui_copy_contract_test.dart; pokrov_seed_app_test.dart,Retest passed,Passed,,Not needed,Retest passed,,Keep covered in regression suite,2026-06-27
CLIENT_APP-US-067,POKROV client app,docs/audit-artifacts/source-trackers/2026-06-27/pokrov-client-user-story-tracker.xlsx,US-067,Release gates,,Manual owner gates,"As the operator, I want tests to distinguish local automation from owner-only release gates.","Physical Android audit, real Telegram WebApp/user session, signing identity, store access, payment dashboard, live deploy, and RU-origin probe checks are recorded as manual/skipped/blocked statuses rather than silently passing.",docs/operations/publishing-and-signing-guide.md; docs/operations/deployment-and-access.md; POKROV-app/docs/operations/cutover-readiness.md,"Use POKROV client canon: app-first and consumer-first; trial is 5 days; Telegram reward is +10 days; default core is sing-box with xray only as advanced fallback; do not imply store availability, stable 1.0.0, trusted Windows signing, raw Android physical-audit proof, payment production maturity, or RU-origin readiness without current owner/operator evidence.",Release docs; manual owner test records,Manual owner test,Manual owner test,,Not needed,Manual owner test,Requires owner/current evidence for Android physical install/connect audit; real Telegram WebApp user session; signing/store access; payment dashboard refund/chargeback/reconciliation proof; live deploy approval; RU-origin probe access.,Manual owner/device/runtime check still required,2026-06-27
BACKEND-API-001,Backend API,generated from portal_bot/api.py route decorators,API-001,Health and deploy smoke,GET /api/health,Health and deploy smoke,"As a operator or automation probe, I can read `GET /api/health` so the health and deploy smoke workflow works through the canonical POKROV backend.","Return a small health payload for deploy, uptime, and smoke checks without exposing secrets or user data. Route: `GET /api/health` handled by `health`.",portal_bot/api.py;portal_bot/api_public_routes.py:14,"Use POKROV canon, app-first identity, no secrets, no unsupported store/stable/RU/payment claims.",Route-family evidence mapped from tests. Test refs: C:\Users\kiwun\Documents\ai\POKROV-app\packages\app_shell\test\app_first_runtime_bootstrap_test.dart; tests\test_remote_deploy_brain_static_sites.py,Retest passed,"ROOT-PYTEST-001/BACKEND-GAPS-001, CLIENT-TEST-001 passed after route-family mapping; direct test refs found for this route or route family.",,No code fix required in this pass.,Retested in existing automated suite; add narrower route test when behavior changes.,Live/deploy/provider/device/RU checks remain separate and must be labelled PASS/FAIL/BLOCKED_BY_ACCESS/NOT_REQUESTED when applicable.,Keep covered in regression suite; add narrower route test when behavior changes.,2026-06-27
BACKEND-API-002,Backend API,generated from portal_bot/api.py route decorators,API-002,Observer ingestion,POST /api/internal/observer/batches,Observer ingestion,"As a operator or automation probe, I can submit `POST /api/internal/observer/batches` so the observer ingestion workflow works through the canonical POKROV backend.","Accept authenticated observer batches, validate event shape, persist aggregate/runtime visibility safely, and reject malformed or unauthorized payloads. Route: `POST /api/internal/observer/batches` handled by `api_internal_observer_batches`.",portal_bot/api_public_routes.py:19,"Use POKROV canon, app-first identity, no secrets, no unsupported store/stable/RU/payment claims.",Route-family evidence mapped from tests. Test refs: tests\test_collect_xray_observer.py; tests\test_observer_api.py,Retest passed,ROOT-PYTEST-001/BACKEND-GAPS-001 passed after route-family mapping; direct test refs found for this route or route family.,,No code fix required in this pass.,Retested in existing automated suite; add narrower route test when behavior changes.,Live/deploy/provider/device/RU checks remain separate and must be labelled PASS/FAIL/BLOCKED_BY_ACCESS/NOT_REQUESTED when applicable.,Keep covered in regression suite; add narrower route test when behavior changes.,2026-06-27
BACKEND-API-003,Backend API,generated from portal_bot/api.py route decorators,API-003,Public content and social proof,GET /api/public/plans,Public content and social proof,"As a public visitor or marketing surface, I can read `GET /api/public/plans` so the public content and social proof workflow works through the canonical POKROV backend.","Return only public-safe catalog, plan, update, review, or social-proof data with no private account state and no unsupported release/payment claims. Route: `GET /api/public/plans` handled by `public_plans`.",portal_bot/api_public_routes.py:83,"Use POKROV canon, app-first identity, no secrets, no unsupported store/stable/RU/payment claims. Visible VPN wording is allowed on genuine SEO/search-intent surfaces; hidden/cloaked/stuffed copy is forbidden.",Route-family evidence mapped from tests. Test refs: tests\test_api_payments_callbacks.py; webapp\e2e\cabinet-flow.spec.ts,Retest passed,"ROOT-PYTEST-001/BACKEND-GAPS-001, WEBAPP-E2E-001/WEBAPP-AUTH-001 passed after route-family mapping; direct test refs found for this route or route family.",,No code fix required in this pass.,Retested in existing automated suite; add narrower route test when behavior changes.,Live/deploy/provider/device/RU checks remain separate and must be labelled PASS/FAIL/BLOCKED_BY_ACCESS/NOT_REQUESTED when applicable.,Keep covered in regression suite; add narrower route test when behavior changes.,2026-06-27
BACKEND-API-004,Backend API,generated from portal_bot/api.py route decorators,API-004,Public content and social proof,GET /api/public/catalog,Public content and social proof,"As a public visitor or marketing surface, I can read `GET /api/public/catalog` so the public content and social proof workflow works through the canonical POKROV backend.","Return only public-safe catalog, plan, update, review, or social-proof data with no private account state and no unsupported release/payment claims. Route: `GET /api/public/catalog` handled by `public_catalog`.",portal_bot/api_public_routes.py:94,"Use POKROV canon, app-first identity, no secrets, no unsupported store/stable/RU/payment claims. Visible VPN wording is allowed on genuine SEO/search-intent surfaces; hidden/cloaked/stuffed copy is forbidden.",Route-family evidence mapped from tests. Test refs: tests\test_backend_route_gap_coverage.py,Retest passed,ROOT-PYTEST-001/BACKEND-GAPS-001 passed after route-family mapping; direct test refs found for this route or route family.,,No code fix required in this pass.,Retested in existing automated suite; add narrower route test when behavior changes.,Live/deploy/provider/device/RU checks remain separate and must be labelled PASS/FAIL/BLOCKED_BY_ACCESS/NOT_REQUESTED when applicable.,Keep covered in regression suite; add narrower route test when behavior changes.,2026-06-27
BACKEND-API-005,Backend API,generated from portal_bot/api.py route decorators,API-005,Public content and social proof,GET /api/public/live-updates,Public content and social proof,"As a public visitor or marketing surface, I can read `GET /api/public/live-updates` so the public content and social proof workflow works through the canonical POKROV backend.","Return only public-safe catalog, plan, update, review, or social-proof data with no private account state and no unsupported release/payment claims. Route: `GET /api/public/live-updates` handled by `public_live_updates`.",portal_bot/api_public_routes.py:116,"Use POKROV canon, app-first identity, no secrets, no unsupported store/stable/RU/payment claims. Visible VPN wording is allowed on genuine SEO/search-intent surfaces; hidden/cloaked/stuffed copy is forbidden.",Route-family evidence mapped from tests. Test refs: tests\test_api_payments_callbacks.py,Retest passed,ROOT-PYTEST-001/BACKEND-GAPS-001 passed after route-family mapping; direct test refs found for this route or route family.,,No code fix required in this pass.,Retested in existing automated suite; add narrower route test when behavior changes.,Live/deploy/provider/device/RU checks remain separate and must be labelled PASS/FAIL/BLOCKED_BY_ACCESS/NOT_REQUESTED when applicable.,Keep covered in regression suite; add narrower route test when behavior changes.,2026-06-27
BACKEND-API-006,Backend API,generated from portal_bot/api.py route decorators,API-006,Telegram auth and OIDC,POST /api/auth/telegram/web-login,Telegram auth and OIDC,"As a cabinet user, I can submit `POST /api/auth/telegram/web-login` so the telegram auth and oidc workflow works through the canonical POKROV backend.","Validate Telegram/OIDC state and signatures, issue short-lived cabinet sessions, and map stale/deprecated auth into repeat-login behavior. Route: `POST /api/auth/telegram/web-login` handled by `auth_telegram_web_login`.",portal_bot/api_public_routes.py:247,"Use POKROV canon, app-first identity, no secrets, no unsupported store/stable/RU/payment claims.",Route-family evidence mapped from tests. Test refs: tests\test_api_auth_and_tickets.py,Retest passed,ROOT-PYTEST-001/BACKEND-GAPS-001 passed after route-family mapping; direct test refs found for this route or route family.,,No code fix required in this pass.,Retested in existing automated suite; add narrower route test when behavior changes.,Live/deploy/provider/device/RU checks remain separate and must be labelled PASS/FAIL/BLOCKED_BY_ACCESS/NOT_REQUESTED when applicable.,Keep covered in regression suite; add narrower route test when behavior changes.,2026-06-27
BACKEND-API-007,Backend API,generated from portal_bot/api.py route decorators,API-007,Telegram auth and OIDC,GET /api/auth/telegram/oidc/start,Telegram auth and OIDC,"As a cabinet user, I can read `GET /api/auth/telegram/oidc/start` so the telegram auth and oidc workflow works through the canonical POKROV backend.","Validate Telegram/OIDC state and signatures, issue short-lived cabinet sessions, and map stale/deprecated auth into repeat-login behavior. Route: `GET /api/auth/telegram/oidc/start` handled by `auth_telegram_oidc_start`.",portal_bot/api_public_routes.py:296,"Use POKROV canon, app-first identity, no secrets, no unsupported store/stable/RU/payment claims.",Route-family evidence mapped from tests. Test refs: portal_bot\tests\test_telegram_oidc_auth.py; webapp\e2e\oidc-fallback.spec.ts,Retest passed,"ROOT-PYTEST-001/BACKEND-GAPS-001, WEBAPP-E2E-001/WEBAPP-AUTH-001 passed after route-family mapping; direct test refs found for this route or route family.",,No code fix required in this pass.,Retested in existing automated suite; add narrower route test when behavior changes.,Live/deploy/provider/device/RU checks remain separate and must be labelled PASS/FAIL/BLOCKED_BY_ACCESS/NOT_REQUESTED when applicable.,Keep covered in regression suite; add narrower route test when behavior changes.,2026-06-27
BACKEND-API-008,Backend API,generated from portal_bot/api.py route decorators,API-008,Telegram auth and OIDC,POST /api/auth/telegram/oidc/finish,Telegram auth and OIDC,"As a cabinet user, I can submit `POST /api/auth/telegram/oidc/finish` so the telegram auth and oidc workflow works through the canonical POKROV backend.","Validate Telegram/OIDC state and signatures, issue short-lived cabinet sessions, and map stale/deprecated auth into repeat-login behavior. Route: `POST /api/auth/telegram/oidc/finish` handled by `auth_telegram_oidc_finish`.",portal_bot/api_public_routes.py:310,"Use POKROV canon, app-first identity, no secrets, no unsupported store/stable/RU/payment claims.",Route-family evidence mapped from tests. Test refs: portal_bot\tests\test_telegram_oidc_auth.py,Retest passed,ROOT-PYTEST-001/BACKEND-GAPS-001 passed after route-family mapping; direct test refs found for this route or route family.,,No code fix required in this pass.,Retested in existing automated suite; add narrower route test when behavior changes.,Live/deploy/provider/device/RU checks remain separate and must be labelled PASS/FAIL/BLOCKED_BY_ACCESS/NOT_REQUESTED when applicable.,Keep covered in regression suite; add narrower route test when behavior changes.,2026-06-27
BACKEND-API-009,Backend API,generated from portal_bot/api.py route decorators,API-009,Email auth and recovery,GET /api/auth/email/status,Email auth and recovery,"As a cabinet user, I can read `GET /api/auth/email/status` so the email auth and recovery workflow works through the canonical POKROV backend.","Expose email availability/status and run register, verify, login, and recovery flows only when delivery gates allow it; return localized reauth-safe errors without leaking credentials. Route: `GET /api/auth/email/status` handled by `auth_email_status`.",portal_bot/api_public_routes.py:347,"Use POKROV canon, app-first identity, no secrets, no unsupported store/stable/RU/payment claims.",Route-family evidence mapped from tests. Test refs: portal_bot\tests\test_email_auth.py; tests\test_public_beta_post_deploy_probe.py; webapp\e2e\admin-gate.spec.ts; webapp\e2e\cabinet-flow.spec.ts; webapp\e2e\settings-email-link.spec.ts,Retest passed,"ROOT-PYTEST-001/BACKEND-GAPS-001, WEBAPP-E2E-001/WEBAPP-AUTH-001 passed after route-family mapping; direct test refs found for this route or route family.",,No code fix required in this pass.,Retested in existing automated suite; add narrower route test when behavior changes.,Live/deploy/provider/device/RU checks remain separate and must be labelled PASS/FAIL/BLOCKED_BY_ACCESS/NOT_REQUESTED when applicable.,Keep covered in regression suite; add narrower route test when behavior changes.,2026-06-27
BACKEND-API-010,Backend API,generated from portal_bot/api.py route decorators,API-010,Email auth and recovery,POST /api/auth/email/register,Email auth and recovery,"As a cabinet user, I can submit `POST /api/auth/email/register` so the email auth and recovery workflow works through the canonical POKROV backend.","Expose email availability/status and run register, verify, login, and recovery flows only when delivery gates allow it; return localized reauth-safe errors without leaking credentials. Route: `POST /api/auth/email/register` handled by `auth_email_register`.",portal_bot/api_public_routes.py:361,"Use POKROV canon, app-first identity, no secrets, no unsupported store/stable/RU/payment claims.",Route-family evidence mapped from tests. Test refs: portal_bot\tests\test_email_auth.py; webapp\e2e\settings-email-link.spec.ts,Retest passed,"ROOT-PYTEST-001/BACKEND-GAPS-001, WEBAPP-E2E-001/WEBAPP-AUTH-001 passed after route-family mapping; direct test refs found for this route or route family.",,No code fix required in this pass.,Retested in existing automated suite; add narrower route test when behavior changes.,Live/deploy/provider/device/RU checks remain separate and must be labelled PASS/FAIL/BLOCKED_BY_ACCESS/NOT_REQUESTED when applicable.,Keep covered in regression suite; add narrower route test when behavior changes.,2026-06-27
BACKEND-API-011,Backend API,generated from portal_bot/api.py route decorators,API-011,Email auth and recovery,POST /api/auth/email/verify,Email auth and recovery,"As a cabinet user, I can submit `POST /api/auth/email/verify` so the email auth and recovery workflow works through the canonical POKROV backend.","Expose email availability/status and run register, verify, login, and recovery flows only when delivery gates allow it; return localized reauth-safe errors without leaking credentials. Route: `POST /api/auth/email/verify` handled by `auth_email_verify`.",portal_bot/api_public_routes.py:411,"Use POKROV canon, app-first identity, no secrets, no unsupported store/stable/RU/payment claims.",Route-family evidence mapped from tests. Test refs: portal_bot\tests\test_email_auth.py; webapp\e2e\settings-email-link.spec.ts,Retest passed,"ROOT-PYTEST-001/BACKEND-GAPS-001, WEBAPP-E2E-001/WEBAPP-AUTH-001 passed after route-family mapping; direct test refs found for this route or route family.",,No code fix required in this pass.,Retested in existing automated suite; add narrower route test when behavior changes.,Live/deploy/provider/device/RU checks remain separate and must be labelled PASS/FAIL/BLOCKED_BY_ACCESS/NOT_REQUESTED when applicable.,Keep covered in regression suite; add narrower route test when behavior changes.,2026-06-27
BACKEND-API-012,Backend API,generated from portal_bot/api.py route decorators,API-012,Email auth and recovery,POST /api/auth/email/login,Email auth and recovery,"As a cabinet user, I can submit `POST /api/auth/email/login` so the email auth and recovery workflow works through the canonical POKROV backend.","Expose email availability/status and run register, verify, login, and recovery flows only when delivery gates allow it; return localized reauth-safe errors without leaking credentials. Route: `POST /api/auth/email/login` handled by `auth_email_login`.",portal_bot/api_public_routes.py:455,"Use POKROV canon, app-first identity, no secrets, no unsupported store/stable/RU/payment claims.",Route-family evidence mapped from tests. Test refs: portal_bot\tests\test_email_auth.py; webapp\e2e\settings-email-link.spec.ts,Retest passed,"ROOT-PYTEST-001/BACKEND-GAPS-001, WEBAPP-E2E-001/WEBAPP-AUTH-001 passed after route-family mapping; direct test refs found for this route or route family.",,No code fix required in this pass.,Retested in existing automated suite; add narrower route test when behavior changes.,Live/deploy/provider/device/RU checks remain separate and must be labelled PASS/FAIL/BLOCKED_BY_ACCESS/NOT_REQUESTED when applicable.,Keep covered in regression suite; add narrower route test when behavior changes.,2026-06-27
BACKEND-API-013,Backend API,generated from portal_bot/api.py route decorators,API-013,Email auth and recovery,POST /api/auth/email/recovery/start,Email auth and recovery,"As a cabinet user, I can submit `POST /api/auth/email/recovery/start` so the email auth and recovery workflow works through the canonical POKROV backend.","Expose email availability/status and run register, verify, login, and recovery flows only when delivery gates allow it; return localized reauth-safe errors without leaking credentials. Route: `POST /api/auth/email/recovery/start` handled by `auth_email_recovery_start`.",portal_bot/api_public_routes.py:716,"Use POKROV canon, app-first identity, no secrets, no unsupported store/stable/RU/payment claims.",Route-family evidence mapped from tests. Test refs: portal_bot\tests\test_email_auth.py,Retest passed,ROOT-PYTEST-001/BACKEND-GAPS-001 passed after route-family mapping; direct test refs found for this route or route family.,,No code fix required in this pass.,Retested in existing automated suite; add narrower route test when behavior changes.,Live/deploy/provider/device/RU checks remain separate and must be labelled PASS/FAIL/BLOCKED_BY_ACCESS/NOT_REQUESTED when applicable.,Keep covered in regression suite; add narrower route test when behavior changes.,2026-06-27
BACKEND-API-014,Backend API,generated from portal_bot/api.py route decorators,API-014,Email auth and recovery,POST /api/auth/email/recovery/finish,Email auth and recovery,"As a cabinet user, I can submit `POST /api/auth/email/recovery/finish` so the email auth and recovery workflow works through the canonical POKROV backend.","Expose email availability/status and run register, verify, login, and recovery flows only when delivery gates allow it; return localized reauth-safe errors without leaking credentials. Route: `POST /api/auth/email/recovery/finish` handled by `auth_email_recovery_finish`.",portal_bot/api_public_routes.py:752,"Use POKROV canon, app-first identity, no secrets, no unsupported store/stable/RU/payment claims.",Route-family evidence mapped from tests. Test refs: portal_bot\tests\test_email_auth.py,Retest passed,ROOT-PYTEST-001/BACKEND-GAPS-001 passed after route-family mapping; direct test refs found for this route or route family.,,No code fix required in this pass.,Retested in existing automated suite; add narrower route test when behavior changes.,Live/deploy/provider/device/RU checks remain separate and must be labelled PASS/FAIL/BLOCKED_BY_ACCESS/NOT_REQUESTED when applicable.,Keep covered in regression suite; add narrower route test when behavior changes.,2026-06-27
BACKEND-API-015,Backend API,generated from portal_bot/api.py route decorators,API-015,Session auth,GET /api/auth/session,Session auth,"As a cabinet user, I can read `GET /api/auth/session` so the session auth workflow works through the canonical POKROV backend.","Resolve the current Telegram, email, or app-backed session and reject expired sessions with a reauth-safe response. Route: `GET /api/auth/session` handled by `auth_session`.",portal_bot/api_public_routes.py:802,"Use POKROV canon, app-first identity, no secrets, no unsupported store/stable/RU/payment claims.",Route-family evidence mapped from tests. Test refs: portal_bot\tests\test_app_first_api.py; portal_bot\tests\test_email_auth.py; portal_bot\tests\test_telegram_oidc_auth.py; tests\test_api_auth_and_tickets.py; tests\test_api_lifecycle_smoke.py; webapp\e2e\cabinet-flow.spec.ts; webapp\e2e\settings-email-link.spec.ts,Retest passed,"ROOT-PYTEST-001/BACKEND-GAPS-001, WEBAPP-E2E-001/WEBAPP-AUTH-001 passed after route-family mapping; direct test refs found for this route or route family.",,No code fix required in this pass.,Retested in existing automated suite; add narrower route test when behavior changes.,Live/deploy/provider/device/RU checks remain separate and must be labelled PASS/FAIL/BLOCKED_BY_ACCESS/NOT_REQUESTED when applicable.,Keep covered in regression suite; add narrower route test when behavior changes.,2026-06-27
BACKEND-API-016,Backend API,generated from portal_bot/api.py route decorators,API-016,App-first trial/session,POST /api/client/session/start-trial,App-first trial/session,"As a API client, I can submit `POST /api/client/session/start-trial` so the app-first trial/session workflow works through the canonical POKROV backend.","Create or reuse an app-first account/session, enforce canonical trial and rate-limit rules, provision access best-effort, and return managed app/cabinet continuation data. Route: `POST /api/client/session/start-trial` handled by `client_start_trial`.",portal_bot/api_public_routes.py:884,"Use POKROV canon, app-first identity, no secrets, no unsupported store/stable/RU/payment claims.",Route-family evidence mapped from tests. Test refs: C:\Users\kiwun\Documents\ai\POKROV-app\packages\app_shell\test\app_first_runtime_bootstrap_test.dart; portal_bot\tests\test_app_first_api.py; portal_bot\tests\test_email_auth.py; tests\test_api_lifecycle_smoke.py; tests\test_api_p0_extensions.py; tests\test_client_ui_api_additions.py; tests\test_network_rollout_api.py; tests\test_smart_connect_api.py,Retest passed,"ROOT-PYTEST-001/BACKEND-GAPS-001, CLIENT-TEST-001 passed after route-family mapping; direct test refs found for this route or route family.",,No code fix required in this pass.,Retested in existing automated suite; add narrower route test when behavior changes.,Live/deploy/provider/device/RU checks remain separate and must be labelled PASS/FAIL/BLOCKED_BY_ACCESS/NOT_REQUESTED when applicable.,Keep covered in regression suite; add narrower route test when behavior changes.,2026-06-27
BACKEND-API-017,Backend API,generated from portal_bot/api.py route decorators,API-017,Client route policy,GET /api/client/route-policy,Client route policy,"As a POKROV app or cabinet user, I can read `GET /api/client/route-policy` so the client route policy workflow works through the canonical POKROV backend.",Read or update the authenticated client route policy while preserving rollout defaults and safe app-first identity boundaries. Route: `GET /api/client/route-policy` handled by `client_route_policy`.,portal_bot/api_public_routes.py:1335,"Use POKROV canon, app-first identity, no secrets, no unsupported store/stable/RU/payment claims. Default core is sing-box; premium pool is enabled non-free nodes; free pool is NL-free only.",Route-family evidence mapped from tests. Test refs: C:\Users\kiwun\Documents\ai\POKROV-app\packages\app_shell\test\app_first_runtime_bootstrap_test.dart; portal_bot\tests\test_app_first_api.py,Retest passed,"ROOT-PYTEST-001/BACKEND-GAPS-001, CLIENT-TEST-001 passed after route-family mapping; direct test refs found for this route or route family.",,No code fix required in this pass.,Retested in existing automated suite; add narrower route test when behavior changes.,Live/deploy/provider/device/RU checks remain separate and must be labelled PASS/FAIL/BLOCKED_BY_ACCESS/NOT_REQUESTED when applicable.,Keep covered in regression suite; add narrower route test when behavior changes.,2026-06-27
BACKEND-API-018,Backend API,generated from portal_bot/api.py route decorators,API-018,Client route policy,POST /api/client/route-policy,Client route policy,"As a POKROV app or cabinet user, I can submit `POST /api/client/route-policy` so the client route policy workflow works through the canonical POKROV backend.",Read or update the authenticated client route policy while preserving rollout defaults and safe app-first identity boundaries. Route: `POST /api/client/route-policy` handled by `client_update_route_policy`.,portal_bot/api_public_routes.py:1352,"Use POKROV canon, app-first identity, no secrets, no unsupported store/stable/RU/payment claims. Default core is sing-box; premium pool is enabled non-free nodes; free pool is NL-free only.",Route-family evidence mapped from tests. Test refs: C:\Users\kiwun\Documents\ai\POKROV-app\packages\app_shell\test\app_first_runtime_bootstrap_test.dart; portal_bot\tests\test_app_first_api.py,Retest passed,"ROOT-PYTEST-001/BACKEND-GAPS-001, CLIENT-TEST-001 passed after route-family mapping; direct test refs found for this route or route family.",,No code fix required in this pass.,Retested in existing automated suite; add narrower route test when behavior changes.,Live/deploy/provider/device/RU checks remain separate and must be labelled PASS/FAIL/BLOCKED_BY_ACCESS/NOT_REQUESTED when applicable.,Keep covered in regression suite; add narrower route test when behavior changes.,2026-06-27
BACKEND-API-019,Backend API,generated from portal_bot/api.py route decorators,API-019,Client locations/catalog,GET /api/client/locations,Client locations/catalog,"As a POKROV app or cabinet user, I can read `GET /api/client/locations` so the client locations/catalog workflow works through the canonical POKROV backend.",Return the available location/catalog model for the app without exposing internal node secrets or unsupported routing claims. Route: `GET /api/client/locations` handled by `client_locations_catalog`.,portal_bot/api_public_routes.py:1967,"Use POKROV canon, app-first identity, no secrets, no unsupported store/stable/RU/payment claims. Default core is sing-box; premium pool is enabled non-free nodes; free pool is NL-free only.",Route-family evidence mapped from tests. Test refs: C:\Users\kiwun\Documents\ai\POKROV-app\packages\app_shell\test\app_first_runtime_bootstrap_test.dart; tests\test_client_ui_api_additions.py,Retest passed,"ROOT-PYTEST-001/BACKEND-GAPS-001, CLIENT-TEST-001 passed after route-family mapping; direct test refs found for this route or route family.",,No code fix required in this pass.,Retested in existing automated suite; add narrower route test when behavior changes.,Live/deploy/provider/device/RU checks remain separate and must be labelled PASS/FAIL/BLOCKED_BY_ACCESS/NOT_REQUESTED when applicable.,Keep covered in regression suite; add narrower route test when behavior changes.,2026-06-27
BACKEND-API-020,Backend API,generated from portal_bot/api.py route decorators,API-020,Client subscription visibility,GET /api/client/subscription,Client subscription visibility,"As a POKROV app or cabinet user, I can read `GET /api/client/subscription` so the client subscription visibility workflow works through the canonical POKROV backend.",Return the authenticated client subscription state and safe connect/download continuation details. Route: `GET /api/client/subscription` handled by `client_subscription`.,portal_bot/api_subscription_routes.py;portal_bot/api_client_routes.py:1191,"Use POKROV canon, app-first identity, no secrets, no unsupported store/stable/RU/payment claims. Default core is sing-box; premium pool is enabled non-free nodes; free pool is NL-free only.",Route-family evidence mapped from tests. Test refs: C:\Users\kiwun\Documents\ai\POKROV-app\packages\app_shell\test\app_first_runtime_bootstrap_test.dart; tests\test_client_ui_api_additions.py,Retest passed,"ROOT-PYTEST-001/BACKEND-GAPS-001, CLIENT-TEST-001 passed after route-family mapping; direct test refs found for this route or route family.",,No code fix required in this pass.,Retested in existing automated suite; add narrower route test when behavior changes.,Live/deploy/provider/device/RU checks remain separate and must be labelled PASS/FAIL/BLOCKED_BY_ACCESS/NOT_REQUESTED when applicable.,Keep covered in regression suite; add narrower route test when behavior changes.,2026-06-27
BACKEND-API-021,Backend API,generated from portal_bot/api.py route decorators,API-021,Client device management,GET /api/client/devices,Client device management,"As a POKROV app or cabinet user, I can read `GET /api/client/devices` so the client device management workflow works through the canonical POKROV backend.",List or remove only the authenticated account devices and keep device deletion scoped to that account. Route: `GET /api/client/devices` handled by `client_devices`.,portal_bot/api_client_routes.py:1571,"Use POKROV canon, app-first identity, no secrets, no unsupported store/stable/RU/payment claims. Default core is sing-box; premium pool is enabled non-free nodes; free pool is NL-free only.",Route-family evidence mapped from tests. Test refs: C:\Users\kiwun\Documents\ai\POKROV-app\packages\app_shell\test\app_first_runtime_bootstrap_test.dart; tests\test_client_ui_api_additions.py,Retest passed,"ROOT-PYTEST-001/BACKEND-GAPS-001, CLIENT-TEST-001 passed after route-family mapping; direct test refs found for this route or route family.",,No code fix required in this pass.,Retested in existing automated suite; add narrower route test when behavior changes.,Live/deploy/provider/device/RU checks remain separate and must be labelled PASS/FAIL/BLOCKED_BY_ACCESS/NOT_REQUESTED when applicable.,Keep covered in regression suite; add narrower route test when behavior changes.,2026-06-27
BACKEND-API-022,Backend API,generated from portal_bot/api.py route decorators,API-022,Client device management,DELETE /api/client/devices/{device_id},Client device management,"As a POKROV app or cabinet user, I can delete `DELETE /api/client/devices/{device_id}` so the client device management workflow works through the canonical POKROV backend.",List or remove only the authenticated account devices and keep device deletion scoped to that account. Route: `DELETE /api/client/devices/{device_id}` handled by `client_device_revoke`.,portal_bot/api_client_routes.py:1629,"Use POKROV canon, app-first identity, no secrets, no unsupported store/stable/RU/payment claims. Default core is sing-box; premium pool is enabled non-free nodes; free pool is NL-free only.",Route-family evidence mapped from tests. Test refs: C:\Users\kiwun\Documents\ai\POKROV-app\packages\app_shell\test\app_first_runtime_bootstrap_test.dart; tests\test_client_ui_api_additions.py,Retest passed,"ROOT-PYTEST-001/BACKEND-GAPS-001, CLIENT-TEST-001 passed after route-family mapping; direct test refs found for this route or route family.",,No code fix required in this pass.,Retested in existing automated suite; add narrower route test when behavior changes.,Live/deploy/provider/device/RU checks remain separate and must be labelled PASS/FAIL/BLOCKED_BY_ACCESS/NOT_REQUESTED when applicable.,Keep covered in regression suite; add narrower route test when behavior changes.,2026-06-27
BACKEND-API-023,Backend API,generated from portal_bot/api.py route decorators,API-023,Client notifications and push,GET /api/client/notifications,Client notifications and push,"As a POKROV app or cabinet user, I can read `GET /api/client/notifications` so the client notifications and push workflow works through the canonical POKROV backend.","List, mark, or register notification state for the authenticated app user without leaking other account data. Route: `GET /api/client/notifications` handled by `client_notifications`.",portal_bot/api_client_routes.py:1681,"Use POKROV canon, app-first identity, no secrets, no unsupported store/stable/RU/payment claims. Default core is sing-box; premium pool is enabled non-free nodes; free pool is NL-free only.",Route-family evidence mapped from tests. Test refs: C:\Users\kiwun\Documents\ai\POKROV-app\packages\app_shell\test\app_first_runtime_bootstrap_test.dart; tests\test_client_ui_api_additions.py,Retest passed,"ROOT-PYTEST-001/BACKEND-GAPS-001, CLIENT-TEST-001 passed after route-family mapping; direct test refs found for this route or route family.",,No code fix required in this pass.,Retested in existing automated suite; add narrower route test when behavior changes.,Live/deploy/provider/device/RU checks remain separate and must be labelled PASS/FAIL/BLOCKED_BY_ACCESS/NOT_REQUESTED when applicable.,Keep covered in regression suite; add narrower route test when behavior changes.,2026-06-27
BACKEND-API-024,Backend API,generated from portal_bot/api.py route decorators,API-024,Client notifications and push,POST /api/client/notifications/read,Client notifications and push,"As a POKROV app or cabinet user, I can submit `POST /api/client/notifications/read` so the client notifications and push workflow works through the canonical POKROV backend.","List, mark, or register notification state for the authenticated app user without leaking other account data. Route: `POST /api/client/notifications/read` handled by `client_notifications_read`.",portal_bot/api_client_routes.py:1757,"Use POKROV canon, app-first identity, no secrets, no unsupported store/stable/RU/payment claims. Default core is sing-box; premium pool is enabled non-free nodes; free pool is NL-free only.",Route-family evidence mapped from tests. Test refs: C:\Users\kiwun\Documents\ai\POKROV-app\packages\app_shell\test\app_first_runtime_bootstrap_test.dart; tests\test_client_ui_api_additions.py,Retest passed,"ROOT-PYTEST-001/BACKEND-GAPS-001, CLIENT-TEST-001 passed after route-family mapping; direct test refs found for this route or route family.",,No code fix required in this pass.,Retested in existing automated suite; add narrower route test when behavior changes.,Live/deploy/provider/device/RU checks remain separate and must be labelled PASS/FAIL/BLOCKED_BY_ACCESS/NOT_REQUESTED when applicable.,Keep covered in regression suite; add narrower route test when behavior changes.,2026-06-27
BACKEND-API-025,Backend API,generated from portal_bot/api.py route decorators,API-025,Client notifications and push,POST /api/client/push/register,Client notifications and push,"As a POKROV app or cabinet user, I can submit `POST /api/client/push/register` so the client notifications and push workflow works through the canonical POKROV backend.","List, mark, or register notification state for the authenticated app user without leaking other account data. Route: `POST /api/client/push/register` handled by `client_push_register`.",portal_bot/api_client_routes.py:1807,"Use POKROV canon, app-first identity, no secrets, no unsupported store/stable/RU/payment claims. Default core is sing-box; premium pool is enabled non-free nodes; free pool is NL-free only.",Route-family evidence mapped from tests. Test refs: C:\Users\kiwun\Documents\ai\POKROV-app\packages\app_shell\test\app_first_runtime_bootstrap_test.dart; tests\test_client_ui_api_additions.py,Retest passed,"ROOT-PYTEST-001/BACKEND-GAPS-001, CLIENT-TEST-001 passed after route-family mapping; direct test refs found for this route or route family.",,No code fix required in this pass.,Retested in existing automated suite; add narrower route test when behavior changes.,Live/deploy/provider/device/RU checks remain separate and must be labelled PASS/FAIL/BLOCKED_BY_ACCESS/NOT_REQUESTED when applicable.,Keep covered in regression suite; add narrower route test when behavior changes.,2026-06-27
BACKEND-API-026,Backend API,generated from portal_bot/api.py route decorators,API-026,Client support assistant,POST /api/client/support/assistant,Client support assistant,"As a POKROV app or cabinet user, I can submit `POST /api/client/support/assistant` so the client support assistant workflow works through the canonical POKROV backend.",Generate support-assistant suggestions only inside the support boundary and redact/private-limit user context. Route: `POST /api/client/support/assistant` handled by `client_support_assistant`.,portal_bot/api_client_routes.py:1837,"Use POKROV canon, app-first identity, no secrets, no unsupported store/stable/RU/payment claims. Default core is sing-box; premium pool is enabled non-free nodes; free pool is NL-free only.",Route-family evidence mapped from tests. Test refs: C:\Users\kiwun\Documents\ai\POKROV-app\packages\app_shell\test\app_first_runtime_bootstrap_test.dart; tests\test_client_ui_api_additions.py,Retest passed,"ROOT-PYTEST-001/BACKEND-GAPS-001, CLIENT-TEST-001 passed after route-family mapping; direct test refs found for this route or route family.",,No code fix required in this pass.,Retested in existing automated suite; add narrower route test when behavior changes.,Live/deploy/provider/device/RU checks remain separate and must be labelled PASS/FAIL/BLOCKED_BY_ACCESS/NOT_REQUESTED when applicable.,Keep covered in regression suite; add narrower route test when behavior changes.,2026-06-27
BACKEND-API-027,Backend API,generated from portal_bot/api.py route decorators,API-027,Managed profile delivery,GET /api/client/profile/managed,Managed profile delivery,"As a POKROV app runtime, I can read `GET /api/client/profile/managed` so the managed profile delivery workflow works through the canonical POKROV backend.","Return a managed sing-box profile for the authenticated user, selecting the correct free/premium pool and safe routing material. Route: `GET /api/client/profile/managed` handled by `client_managed_profile`.",portal_bot/api_client_routes.py:1903,"Use POKROV canon, app-first identity, no secrets, no unsupported store/stable/RU/payment claims. Default core is sing-box; premium pool is enabled non-free nodes; free pool is NL-free only.",Route-family evidence mapped from tests. Test refs: C:\Users\kiwun\Documents\ai\POKROV-app\packages\app_shell\test\app_first_runtime_bootstrap_test.dart; portal_bot\tests\test_app_first_api.py; tests\test_network_rollout_api.py; tests\test_smart_connect_api.py,Retest passed,"ROOT-PYTEST-001/BACKEND-GAPS-001, CLIENT-TEST-001 passed after route-family mapping; direct test refs found for this route or route family.",,No code fix required in this pass.,Retested in existing automated suite; add narrower route test when behavior changes.,Live/deploy/provider/device/RU checks remain separate and must be labelled PASS/FAIL/BLOCKED_BY_ACCESS/NOT_REQUESTED when applicable.,Keep covered in regression suite; add narrower route test when behavior changes.,2026-06-27
BACKEND-API-028,Backend API,generated from portal_bot/api.py route decorators,API-028,Client dynamic content slots,GET /api/client/promo-slots,Client dynamic content slots,"As a POKROV app or cabinet user, I can read `GET /api/client/promo-slots` so the client dynamic content slots workflow works through the canonical POKROV backend.","Return backend-owned promo/banner slot JSON only; do not render arbitrary HTML, scripts, tracking pixels, or routing/security behavior. Route: `GET /api/client/promo-slots` handled by `client_promo_slots`.",portal_bot/api_client_routes.py:2076,"Use POKROV canon, app-first identity, no secrets, no unsupported store/stable/RU/payment claims. Default core is sing-box; premium pool is enabled non-free nodes; free pool is NL-free only.",Route-family evidence mapped from tests. Test refs: C:\Users\kiwun\Documents\ai\POKROV-app\packages\app_shell\test\app_first_runtime_bootstrap_test.dart; tests\test_api_p0_extensions.py,Retest passed,"ROOT-PYTEST-001/BACKEND-GAPS-001, CLIENT-TEST-001 passed after route-family mapping; direct test refs found for this route or route family.",,No code fix required in this pass.,Retested in existing automated suite; add narrower route test when behavior changes.,Live/deploy/provider/device/RU checks remain separate and must be labelled PASS/FAIL/BLOCKED_BY_ACCESS/NOT_REQUESTED when applicable.,Keep covered in regression suite; add narrower route test when behavior changes.,2026-06-27
BACKEND-API-029,Backend API,generated from portal_bot/api.py route decorators,API-029,Client latency and smart connect,POST /api/client/nodes/latency-samples,Client latency and smart connect,"As a POKROV app or cabinet user, I can submit `POST /api/client/nodes/latency-samples` so the client latency and smart connect workflow works through the canonical POKROV backend.",Ingest client latency samples and update smart-connect hints without overriding canonical node-pool eligibility. Route: `POST /api/client/nodes/latency-samples` handled by `client_nodes_latency_samples`.,portal_bot/api_client_routes.py:2838,"Use POKROV canon, app-first identity, no secrets, no unsupported store/stable/RU/payment claims. Default core is sing-box; premium pool is enabled non-free nodes; free pool is NL-free only.",Route-family evidence mapped from tests. Test refs: C:\Users\kiwun\Documents\ai\POKROV-app\packages\app_shell\test\app_first_runtime_bootstrap_test.dart; tests\test_smart_connect_api.py,Retest passed,"ROOT-PYTEST-001/BACKEND-GAPS-001, CLIENT-TEST-001 passed after route-family mapping; direct test refs found for this route or route family.",,No code fix required in this pass.,Retested in existing automated suite; add narrower route test when behavior changes.,Live/deploy/provider/device/RU checks remain separate and must be labelled PASS/FAIL/BLOCKED_BY_ACCESS/NOT_REQUESTED when applicable.,Keep covered in regression suite; add narrower route test when behavior changes.,2026-06-27
BACKEND-API-030,Backend API,generated from portal_bot/api.py route decorators,API-030,Client WARP lifecycle,GET /api/client/warp/status,Client WARP lifecycle,"As a POKROV app or cabinet user, I can read `GET /api/client/warp/status` so the client warp lifecycle workflow works through the canonical POKROV backend.",Read or mutate guarded WARP consent/material/event state without making production WARP claims or exposing sensitive runtime material. Route: `GET /api/client/warp/status` handled by `client_warp_status`.,portal_bot/api_client_routes.py:3026,"Use POKROV canon, app-first identity, no secrets, no unsupported store/stable/RU/payment claims. Default core is sing-box; premium pool is enabled non-free nodes; free pool is NL-free only.",Route-family evidence mapped from tests. Test refs: C:\Users\kiwun\Documents\ai\POKROV-app\packages\app_shell\test\app_first_runtime_bootstrap_test.dart; tests\test_network_rollout_api.py,Retest passed,"ROOT-PYTEST-001/BACKEND-GAPS-001, CLIENT-TEST-001 passed after route-family mapping; direct test refs found for this route or route family.",,No code fix required in this pass.,Retested in existing automated suite; add narrower route test when behavior changes.,Live/deploy/provider/device/RU checks remain separate and must be labelled PASS/FAIL/BLOCKED_BY_ACCESS/NOT_REQUESTED when applicable.,Keep covered in regression suite; add narrower route test when behavior changes.,2026-06-27
BACKEND-API-031,Backend API,generated from portal_bot/api.py route decorators,API-031,Client WARP lifecycle,POST /api/client/warp/consent,Client WARP lifecycle,"As a POKROV app or cabinet user, I can submit `POST /api/client/warp/consent` so the client warp lifecycle workflow works through the canonical POKROV backend.",Read or mutate guarded WARP consent/material/event state without making production WARP claims or exposing sensitive runtime material. Route: `POST /api/client/warp/consent` handled by `client_warp_consent`.,portal_bot/api_client_routes.py:3035,"Use POKROV canon, app-first identity, no secrets, no unsupported store/stable/RU/payment claims. Default core is sing-box; premium pool is enabled non-free nodes; free pool is NL-free only.",Route-family evidence mapped from tests. Test refs: C:\Users\kiwun\Documents\ai\POKROV-app\packages\app_shell\test\app_first_runtime_bootstrap_test.dart; tests\test_network_rollout_api.py,Retest passed,"ROOT-PYTEST-001/BACKEND-GAPS-001, CLIENT-TEST-001 passed after route-family mapping; direct test refs found for this route or route family.",,No code fix required in this pass.,Retested in existing automated suite; add narrower route test when behavior changes.,Live/deploy/provider/device/RU checks remain separate and must be labelled PASS/FAIL/BLOCKED_BY_ACCESS/NOT_REQUESTED when applicable.,Keep covered in regression suite; add narrower route test when behavior changes.,2026-06-27
BACKEND-API-032,Backend API,generated from portal_bot/api.py route decorators,API-032,Client WARP lifecycle,POST /api/client/warp/revoke,Client WARP lifecycle,"As a POKROV app or cabinet user, I can submit `POST /api/client/warp/revoke` so the client warp lifecycle workflow works through the canonical POKROV backend.",Read or mutate guarded WARP consent/material/event state without making production WARP claims or exposing sensitive runtime material. Route: `POST /api/client/warp/revoke` handled by `client_warp_revoke`.,portal_bot/api_client_routes.py:3076,"Use POKROV canon, app-first identity, no secrets, no unsupported store/stable/RU/payment claims. Default core is sing-box; premium pool is enabled non-free nodes; free pool is NL-free only.",Route-family evidence mapped from tests. Test refs: tests\test_network_rollout_api.py,Retest passed,ROOT-PYTEST-001/BACKEND-GAPS-001 passed after route-family mapping; direct test refs found for this route or route family.,,No code fix required in this pass.,Retested in existing automated suite; add narrower route test when behavior changes.,Live/deploy/provider/device/RU checks remain separate and must be labelled PASS/FAIL/BLOCKED_BY_ACCESS/NOT_REQUESTED when applicable.,Keep covered in regression suite; add narrower route test when behavior changes.,2026-06-27
BACKEND-API-033,Backend API,generated from portal_bot/api.py route decorators,API-033,Client WARP lifecycle,POST /api/client/warp/rotate,Client WARP lifecycle,"As a POKROV app or cabinet user, I can submit `POST /api/client/warp/rotate` so the client warp lifecycle workflow works through the canonical POKROV backend.",Read or mutate guarded WARP consent/material/event state without making production WARP claims or exposing sensitive runtime material. Route: `POST /api/client/warp/rotate` handled by `client_warp_rotate`.,portal_bot/api_client_routes.py:3103,"Use POKROV canon, app-first identity, no secrets, no unsupported store/stable/RU/payment claims. Default core is sing-box; premium pool is enabled non-free nodes; free pool is NL-free only.",Route-family evidence mapped from tests. Test refs: tests\test_network_rollout_api.py,Retest passed,ROOT-PYTEST-001/BACKEND-GAPS-001 passed after route-family mapping; direct test refs found for this route or route family.,,No code fix required in this pass.,Retested in existing automated suite; add narrower route test when behavior changes.,Live/deploy/provider/device/RU checks remain separate and must be labelled PASS/FAIL/BLOCKED_BY_ACCESS/NOT_REQUESTED when applicable.,Keep covered in regression suite; add narrower route test when behavior changes.,2026-06-27
BACKEND-API-034,Backend API,generated from portal_bot/api.py route decorators,API-034,Client WARP lifecycle,POST /api/client/warp/events,Client WARP lifecycle,"As a POKROV app or cabinet user, I can submit `POST /api/client/warp/events` so the client warp lifecycle workflow works through the canonical POKROV backend.",Read or mutate guarded WARP consent/material/event state without making production WARP claims or exposing sensitive runtime material. Route: `POST /api/client/warp/events` handled by `client_warp_events`.,portal_bot/api_client_routes.py:3160,"Use POKROV canon, app-first identity, no secrets, no unsupported store/stable/RU/payment claims. Default core is sing-box; premium pool is enabled non-free nodes; free pool is NL-free only.",Route-family evidence mapped from tests. Test refs: C:\Users\kiwun\Documents\ai\POKROV-app\packages\app_shell\test\app_first_runtime_bootstrap_test.dart; tests\test_network_rollout_api.py,Retest passed,"ROOT-PYTEST-001/BACKEND-GAPS-001, CLIENT-TEST-001 passed after route-family mapping; direct test refs found for this route or route family.",,No code fix required in this pass.,Retested in existing automated suite; add narrower route test when behavior changes.,Live/deploy/provider/device/RU checks remain separate and must be labelled PASS/FAIL/BLOCKED_BY_ACCESS/NOT_REQUESTED when applicable.,Keep covered in regression suite; add narrower route test when behavior changes.,2026-06-27
BACKEND-API-035,Backend API,generated from portal_bot/api.py route decorators,API-035,Client Telegram linking,POST /api/client/telegram/link,Client Telegram linking,"As a POKROV app or cabinet user, I can submit `POST /api/client/telegram/link` so the client telegram linking workflow works through the canonical POKROV backend.",Create a Telegram linking token for the authenticated account and avoid creating a second conflicting identity. Route: `POST /api/client/telegram/link` handled by `client_telegram_link_start`.,portal_bot/api_client_routes.py:3189,"Use POKROV canon, app-first identity, no secrets, no unsupported store/stable/RU/payment claims. Default core is sing-box; premium pool is enabled non-free nodes; free pool is NL-free only.",Route-family evidence mapped from tests. Test refs: C:\Users\kiwun\Documents\ai\POKROV-app\packages\app_shell\test\app_first_runtime_bootstrap_test.dart; portal_bot\tests\test_app_first_api.py; webapp\e2e\settings-email-link.spec.ts,Retest passed,"ROOT-PYTEST-001/BACKEND-GAPS-001, WEBAPP-E2E-001/WEBAPP-AUTH-001, CLIENT-TEST-001 passed after route-family mapping; direct test refs found for this route or route family.",,No code fix required in this pass.,Retested in existing automated suite; add narrower route test when behavior changes.,Live/deploy/provider/device/RU checks remain separate and must be labelled PASS/FAIL/BLOCKED_BY_ACCESS/NOT_REQUESTED when applicable.,Keep covered in regression suite; add narrower route test when behavior changes.,2026-06-27
BACKEND-API-036,Backend API,generated from portal_bot/api.py route decorators,API-036,Payments and checkout,GET /api/payments/providers,Payments and checkout,"As a buyer or checkout surface, I can read `GET /api/payments/providers` so the payments and checkout workflow works through the canonical POKROV backend.","Create/check payment orders, provider state, callbacks, and attempts with signature/idempotency checks, manual-review paths, and no unsupported payment maturity claims. Route: `GET /api/payments/providers` handled by `rub_payment_providers`.",portal_bot/api_payment_routes.py:69,"Use POKROV canon, app-first identity, no secrets, no unsupported store/stable/RU/payment claims. Lava.top checkout is beta-proven only; refund/chargeback/reconciliation maturity must not be overclaimed.",Route-family evidence mapped from tests. Test refs: tests\test_api_payments_callbacks.py; tests\test_public_beta_post_deploy_probe.py; tests\test_ui_visual_smoke.py; webapp\e2e\admin-gate.spec.ts; webapp\e2e\cabinet-flow.spec.ts,Retest passed,"ROOT-PYTEST-001/BACKEND-GAPS-001, WEBAPP-E2E-001/WEBAPP-AUTH-001 passed after route-family mapping; direct test refs found for this route or route family.",,No code fix required in this pass.,Retested in existing automated suite; add narrower route test when behavior changes.,Live/deploy/provider/device/RU checks remain separate and must be labelled PASS/FAIL/BLOCKED_BY_ACCESS/NOT_REQUESTED when applicable.,Keep covered in regression suite; add narrower route test when behavior changes.,2026-06-27
BACKEND-API-037,Backend API,generated from portal_bot/api.py route decorators,API-037,Payments and checkout,POST /api/payments/orders/create,Payments and checkout,"As a buyer or checkout surface, I can submit `POST /api/payments/orders/create` so the payments and checkout workflow works through the canonical POKROV backend.","Create/check payment orders, provider state, callbacks, and attempts with signature/idempotency checks, manual-review paths, and no unsupported payment maturity claims. Route: `POST /api/payments/orders/create` handled by `rub_order_create`.",portal_bot/api_payment_routes.py:103,"Use POKROV canon, app-first identity, no secrets, no unsupported store/stable/RU/payment claims. Lava.top checkout is beta-proven only; refund/chargeback/reconciliation maturity must not be overclaimed.",Route-family evidence mapped from tests. Test refs: tests\test_api_payments_callbacks.py,Retest passed,ROOT-PYTEST-001/BACKEND-GAPS-001 passed after route-family mapping; direct test refs found for this route or route family.,,No code fix required in this pass.,Retested in existing automated suite; add narrower route test when behavior changes.,Live/deploy/provider/device/RU checks remain separate and must be labelled PASS/FAIL/BLOCKED_BY_ACCESS/NOT_REQUESTED when applicable.,Keep covered in regression suite; add narrower route test when behavior changes.,2026-06-27
BACKEND-API-038,Backend API,generated from portal_bot/api.py route decorators,API-038,Payments and checkout,POST /api/payments/orders/create-public,Payments and checkout,"As a buyer or checkout surface, I can submit `POST /api/payments/orders/create-public` so the payments and checkout workflow works through the canonical POKROV backend.","Create/check payment orders, provider state, callbacks, and attempts with signature/idempotency checks, manual-review paths, and no unsupported payment maturity claims. Route: `POST /api/payments/orders/create-public` handled by `rub_order_create_public`.",portal_bot/api_payment_routes.py:140,"Use POKROV canon, app-first identity, no secrets, no unsupported store/stable/RU/payment claims. Lava.top checkout is beta-proven only; refund/chargeback/reconciliation maturity must not be overclaimed.",Route-family evidence mapped from tests. Test refs: tests\test_api_payments_callbacks.py,Retest passed,ROOT-PYTEST-001/BACKEND-GAPS-001 passed after route-family mapping; direct test refs found for this route or route family.,,No code fix required in this pass.,Retested in existing automated suite; add narrower route test when behavior changes.,Live/deploy/provider/device/RU checks remain separate and must be labelled PASS/FAIL/BLOCKED_BY_ACCESS/NOT_REQUESTED when applicable.,Keep covered in regression suite; add narrower route test when behavior changes.,2026-06-27
BACKEND-API-039,Backend API,generated from portal_bot/api.py route decorators,API-039,Payments and checkout,POST /api/payments/freekassa/orders/create,Payments and checkout,"As a buyer or checkout surface, I can submit `POST /api/payments/freekassa/orders/create` so the payments and checkout workflow works through the canonical POKROV backend.","Create/check payment orders, provider state, callbacks, and attempts with signature/idempotency checks, manual-review paths, and no unsupported payment maturity claims. Route: `POST /api/payments/freekassa/orders/create` handled by `freekassa_order_create`.",portal_bot/api_payment_routes.py:235,"Use POKROV canon, app-first identity, no secrets, no unsupported store/stable/RU/payment claims. Lava.top checkout is beta-proven only; refund/chargeback/reconciliation maturity must not be overclaimed.",Route-family evidence mapped from tests. Test refs: tests\test_api_lifecycle_smoke.py; tests\test_api_payments_callbacks.py; tests\test_freekassa_staging_smoke.py,Retest passed,ROOT-PYTEST-001/BACKEND-GAPS-001 passed after route-family mapping; direct test refs found for this route or route family.,,No code fix required in this pass.,Retested in existing automated suite; add narrower route test when behavior changes.,Live/deploy/provider/device/RU checks remain separate and must be labelled PASS/FAIL/BLOCKED_BY_ACCESS/NOT_REQUESTED when applicable.,Keep covered in regression suite; add narrower route test when behavior changes.,2026-06-27
BACKEND-API-040,Backend API,generated from portal_bot/api.py route decorators,API-040,Payments and checkout,POST /api/payments/freekassa/orders/create-public,Payments and checkout,"As a buyer or checkout surface, I can submit `POST /api/payments/freekassa/orders/create-public` so the payments and checkout workflow works through the canonical POKROV backend.","Create/check payment orders, provider state, callbacks, and attempts with signature/idempotency checks, manual-review paths, and no unsupported payment maturity claims. Route: `POST /api/payments/freekassa/orders/create-public` handled by `freekassa_order_create_public`.",portal_bot/api_payment_routes.py:256,"Use POKROV canon, app-first identity, no secrets, no unsupported store/stable/RU/payment claims. Lava.top checkout is beta-proven only; refund/chargeback/reconciliation maturity must not be overclaimed.",Route-family evidence mapped from tests. Test refs: tests\test_api_lifecycle_smoke.py; tests\test_api_payments_callbacks.py; tests\test_freekassa_staging_smoke.py,Retest passed,ROOT-PYTEST-001/BACKEND-GAPS-001 passed after route-family mapping; direct test refs found for this route or route family.,,No code fix required in this pass.,Retested in existing automated suite; add narrower route test when behavior changes.,Live/deploy/provider/device/RU checks remain separate and must be labelled PASS/FAIL/BLOCKED_BY_ACCESS/NOT_REQUESTED when applicable.,Keep covered in regression suite; add narrower route test when behavior changes.,2026-06-27
BACKEND-API-041,Backend API,generated from portal_bot/api.py route decorators,API-041,Payments and checkout,GET /api/payments/freekassa/orders/{order_id},Payments and checkout,"As a buyer or checkout surface, I can read `GET /api/payments/freekassa/orders/{order_id}` so the payments and checkout workflow works through the canonical POKROV backend.","Create/check payment orders, provider state, callbacks, and attempts with signature/idempotency checks, manual-review paths, and no unsupported payment maturity claims. Route: `GET /api/payments/freekassa/orders/{order_id}` handled by `freekassa_order_get`.",portal_bot/api_payment_routes.py:273,"Use POKROV canon, app-first identity, no secrets, no unsupported store/stable/RU/payment claims. Lava.top checkout is beta-proven only; refund/chargeback/reconciliation maturity must not be overclaimed.",Route-family evidence mapped from tests. Test refs: tests\test_api_lifecycle_smoke.py; tests\test_api_payments_callbacks.py; tests\test_freekassa_staging_smoke.py,Retest passed,ROOT-PYTEST-001/BACKEND-GAPS-001 passed after route-family mapping; direct test refs found for this route or route family.,,No code fix required in this pass.,Retested in existing automated suite; add narrower route test when behavior changes.,Live/deploy/provider/device/RU checks remain separate and must be labelled PASS/FAIL/BLOCKED_BY_ACCESS/NOT_REQUESTED when applicable.,Keep covered in regression suite; add narrower route test when behavior changes.,2026-06-27
BACKEND-API-042,Backend API,generated from portal_bot/api.py route decorators,API-042,Payments and checkout,POST /api/payments/freekassa/orders/{order_id}/refund,Payments and checkout,"As a buyer or checkout surface, I can submit `POST /api/payments/freekassa/orders/{order_id}/refund` so the payments and checkout workflow works through the canonical POKROV backend.","Create/check payment orders, provider state, callbacks, and attempts with signature/idempotency checks, manual-review paths, and no unsupported payment maturity claims. Route: `POST /api/payments/freekassa/orders/{order_id}/refund` handled by `freekassa_order_refund`.",portal_bot/api_payment_routes.py:310,"Use POKROV canon, app-first identity, no secrets, no unsupported store/stable/RU/payment claims. Lava.top checkout is beta-proven only; refund/chargeback/reconciliation maturity must not be overclaimed.",Route-family evidence mapped from tests. Test refs: tests\test_api_lifecycle_smoke.py; tests\test_api_payments_callbacks.py; tests\test_freekassa_staging_smoke.py,Retest passed,ROOT-PYTEST-001/BACKEND-GAPS-001 passed after route-family mapping; direct test refs found for this route or route family.,,No code fix required in this pass.,Retested in existing automated suite; add narrower route test when behavior changes.,Live/deploy/provider/device/RU checks remain separate and must be labelled PASS/FAIL/BLOCKED_BY_ACCESS/NOT_REQUESTED when applicable.,Keep covered in regression suite; add narrower route test when behavior changes.,2026-06-27
BACKEND-API-043,Backend API,generated from portal_bot/api.py route decorators,API-043,Payments and checkout,GET /api/payments/freekassa/currencies,Payments and checkout,"As a buyer or checkout surface, I can read `GET /api/payments/freekassa/currencies` so the payments and checkout workflow works through the canonical POKROV backend.","Create/check payment orders, provider state, callbacks, and attempts with signature/idempotency checks, manual-review paths, and no unsupported payment maturity claims. Route: `GET /api/payments/freekassa/currencies` handled by `freekassa_currencies`.",portal_bot/api_payment_routes.py:336,"Use POKROV canon, app-first identity, no secrets, no unsupported store/stable/RU/payment claims. Lava.top checkout is beta-proven only; refund/chargeback/reconciliation maturity must not be overclaimed.",Route-family evidence mapped from tests. Test refs: tests\test_api_payments_callbacks.py,Retest passed,ROOT-PYTEST-001/BACKEND-GAPS-001 passed after route-family mapping; direct test refs found for this route or route family.,,No code fix required in this pass.,Retested in existing automated suite; add narrower route test when behavior changes.,Live/deploy/provider/device/RU checks remain separate and must be labelled PASS/FAIL/BLOCKED_BY_ACCESS/NOT_REQUESTED when applicable.,Keep covered in regression suite; add narrower route test when behavior changes.,2026-06-27
BACKEND-API-044,Backend API,generated from portal_bot/api.py route decorators,API-044,Payments and checkout,GET /api/payments/freekassa/currencies/{currency}/status,Payments and checkout,"As a buyer or checkout surface, I can read `GET /api/payments/freekassa/currencies/{currency}/status` so the payments and checkout workflow works through the canonical POKROV backend.","Create/check payment orders, provider state, callbacks, and attempts with signature/idempotency checks, manual-review paths, and no unsupported payment maturity claims. Route: `GET /api/payments/freekassa/currencies/{currency}/status` handled by `freekassa_currency_status`.",portal_bot/api_payment_routes.py:357,"Use POKROV canon, app-first identity, no secrets, no unsupported store/stable/RU/payment claims. Lava.top checkout is beta-proven only; refund/chargeback/reconciliation maturity must not be overclaimed.",Route-family evidence mapped from tests. Test refs: tests\test_api_payments_callbacks.py,Retest passed,ROOT-PYTEST-001/BACKEND-GAPS-001 passed after route-family mapping; direct test refs found for this route or route family.,,No code fix required in this pass.,Retested in existing automated suite; add narrower route test when behavior changes.,Live/deploy/provider/device/RU checks remain separate and must be labelled PASS/FAIL/BLOCKED_BY_ACCESS/NOT_REQUESTED when applicable.,Keep covered in regression suite; add narrower route test when behavior changes.,2026-06-27
BACKEND-API-045,Backend API,generated from portal_bot/api.py route decorators,API-045,Admin metrics and funnel,GET /api/admin/metrics/status,Admin metrics and funnel,"As a operator, I can read `GET /api/admin/metrics/status` so the admin metrics and funnel workflow works through the canonical POKROV backend.","Return operator metrics/funnel summaries with freshness, quality, and optional-block handling instead of misleading zero-only data. Route: `GET /api/admin/metrics/status` handled by `admin_metrics_status`.",portal_bot/api_surface_routes.py:103,"Use POKROV canon, app-first identity, no secrets, no unsupported store/stable/RU/payment claims. Admin web surface is primary operator UI; Telegram admin is fallback only; audit sensitive changes.",Route-family evidence mapped from tests. Test refs: tests\test_api_auth_and_tickets.py; tests\test_api_p0_extensions.py; webapp\e2e\admin-gate.spec.ts,Retest passed,"ROOT-PYTEST-001/BACKEND-GAPS-001, WEBAPP-E2E-001/WEBAPP-AUTH-001 passed after route-family mapping; direct test refs found for this route or route family.",,No code fix required in this pass.,Retested in existing automated suite; add narrower route test when behavior changes.,Live/deploy/provider/device/RU checks remain separate and must be labelled PASS/FAIL/BLOCKED_BY_ACCESS/NOT_REQUESTED when applicable.,Keep covered in regression suite; add narrower route test when behavior changes.,2026-06-27
BACKEND-API-046,Backend API,generated from portal_bot/api.py route decorators,API-046,Admin metrics and funnel,GET /api/admin/funnel/summary,Admin metrics and funnel,"As a operator, I can read `GET /api/admin/funnel/summary` so the admin metrics and funnel workflow works through the canonical POKROV backend.","Return operator metrics/funnel summaries with freshness, quality, and optional-block handling instead of misleading zero-only data. Route: `GET /api/admin/funnel/summary` handled by `admin_funnel_summary`.",portal_bot/api_surface_routes.py:119,"Use POKROV canon, app-first identity, no secrets, no unsupported store/stable/RU/payment claims. Admin web surface is primary operator UI; Telegram admin is fallback only; audit sensitive changes.",Route-family evidence mapped from tests. Test refs: tests\test_backend_route_gap_coverage.py,Retest passed,ROOT-PYTEST-001/BACKEND-GAPS-001 passed after route-family mapping; direct test refs found for this route or route family.,,No code fix required in this pass.,Retested in existing automated suite; add narrower route test when behavior changes.,Live/deploy/provider/device/RU checks remain separate and must be labelled PASS/FAIL/BLOCKED_BY_ACCESS/NOT_REQUESTED when applicable.,Keep covered in regression suite; add narrower route test when behavior changes.,2026-06-27
BACKEND-API-047,Backend API,generated from portal_bot/api.py route decorators,API-047,Admin node operations,GET /api/admin/nodes/traffic,Admin node operations,"As a operator, I can read `GET /api/admin/nodes/traffic` so the admin node operations workflow works through the canonical POKROV backend.",Expose node health/runtime/drift/sync/drain/enable/disable/resync controls with safe admin auth and no accidental user remapping. Route: `GET /api/admin/nodes/traffic` handled by `admin_nodes_traffic`.,portal_bot/api_surface_routes.py:374,"Use POKROV canon, app-first identity, no secrets, no unsupported store/stable/RU/payment claims. Admin web surface is primary operator UI; Telegram admin is fallback only; audit sensitive changes.",Route-family evidence mapped from tests. Test refs: tests\test_api_auth_and_tickets.py; webapp\e2e\admin-gate.spec.ts,Retest passed,"ROOT-PYTEST-001/BACKEND-GAPS-001, WEBAPP-E2E-001/WEBAPP-AUTH-001 passed after route-family mapping; direct test refs found for this route or route family.",,No code fix required in this pass.,Retested in existing automated suite; add narrower route test when behavior changes.,Live/deploy/provider/device/RU checks remain separate and must be labelled PASS/FAIL/BLOCKED_BY_ACCESS/NOT_REQUESTED when applicable.,Keep covered in regression suite; add narrower route test when behavior changes.,2026-06-27
BACKEND-API-048,Backend API,generated from portal_bot/api.py route decorators,API-048,Admin metrics and funnel,GET /api/admin/metrics/timeseries,Admin metrics and funnel,"As a operator, I can read `GET /api/admin/metrics/timeseries` so the admin metrics and funnel workflow works through the canonical POKROV backend.","Return operator metrics/funnel summaries with freshness, quality, and optional-block handling instead of misleading zero-only data. Route: `GET /api/admin/metrics/timeseries` handled by `admin_metrics_timeseries`.",portal_bot/api_surface_routes.py:423,"Use POKROV canon, app-first identity, no secrets, no unsupported store/stable/RU/payment claims. Admin web surface is primary operator UI; Telegram admin is fallback only; audit sensitive changes.",Route-family evidence mapped from tests. Test refs: tests\test_api_auth_and_tickets.py; webapp\e2e\admin-gate.spec.ts,Retest passed,"ROOT-PYTEST-001/BACKEND-GAPS-001, WEBAPP-E2E-001/WEBAPP-AUTH-001 passed after route-family mapping; direct test refs found for this route or route family.",,No code fix required in this pass.,Retested in existing automated suite; add narrower route test when behavior changes.,Live/deploy/provider/device/RU checks remain separate and must be labelled PASS/FAIL/BLOCKED_BY_ACCESS/NOT_REQUESTED when applicable.,Keep covered in regression suite; add narrower route test when behavior changes.,2026-06-27
BACKEND-API-049,Backend API,generated from portal_bot/api.py route decorators,API-049,Public content and social proof,GET /api/reviews,Public content and social proof,"As a public visitor or marketing surface, I can read `GET /api/reviews` so the public content and social proof workflow works through the canonical POKROV backend.","Return only public-safe catalog, plan, update, review, or social-proof data with no private account state and no unsupported release/payment claims. Route: `GET /api/reviews` handled by `featured_reviews`.",portal_bot/api_surface_routes.py:528,"Use POKROV canon, app-first identity, no secrets, no unsupported store/stable/RU/payment claims. Visible VPN wording is allowed on genuine SEO/search-intent surfaces; hidden/cloaked/stuffed copy is forbidden.",Route-family evidence mapped from tests. Test refs: tests\test_api_p0_extensions.py; tests\test_public_copy_guardrails.py; tests\test_reviews_username_masking.py,Retest passed,ROOT-PYTEST-001/BACKEND-GAPS-001 passed after route-family mapping; direct test refs found for this route or route family.,,No code fix required in this pass.,Retested in existing automated suite; add narrower route test when behavior changes.,Live/deploy/provider/device/RU checks remain separate and must be labelled PASS/FAIL/BLOCKED_BY_ACCESS/NOT_REQUESTED when applicable.,Keep covered in regression suite; add narrower route test when behavior changes.,2026-06-27
BACKEND-API-050,Backend API,generated from portal_bot/api.py route decorators,API-050,Public content and social proof,GET /api/public/social-proof,Public content and social proof,"As a public visitor or marketing surface, I can read `GET /api/public/social-proof` so the public content and social proof workflow works through the canonical POKROV backend.","Return only public-safe catalog, plan, update, review, or social-proof data with no private account state and no unsupported release/payment claims. Route: `GET /api/public/social-proof` handled by `public_social_proof`.",portal_bot/api_surface_routes.py:554,"Use POKROV canon, app-first identity, no secrets, no unsupported store/stable/RU/payment claims. Visible VPN wording is allowed on genuine SEO/search-intent surfaces; hidden/cloaked/stuffed copy is forbidden.",Route-family evidence mapped from tests. Test refs: tests\test_api_p0_extensions.py,Retest passed,ROOT-PYTEST-001/BACKEND-GAPS-001 passed after route-family mapping; direct test refs found for this route or route family.,,No code fix required in this pass.,Retested in existing automated suite; add narrower route test when behavior changes.,Live/deploy/provider/device/RU checks remain separate and must be labelled PASS/FAIL/BLOCKED_BY_ACCESS/NOT_REQUESTED when applicable.,Keep covered in regression suite; add narrower route test when behavior changes.,2026-06-27
BACKEND-API-051,Backend API,generated from portal_bot/api.py route decorators,API-051,Telemetry and funnel events,POST /api/events,Telemetry and funnel events,"As a frontend or app telemetry producer, I can submit `POST /api/events` so the telemetry and funnel events workflow works through the canonical POKROV backend.",Accept whitelisted funnel/telemetry events and reject unknown or malformed events without persisting secrets. Route: `POST /api/events` handled by `api_track_event`.,portal_bot/api_surface_routes.py:578,"Use POKROV canon, app-first identity, no secrets, no unsupported store/stable/RU/payment claims.",Route-family evidence mapped from tests. Test refs: tests\test_api_auth_and_tickets.py; tests\test_api_p0_extensions.py,Retest passed,ROOT-PYTEST-001/BACKEND-GAPS-001 passed after route-family mapping; direct test refs found for this route or route family.,,No code fix required in this pass.,Retested in existing automated suite; add narrower route test when behavior changes.,Live/deploy/provider/device/RU checks remain separate and must be labelled PASS/FAIL/BLOCKED_BY_ACCESS/NOT_REQUESTED when applicable.,Keep covered in regression suite; add narrower route test when behavior changes.,2026-06-27
BACKEND-API-052,Backend API,generated from portal_bot/api.py route decorators,API-052,Telemetry and funnel events,POST /api/funnel/events,Telemetry and funnel events,"As a frontend or app telemetry producer, I can submit `POST /api/funnel/events` so the telemetry and funnel events workflow works through the canonical POKROV backend.",Accept whitelisted funnel/telemetry events and reject unknown or malformed events without persisting secrets. Route: `POST /api/funnel/events` handled by `api_track_funnel_event`.,portal_bot/api_surface_routes.py:596,"Use POKROV canon, app-first identity, no secrets, no unsupported store/stable/RU/payment claims.",Route-family evidence mapped from tests. Test refs: tests\test_backend_route_gap_coverage.py,Retest passed,ROOT-PYTEST-001/BACKEND-GAPS-001 passed after route-family mapping; direct test refs found for this route or route family.,,No code fix required in this pass.,Retested in existing automated suite; add narrower route test when behavior changes.,Live/deploy/provider/device/RU checks remain separate and must be labelled PASS/FAIL/BLOCKED_BY_ACCESS/NOT_REQUESTED when applicable.,Keep covered in regression suite; add narrower route test when behavior changes.,2026-06-27
BACKEND-API-053,Backend API,generated from portal_bot/api.py route decorators,API-053,Telemetry and funnel events,POST /api/connect/confirm,Telemetry and funnel events,"As a frontend or app telemetry producer, I can submit `POST /api/connect/confirm` so the telemetry and funnel events workflow works through the canonical POKROV backend.",Accept whitelisted funnel/telemetry events and reject unknown or malformed events without persisting secrets. Route: `POST /api/connect/confirm` handled by `api_connect_confirm`.,portal_bot/api_surface_routes.py:643,"Use POKROV canon, app-first identity, no secrets, no unsupported store/stable/RU/payment claims.",Route-family evidence mapped from tests. Test refs: tests\test_backend_route_gap_coverage.py,Retest passed,ROOT-PYTEST-001/BACKEND-GAPS-001 passed after route-family mapping; direct test refs found for this route or route family.,,No code fix required in this pass.,Retested in existing automated suite; add narrower route test when behavior changes.,Live/deploy/provider/device/RU checks remain separate and must be labelled PASS/FAIL/BLOCKED_BY_ACCESS/NOT_REQUESTED when applicable.,Keep covered in regression suite; add narrower route test when behavior changes.,2026-06-27
BACKEND-API-054,Backend API,generated from portal_bot/api.py route decorators,API-054,Payments and checkout,POST /api/pay/attempts/start,Payments and checkout,"As a buyer or checkout surface, I can submit `POST /api/pay/attempts/start` so the payments and checkout workflow works through the canonical POKROV backend.","Create/check payment orders, provider state, callbacks, and attempts with signature/idempotency checks, manual-review paths, and no unsupported payment maturity claims. Route: `POST /api/pay/attempts/start` handled by `api_pay_attempt_start`.",portal_bot/api_surface_routes.py:651,"Use POKROV canon, app-first identity, no secrets, no unsupported store/stable/RU/payment claims. Lava.top checkout is beta-proven only; refund/chargeback/reconciliation maturity must not be overclaimed.",Route-family evidence mapped from tests. Test refs: tests\test_api_p0_extensions.py,Retest passed,ROOT-PYTEST-001/BACKEND-GAPS-001 passed after route-family mapping; direct test refs found for this route or route family.,,No code fix required in this pass.,Retested in existing automated suite; add narrower route test when behavior changes.,Live/deploy/provider/device/RU checks remain separate and must be labelled PASS/FAIL/BLOCKED_BY_ACCESS/NOT_REQUESTED when applicable.,Keep covered in regression suite; add narrower route test when behavior changes.,2026-06-27
BACKEND-API-055,Backend API,generated from portal_bot/api.py route decorators,API-055,Offers and points,GET /api/offers/active,Offers and points,"As a authenticated user, I can read `GET /api/offers/active` so the offers and points workflow works through the canonical POKROV backend.",Expose active offer/points state and accept eligible offer actions without duplicating rewards. Route: `GET /api/offers/active` handled by `api_active_offer`.,portal_bot/api_surface_routes.py:679,"Use POKROV canon, app-first identity, no secrets, no unsupported store/stable/RU/payment claims.",Route-family evidence mapped from tests. Test refs: tests\test_api_p0_extensions.py,Retest passed,ROOT-PYTEST-001/BACKEND-GAPS-001 passed after route-family mapping; direct test refs found for this route or route family.,,No code fix required in this pass.,Retested in existing automated suite; add narrower route test when behavior changes.,Live/deploy/provider/device/RU checks remain separate and must be labelled PASS/FAIL/BLOCKED_BY_ACCESS/NOT_REQUESTED when applicable.,Keep covered in regression suite; add narrower route test when behavior changes.,2026-06-27
BACKEND-API-056,Backend API,generated from portal_bot/api.py route decorators,API-056,Offers and points,POST /api/offers/{offer_id}/accept,Offers and points,"As a authenticated user, I can submit `POST /api/offers/{offer_id}/accept` so the offers and points workflow works through the canonical POKROV backend.",Expose active offer/points state and accept eligible offer actions without duplicating rewards. Route: `POST /api/offers/{offer_id}/accept` handled by `api_accept_offer`.,portal_bot/api_surface_routes.py:686,"Use POKROV canon, app-first identity, no secrets, no unsupported store/stable/RU/payment claims.",Route-family evidence mapped from tests. Test refs: tests\test_api_p0_extensions.py,Retest passed,ROOT-PYTEST-001/BACKEND-GAPS-001 passed after route-family mapping; direct test refs found for this route or route family.,,No code fix required in this pass.,Retested in existing automated suite; add narrower route test when behavior changes.,Live/deploy/provider/device/RU checks remain separate and must be labelled PASS/FAIL/BLOCKED_BY_ACCESS/NOT_REQUESTED when applicable.,Keep covered in regression suite; add narrower route test when behavior changes.,2026-06-27
BACKEND-API-057,Backend API,generated from portal_bot/api.py route decorators,API-057,Offers and points,GET /api/points,Offers and points,"As a authenticated user, I can read `GET /api/points` so the offers and points workflow works through the canonical POKROV backend.",Expose active offer/points state and accept eligible offer actions without duplicating rewards. Route: `GET /api/points` handled by `api_points`.,portal_bot/api_surface_routes.py:696,"Use POKROV canon, app-first identity, no secrets, no unsupported store/stable/RU/payment claims.",Route-family evidence mapped from tests. Test refs: tests\test_api_p0_extensions.py,Retest passed,ROOT-PYTEST-001/BACKEND-GAPS-001 passed after route-family mapping; direct test refs found for this route or route family.,,No code fix required in this pass.,Retested in existing automated suite; add narrower route test when behavior changes.,Live/deploy/provider/device/RU checks remain separate and must be labelled PASS/FAIL/BLOCKED_BY_ACCESS/NOT_REQUESTED when applicable.,Keep covered in regression suite; add narrower route test when behavior changes.,2026-06-27
BACKEND-API-058,Backend API,generated from portal_bot/api.py route decorators,API-058,Network diagnostics,GET /api/network/probe,Network diagnostics,"As a operator or automation probe, I can read `GET /api/network/probe` so the network diagnostics workflow works through the canonical POKROV backend.",Return or start bounded diagnostics/probe data with rate limits and no private node credentials. Route: `GET /api/network/probe` handled by `api_network_probe`.,portal_bot/api_surface_routes.py:719,"Use POKROV canon, app-first identity, no secrets, no unsupported store/stable/RU/payment claims.",Route-family evidence mapped from tests. Test refs: tests\test_api_p0_extensions.py,Retest passed,ROOT-PYTEST-001/BACKEND-GAPS-001 passed after route-family mapping; direct test refs found for this route or route family.,,No code fix required in this pass.,Retested in existing automated suite; add narrower route test when behavior changes.,Live/deploy/provider/device/RU checks remain separate and must be labelled PASS/FAIL/BLOCKED_BY_ACCESS/NOT_REQUESTED when applicable.,Keep covered in regression suite; add narrower route test when behavior changes.,2026-06-27
BACKEND-API-059,Backend API,generated from portal_bot/api.py route decorators,API-059,Cabinet dashboard/profile data,GET /api/user/{tg_id},Cabinet dashboard/profile data,"As a cabinet user, I can read `GET /api/user/{tg_id}` so the cabinet dashboard/profile data workflow works through the canonical POKROV backend.",Return dashboard/profile data for the authenticated account with canonical connect host and safe free/premium state. Route: `GET /api/user/{tg_id}` handled by `user_data`.,portal_bot/api_surface_routes.py:734,"Use POKROV canon, app-first identity, no secrets, no unsupported store/stable/RU/payment claims. Default core is sing-box; premium pool is enabled non-free nodes; free pool is NL-free only.",Route-family evidence mapped from tests. Test refs: portal_bot\tests\test_app_first_api.py; portal_bot\tests\test_email_auth.py; tests\test_api_auth_and_tickets.py; tests\test_api_lifecycle_smoke.py; tests\test_api_p0_extensions.py; tests\test_network_rollout_api.py; webapp\e2e\admin-gate.spec.ts; webapp\e2e\cabinet-flow.spec.ts (+1 more),Retest passed,"ROOT-PYTEST-001/BACKEND-GAPS-001, WEBAPP-E2E-001/WEBAPP-AUTH-001 passed after route-family mapping; direct test refs found for this route or route family.",,No code fix required in this pass.,Retested in existing automated suite; add narrower route test when behavior changes.,Live/deploy/provider/device/RU checks remain separate and must be labelled PASS/FAIL/BLOCKED_BY_ACCESS/NOT_REQUESTED when applicable.,Keep covered in regression suite; add narrower route test when behavior changes.,2026-06-27
BACKEND-API-060,Backend API,generated from portal_bot/api.py route decorators,API-060,Cabinet dashboard/profile data,GET /api/dashboard,Cabinet dashboard/profile data,"As a cabinet user, I can read `GET /api/dashboard` so the cabinet dashboard/profile data workflow works through the canonical POKROV backend.",Return dashboard/profile data for the authenticated account with canonical connect host and safe free/premium state. Route: `GET /api/dashboard` handled by `dashboard_snapshot`.,portal_bot/api_surface_routes.py:984,"Use POKROV canon, app-first identity, no secrets, no unsupported store/stable/RU/payment claims. Default core is sing-box; premium pool is enabled non-free nodes; free pool is NL-free only.",Route-family evidence mapped from tests. Test refs: portal_bot\tests\test_app_first_api.py; tests\test_api_auth_and_tickets.py; tests\test_api_lifecycle_smoke.py; tests\test_api_p0_extensions.py; tests\test_network_rollout_api.py; webapp\e2e\admin-gate.spec.ts; webapp\e2e\cabinet-flow.spec.ts; webapp\e2e\settings-email-link.spec.ts,Retest passed,"ROOT-PYTEST-001/BACKEND-GAPS-001, WEBAPP-E2E-001/WEBAPP-AUTH-001 passed after route-family mapping; direct test refs found for this route or route family.",,No code fix required in this pass.,Retested in existing automated suite; add narrower route test when behavior changes.,Live/deploy/provider/device/RU checks remain separate and must be labelled PASS/FAIL/BLOCKED_BY_ACCESS/NOT_REQUESTED when applicable.,Keep covered in regression suite; add narrower route test when behavior changes.,2026-06-27
BACKEND-API-061,Backend API,generated from portal_bot/api.py route decorators,API-061,Client app download/update metadata,GET /api/client/apps,Client app download/update metadata,"As a POKROV app or cabinet user, I can read `GET /api/client/apps` so the client app download/update metadata workflow works through the canonical POKROV backend.",Return release/update metadata for Android and Windows GitHub Release assets and prompt-update behavior without claiming silent auto-update. Route: `GET /api/client/apps` handled by `client_apps`.,portal_bot/api_surface_routes.py:1106,"Use POKROV canon, app-first identity, no secrets, no unsupported store/stable/RU/payment claims. Default core is sing-box; premium pool is enabled non-free nodes; free pool is NL-free only.",Route-family evidence mapped from tests. Test refs: tests\test_api_p0_extensions.py; tests\test_public_beta_launch_decision.py; webapp\e2e\admin-gate.spec.ts; webapp\e2e\cabinet-flow.spec.ts,Retest passed,"ROOT-PYTEST-001/BACKEND-GAPS-001, WEBAPP-E2E-001/WEBAPP-AUTH-001 passed after route-family mapping; direct test refs found for this route or route family.",,No code fix required in this pass.,Retested in existing automated suite; add narrower route test when behavior changes.,Live/deploy/provider/device/RU checks remain separate and must be labelled PASS/FAIL/BLOCKED_BY_ACCESS/NOT_REQUESTED when applicable.,Keep covered in regression suite; add narrower route test when behavior changes.,2026-06-27
BACKEND-API-062,Backend API,generated from portal_bot/api.py route decorators,API-062,Network diagnostics,GET /api/nodes/status,Network diagnostics,"As a operator or automation probe, I can read `GET /api/nodes/status` so the network diagnostics workflow works through the canonical POKROV backend.",Return or start bounded diagnostics/probe data with rate limits and no private node credentials. Route: `GET /api/nodes/status` handled by `nodes_status`.,portal_bot/api_surface_routes.py:1204,"Use POKROV canon, app-first identity, no secrets, no unsupported store/stable/RU/payment claims.",Route-family evidence mapped from tests. Test refs: webapp\e2e\cabinet-flow.spec.ts,Retest passed,WEBAPP-E2E-001/WEBAPP-AUTH-001 passed after route-family mapping; direct test refs found for this route or route family.,,No code fix required in this pass.,Retested in existing automated suite; add narrower route test when behavior changes.,Live/deploy/provider/device/RU checks remain separate and must be labelled PASS/FAIL/BLOCKED_BY_ACCESS/NOT_REQUESTED when applicable.,Keep covered in regression suite; add narrower route test when behavior changes.,2026-06-27
BACKEND-API-063,Backend API,generated from portal_bot/api.py route decorators,API-063,Network diagnostics,POST /api/nodes/diagnostics/run,Network diagnostics,"As a operator or automation probe, I can submit `POST /api/nodes/diagnostics/run` so the network diagnostics workflow works through the canonical POKROV backend.",Return or start bounded diagnostics/probe data with rate limits and no private node credentials. Route: `POST /api/nodes/diagnostics/run` handled by `nodes_run_diagnostics`.,portal_bot/api_surface_routes.py:1234,"Use POKROV canon, app-first identity, no secrets, no unsupported store/stable/RU/payment claims.",Route-family evidence mapped from tests. Test refs: tests\test_api_auth_and_tickets.py,Retest passed,ROOT-PYTEST-001/BACKEND-GAPS-001 passed after route-family mapping; direct test refs found for this route or route family.,,No code fix required in this pass.,Retested in existing automated suite; add narrower route test when behavior changes.,Live/deploy/provider/device/RU checks remain separate and must be labelled PASS/FAIL/BLOCKED_BY_ACCESS/NOT_REQUESTED when applicable.,Keep covered in regression suite; add narrower route test when behavior changes.,2026-06-27
BACKEND-API-064,Backend API,generated from portal_bot/api.py route decorators,API-064,Bonuses and rewards,GET /api/bonuses,Bonuses and rewards,"As a authenticated user, I can read `GET /api/bonuses` so the bonuses and rewards workflow works through the canonical POKROV backend.","Return or mutate bonus, referral, wheel, calendar, channel, and promo rewards only after eligibility checks and feature gates. Route: `GET /api/bonuses` handled by `bonuses`.",portal_bot/api_surface_routes.py:1264,"Use POKROV canon, app-first identity, no secrets, no unsupported store/stable/RU/payment claims.",Route-family evidence mapped from tests. Test refs: C:\Users\kiwun\Documents\ai\POKROV-app\packages\app_shell\test\app_first_runtime_bootstrap_test.dart; C:\Users\kiwun\Documents\ai\POKROV-app\packages\app_shell\test\pokrov_seed_app_test.dart; portal_bot\tests\test_app_first_api.py; tests\test_api_auth_and_tickets.py; tests\test_api_lifecycle_smoke.py; webapp\e2e\cabinet-flow.spec.ts,Retest passed,"ROOT-PYTEST-001/BACKEND-GAPS-001, WEBAPP-E2E-001/WEBAPP-AUTH-001, CLIENT-TEST-001 passed after route-family mapping; direct test refs found for this route or route family.",,No code fix required in this pass.,Retested in existing automated suite; add narrower route test when behavior changes.,Live/deploy/provider/device/RU checks remain separate and must be labelled PASS/FAIL/BLOCKED_BY_ACCESS/NOT_REQUESTED when applicable.,Keep covered in regression suite; add narrower route test when behavior changes.,2026-06-27
BACKEND-API-065,Backend API,generated from portal_bot/api.py route decorators,API-065,Bonuses and rewards,GET /api/bonuses/summary,Bonuses and rewards,"As a authenticated user, I can read `GET /api/bonuses/summary` so the bonuses and rewards workflow works through the canonical POKROV backend.","Return or mutate bonus, referral, wheel, calendar, channel, and promo rewards only after eligibility checks and feature gates. Route: `GET /api/bonuses/summary` handled by `bonuses_summary`.",portal_bot/api_surface_routes.py:1882,"Use POKROV canon, app-first identity, no secrets, no unsupported store/stable/RU/payment claims.",Route-family evidence mapped from tests. Test refs: C:\Users\kiwun\Documents\ai\POKROV-app\packages\app_shell\test\app_first_runtime_bootstrap_test.dart; portal_bot\tests\test_app_first_api.py,Retest passed,"ROOT-PYTEST-001/BACKEND-GAPS-001, CLIENT-TEST-001 passed after route-family mapping; direct test refs found for this route or route family.",,No code fix required in this pass.,Retested in existing automated suite; add narrower route test when behavior changes.,Live/deploy/provider/device/RU checks remain separate and must be labelled PASS/FAIL/BLOCKED_BY_ACCESS/NOT_REQUESTED when applicable.,Keep covered in regression suite; add narrower route test when behavior changes.,2026-06-27
BACKEND-API-066,Backend API,generated from portal_bot/api.py route decorators,API-066,Bonuses and rewards,GET /api/bonuses/referral/summary,Bonuses and rewards,"As a authenticated user, I can read `GET /api/bonuses/referral/summary` so the bonuses and rewards workflow works through the canonical POKROV backend.","Return or mutate bonus, referral, wheel, calendar, channel, and promo rewards only after eligibility checks and feature gates. Route: `GET /api/bonuses/referral/summary` handled by `bonuses_referral_summary`.",portal_bot/api_surface_routes.py:1896,"Use POKROV canon, app-first identity, no secrets, no unsupported store/stable/RU/payment claims.",Route-family evidence mapped from tests. Test refs: C:\Users\kiwun\Documents\ai\POKROV-app\packages\app_shell\test\app_first_runtime_bootstrap_test.dart; portal_bot\tests\test_app_first_api.py,Retest passed,"ROOT-PYTEST-001/BACKEND-GAPS-001, CLIENT-TEST-001 passed after route-family mapping; direct test refs found for this route or route family.",,No code fix required in this pass.,Retested in existing automated suite; add narrower route test when behavior changes.,Live/deploy/provider/device/RU checks remain separate and must be labelled PASS/FAIL/BLOCKED_BY_ACCESS/NOT_REQUESTED when applicable.,Keep covered in regression suite; add narrower route test when behavior changes.,2026-06-27
BACKEND-API-067,Backend API,generated from portal_bot/api.py route decorators,API-067,Bonuses and rewards,GET /api/bonuses/history,Bonuses and rewards,"As a authenticated user, I can read `GET /api/bonuses/history` so the bonuses and rewards workflow works through the canonical POKROV backend.","Return or mutate bonus, referral, wheel, calendar, channel, and promo rewards only after eligibility checks and feature gates. Route: `GET /api/bonuses/history` handled by `bonuses_history`.",portal_bot/api_surface_routes.py:1910,"Use POKROV canon, app-first identity, no secrets, no unsupported store/stable/RU/payment claims.",Route-family evidence mapped from tests. Test refs: C:\Users\kiwun\Documents\ai\POKROV-app\packages\app_shell\test\app_first_runtime_bootstrap_test.dart; portal_bot\tests\test_app_first_api.py,Retest passed,"ROOT-PYTEST-001/BACKEND-GAPS-001, CLIENT-TEST-001 passed after route-family mapping; direct test refs found for this route or route family.",,No code fix required in this pass.,Retested in existing automated suite; add narrower route test when behavior changes.,Live/deploy/provider/device/RU checks remain separate and must be labelled PASS/FAIL/BLOCKED_BY_ACCESS/NOT_REQUESTED when applicable.,Keep covered in regression suite; add narrower route test when behavior changes.,2026-06-27
BACKEND-API-068,Backend API,generated from portal_bot/api.py route decorators,API-068,Bonuses and rewards,GET /api/bonuses/wheel/state,Bonuses and rewards,"As a authenticated user, I can read `GET /api/bonuses/wheel/state` so the bonuses and rewards workflow works through the canonical POKROV backend.","Return or mutate bonus, referral, wheel, calendar, channel, and promo rewards only after eligibility checks and feature gates. Route: `GET /api/bonuses/wheel/state` handled by `bonuses_wheel_state`.",portal_bot/api_surface_routes.py:1928,"Use POKROV canon, app-first identity, no secrets, no unsupported store/stable/RU/payment claims.",Route-family evidence mapped from tests. Test refs: portal_bot\tests\test_app_first_api.py,Retest passed,ROOT-PYTEST-001/BACKEND-GAPS-001 passed after route-family mapping; direct test refs found for this route or route family.,,No code fix required in this pass.,Retested in existing automated suite; add narrower route test when behavior changes.,Live/deploy/provider/device/RU checks remain separate and must be labelled PASS/FAIL/BLOCKED_BY_ACCESS/NOT_REQUESTED when applicable.,Keep covered in regression suite; add narrower route test when behavior changes.,2026-06-27
BACKEND-API-069,Backend API,generated from portal_bot/api.py route decorators,API-069,Bonuses and rewards,POST /api/bonuses/wheel/spin,Bonuses and rewards,"As a authenticated user, I can submit `POST /api/bonuses/wheel/spin` so the bonuses and rewards workflow works through the canonical POKROV backend.","Return or mutate bonus, referral, wheel, calendar, channel, and promo rewards only after eligibility checks and feature gates. Route: `POST /api/bonuses/wheel/spin` handled by `bonuses_wheel_spin`.",portal_bot/api_surface_routes.py:1942,"Use POKROV canon, app-first identity, no secrets, no unsupported store/stable/RU/payment claims.",Route-family evidence mapped from tests. Test refs: C:\Users\kiwun\Documents\ai\POKROV-app\packages\app_shell\test\app_first_runtime_bootstrap_test.dart; C:\Users\kiwun\Documents\ai\POKROV-app\packages\app_shell\test\pokrov_seed_app_test.dart; portal_bot\tests\test_app_first_api.py,Retest passed,"ROOT-PYTEST-001/BACKEND-GAPS-001, CLIENT-TEST-001 passed after route-family mapping; direct test refs found for this route or route family.",,No code fix required in this pass.,Retested in existing automated suite; add narrower route test when behavior changes.,Live/deploy/provider/device/RU checks remain separate and must be labelled PASS/FAIL/BLOCKED_BY_ACCESS/NOT_REQUESTED when applicable.,Keep covered in regression suite; add narrower route test when behavior changes.,2026-06-27
BACKEND-API-070,Backend API,generated from portal_bot/api.py route decorators,API-070,Bonuses and rewards,GET /api/bonuses/calendar,Bonuses and rewards,"As a authenticated user, I can read `GET /api/bonuses/calendar` so the bonuses and rewards workflow works through the canonical POKROV backend.","Return or mutate bonus, referral, wheel, calendar, channel, and promo rewards only after eligibility checks and feature gates. Route: `GET /api/bonuses/calendar` handled by `bonuses_calendar`.",portal_bot/api_surface_routes.py:2001,"Use POKROV canon, app-first identity, no secrets, no unsupported store/stable/RU/payment claims.",Route-family evidence mapped from tests. Test refs: C:\Users\kiwun\Documents\ai\POKROV-app\packages\app_shell\test\app_first_runtime_bootstrap_test.dart; C:\Users\kiwun\Documents\ai\POKROV-app\packages\app_shell\test\pokrov_seed_app_test.dart; portal_bot\tests\test_app_first_api.py,Retest passed,"ROOT-PYTEST-001/BACKEND-GAPS-001, CLIENT-TEST-001 passed after route-family mapping; direct test refs found for this route or route family.",,No code fix required in this pass.,Retested in existing automated suite; add narrower route test when behavior changes.,Live/deploy/provider/device/RU checks remain separate and must be labelled PASS/FAIL/BLOCKED_BY_ACCESS/NOT_REQUESTED when applicable.,Keep covered in regression suite; add narrower route test when behavior changes.,2026-06-27
BACKEND-API-071,Backend API,generated from portal_bot/api.py route decorators,API-071,Bonuses and rewards,POST /api/bonuses/calendar/checkin,Bonuses and rewards,"As a authenticated user, I can submit `POST /api/bonuses/calendar/checkin` so the bonuses and rewards workflow works through the canonical POKROV backend.","Return or mutate bonus, referral, wheel, calendar, channel, and promo rewards only after eligibility checks and feature gates. Route: `POST /api/bonuses/calendar/checkin` handled by `bonuses_calendar_checkin`.",portal_bot/api_surface_routes.py:2015,"Use POKROV canon, app-first identity, no secrets, no unsupported store/stable/RU/payment claims.",Route-family evidence mapped from tests. Test refs: C:\Users\kiwun\Documents\ai\POKROV-app\packages\app_shell\test\app_first_runtime_bootstrap_test.dart; C:\Users\kiwun\Documents\ai\POKROV-app\packages\app_shell\test\pokrov_seed_app_test.dart; portal_bot\tests\test_app_first_api.py,Retest passed,"ROOT-PYTEST-001/BACKEND-GAPS-001, CLIENT-TEST-001 passed after route-family mapping; direct test refs found for this route or route family.",,No code fix required in this pass.,Retested in existing automated suite; add narrower route test when behavior changes.,Live/deploy/provider/device/RU checks remain separate and must be labelled PASS/FAIL/BLOCKED_BY_ACCESS/NOT_REQUESTED when applicable.,Keep covered in regression suite; add narrower route test when behavior changes.,2026-06-27
BACKEND-API-072,Backend API,generated from portal_bot/api.py route decorators,API-072,Bonuses and rewards,POST /api/channel/subscriber/check,Bonuses and rewards,"As a authenticated user, I can submit `POST /api/channel/subscriber/check` so the bonuses and rewards workflow works through the canonical POKROV backend.","Return or mutate bonus, referral, wheel, calendar, channel, and promo rewards only after eligibility checks and feature gates. Route: `POST /api/channel/subscriber/check` handled by `channel_subscriber_check`.",portal_bot/api_surface_routes.py:2079,"Use POKROV canon, app-first identity, no secrets, no unsupported store/stable/RU/payment claims.",Route-family evidence mapped from tests. Test refs: C:\Users\kiwun\Documents\ai\POKROV-app\packages\app_shell\test\app_first_runtime_bootstrap_test.dart; portal_bot\tests\test_app_first_api.py; webapp\e2e\cabinet-flow.spec.ts; webapp\e2e\settings-email-link.spec.ts,Retest passed,"ROOT-PYTEST-001/BACKEND-GAPS-001, WEBAPP-E2E-001/WEBAPP-AUTH-001, CLIENT-TEST-001 passed after route-family mapping; direct test refs found for this route or route family.",,No code fix required in this pass.,Retested in existing automated suite; add narrower route test when behavior changes.,Live/deploy/provider/device/RU checks remain separate and must be labelled PASS/FAIL/BLOCKED_BY_ACCESS/NOT_REQUESTED when applicable.,Keep covered in regression suite; add narrower route test when behavior changes.,2026-06-27
BACKEND-API-073,Backend API,generated from portal_bot/api.py route decorators,API-073,Bonuses and rewards,POST /api/bonuses/channel/claim,Bonuses and rewards,"As a authenticated user, I can submit `POST /api/bonuses/channel/claim` so the bonuses and rewards workflow works through the canonical POKROV backend.","Return or mutate bonus, referral, wheel, calendar, channel, and promo rewards only after eligibility checks and feature gates. Route: `POST /api/bonuses/channel/claim` handled by `claim_channel_bonus`.",portal_bot/api_surface_routes.py:2105,"Use POKROV canon, app-first identity, no secrets, no unsupported store/stable/RU/payment claims.",Route-family evidence mapped from tests. Test refs: C:\Users\kiwun\Documents\ai\POKROV-app\packages\app_shell\test\app_first_runtime_bootstrap_test.dart; portal_bot\tests\test_app_first_api.py; tests\test_api_auth_and_tickets.py; tests\test_api_lifecycle_smoke.py; webapp\e2e\cabinet-flow.spec.ts,Retest passed,"ROOT-PYTEST-001/BACKEND-GAPS-001, WEBAPP-E2E-001/WEBAPP-AUTH-001, CLIENT-TEST-001 passed after route-family mapping; direct test refs found for this route or route family.",,No code fix required in this pass.,Retested in existing automated suite; add narrower route test when behavior changes.,Live/deploy/provider/device/RU checks remain separate and must be labelled PASS/FAIL/BLOCKED_BY_ACCESS/NOT_REQUESTED when applicable.,Keep covered in regression suite; add narrower route test when behavior changes.,2026-06-27
BACKEND-API-074,Backend API,generated from portal_bot/api.py route decorators,API-074,Redeem and activation keys,POST /api/promo/redeem,Redeem and activation keys,"As a authenticated user, I can submit `POST /api/promo/redeem` so the redeem and activation keys workflow works through the canonical POKROV backend.","Validate, redeem, or check access/gift/promo keys while rejecting raw subscription/proxy links and preserving rate limits/idempotency. Route: `POST /api/promo/redeem` handled by `promo_redeem`.",portal_bot/api_surface_routes.py:2134,"Use POKROV canon, app-first identity, no secrets, no unsupported store/stable/RU/payment claims. Raw subscription/proxy links must not be accepted as redeem codes.",Route-family evidence mapped from tests. Test refs: tests\test_api_auth_and_tickets.py; tests\test_api_lifecycle_smoke.py,Retest passed,ROOT-PYTEST-001/BACKEND-GAPS-001 passed after route-family mapping; direct test refs found for this route or route family.,,No code fix required in this pass.,Retested in existing automated suite; add narrower route test when behavior changes.,Live/deploy/provider/device/RU checks remain separate and must be labelled PASS/FAIL/BLOCKED_BY_ACCESS/NOT_REQUESTED when applicable.,Keep covered in regression suite; add narrower route test when behavior changes.,2026-06-27
BACKEND-API-075,Backend API,generated from portal_bot/api.py route decorators,API-075,Bonuses and rewards,POST /api/bonuses/promo/redeem,Bonuses and rewards,"As a authenticated user, I can submit `POST /api/bonuses/promo/redeem` so the bonuses and rewards workflow works through the canonical POKROV backend.","Return or mutate bonus, referral, wheel, calendar, channel, and promo rewards only after eligibility checks and feature gates. Route: `POST /api/bonuses/promo/redeem` handled by `bonuses_promo_redeem`.",portal_bot/api_surface_routes.py:2255,"Use POKROV canon, app-first identity, no secrets, no unsupported store/stable/RU/payment claims.",Route-family evidence mapped from tests. Test refs: portal_bot\tests\test_app_first_api.py,Retest passed,ROOT-PYTEST-001/BACKEND-GAPS-001 passed after route-family mapping; direct test refs found for this route or route family.,,No code fix required in this pass.,Retested in existing automated suite; add narrower route test when behavior changes.,Live/deploy/provider/device/RU checks remain separate and must be labelled PASS/FAIL/BLOCKED_BY_ACCESS/NOT_REQUESTED when applicable.,Keep covered in regression suite; add narrower route test when behavior changes.,2026-06-27
BACKEND-API-076,Backend API,generated from portal_bot/api.py route decorators,API-076,Redeem and activation keys,POST /api/gift/redeem,Redeem and activation keys,"As a authenticated user, I can submit `POST /api/gift/redeem` so the redeem and activation keys workflow works through the canonical POKROV backend.","Validate, redeem, or check access/gift/promo keys while rejecting raw subscription/proxy links and preserving rate limits/idempotency. Route: `POST /api/gift/redeem` handled by `gift_redeem`.",portal_bot/api_surface_routes.py:2270,"Use POKROV canon, app-first identity, no secrets, no unsupported store/stable/RU/payment claims. Raw subscription/proxy links must not be accepted as redeem codes.",Route-family evidence mapped from tests. Test refs: tests\test_api_auth_and_tickets.py; tests\test_api_lifecycle_smoke.py,Retest passed,ROOT-PYTEST-001/BACKEND-GAPS-001 passed after route-family mapping; direct test refs found for this route or route family.,,No code fix required in this pass.,Retested in existing automated suite; add narrower route test when behavior changes.,Live/deploy/provider/device/RU checks remain separate and must be labelled PASS/FAIL/BLOCKED_BY_ACCESS/NOT_REQUESTED when applicable.,Keep covered in regression suite; add narrower route test when behavior changes.,2026-06-27
BACKEND-API-077,Backend API,generated from portal_bot/api.py route decorators,API-077,Redeem and activation keys,GET /api/access-keys/status/{key},Redeem and activation keys,"As a authenticated user, I can read `GET /api/access-keys/status/{key}` so the redeem and activation keys workflow works through the canonical POKROV backend.","Validate, redeem, or check access/gift/promo keys while rejecting raw subscription/proxy links and preserving rate limits/idempotency. Route: `GET /api/access-keys/status/{key}` handled by `access_key_status`.",portal_bot/api_surface_routes.py:2349,"Use POKROV canon, app-first identity, no secrets, no unsupported store/stable/RU/payment claims. Raw subscription/proxy links must not be accepted as redeem codes.",Route-family evidence mapped from tests. Test refs: portal_bot\tests\test_app_first_api.py; webapp\e2e\admin-gate.spec.ts,Retest passed,"ROOT-PYTEST-001/BACKEND-GAPS-001, WEBAPP-E2E-001/WEBAPP-AUTH-001 passed after route-family mapping; direct test refs found for this route or route family.",,No code fix required in this pass.,Retested in existing automated suite; add narrower route test when behavior changes.,Live/deploy/provider/device/RU checks remain separate and must be labelled PASS/FAIL/BLOCKED_BY_ACCESS/NOT_REQUESTED when applicable.,Keep covered in regression suite; add narrower route test when behavior changes.,2026-06-27
BACKEND-API-078,Backend API,generated from portal_bot/api.py route decorators,API-078,Redeem and activation keys,POST /api/access-keys/redeem,Redeem and activation keys,"As a authenticated user, I can submit `POST /api/access-keys/redeem` so the redeem and activation keys workflow works through the canonical POKROV backend.","Validate, redeem, or check access/gift/promo keys while rejecting raw subscription/proxy links and preserving rate limits/idempotency. Route: `POST /api/access-keys/redeem` handled by `access_key_redeem`.",portal_bot/api_surface_routes.py:2516,"Use POKROV canon, app-first identity, no secrets, no unsupported store/stable/RU/payment claims. Raw subscription/proxy links must not be accepted as redeem codes.",Route-family evidence mapped from tests. Test refs: tests\test_api_auth_and_tickets.py,Retest passed,ROOT-PYTEST-001/BACKEND-GAPS-001 passed after route-family mapping; direct test refs found for this route or route family.,,No code fix required in this pass.,Retested in existing automated suite; add narrower route test when behavior changes.,Live/deploy/provider/device/RU checks remain separate and must be labelled PASS/FAIL/BLOCKED_BY_ACCESS/NOT_REQUESTED when applicable.,Keep covered in regression suite; add narrower route test when behavior changes.,2026-06-27
BACKEND-API-079,Backend API,generated from portal_bot/api.py route decorators,API-079,Redeem and activation keys,POST /api/redeem,Redeem and activation keys,"As a authenticated user, I can submit `POST /api/redeem` so the redeem and activation keys workflow works through the canonical POKROV backend.","Validate, redeem, or check access/gift/promo keys while rejecting raw subscription/proxy links and preserving rate limits/idempotency. Route: `POST /api/redeem` handled by `unified_redeem`.",portal_bot/api_surface_routes.py:2531,"Use POKROV canon, app-first identity, no secrets, no unsupported store/stable/RU/payment claims. Raw subscription/proxy links must not be accepted as redeem codes.",Route-family evidence mapped from tests. Test refs: C:\Users\kiwun\Documents\ai\POKROV-app\packages\app_shell\test\app_first_runtime_bootstrap_test.dart; portal_bot\tests\test_app_first_api.py,Retest passed,"ROOT-PYTEST-001/BACKEND-GAPS-001, CLIENT-TEST-001 passed after route-family mapping; direct test refs found for this route or route family.",,No code fix required in this pass.,Retested in existing automated suite; add narrower route test when behavior changes.,Live/deploy/provider/device/RU checks remain separate and must be labelled PASS/FAIL/BLOCKED_BY_ACCESS/NOT_REQUESTED when applicable.,Keep covered in regression suite; add narrower route test when behavior changes.,2026-06-27
BACKEND-API-080,Backend API,generated from portal_bot/api.py route decorators,API-080,Cabinet handoff,POST /api/client/cabinet-token,Cabinet handoff,"As an operator, I can update `POST /api/client/cabinet-token` so the cabinet handoff workflow works through the canonical POKROV backend.","Exchange one-time app handoff tokens for cabinet sessions, issue safe short-lived cabinet tokens, remove replayed/expired tokens, and honor only safe target paths. Route: `POST /api/client/cabinet-token` handled by `client_cabinet_token`.",portal_bot/api_surface_routes.py:2632,"Use POKROV canon, app-first identity, no secrets, no unsupported store/stable/RU/payment claims. Admin web surface is primary operator UI; rollout changes must stay auditable and rollback-safe.",Route-family evidence mapped from tests. Test refs: C:\Users\kiwun\Documents\ai\POKROV-app\packages\app_shell\test\app_first_runtime_bootstrap_test.dart; portal_bot\tests\test_app_first_api.py,Retest passed,"ROOT-PYTEST-001/BACKEND-GAPS-001, CLIENT-TEST-001 passed after route-family mapping; direct test refs found for this route or route family.",,No code fix required in this pass.,Retested in existing automated suite; add narrower route test when behavior changes.,Live/deploy/provider/device/RU checks remain separate and must be labelled PASS/FAIL/BLOCKED_BY_ACCESS/NOT_REQUESTED when applicable.,Keep covered in regression suite; add narrower route test when behavior changes.,2026-06-27
BACKEND-API-081,Backend API,generated from portal_bot/api.py route decorators,API-081,Cabinet handoff,POST /api/auth/cabinet-handoff/exchange,Cabinet handoff,"As a cabinet user, I can submit `POST /api/auth/cabinet-handoff/exchange` so the cabinet handoff workflow works through the canonical POKROV backend.","Exchange one-time app handoff tokens for cabinet sessions, remove replayed/expired tokens, and honor only safe target paths. Route: `POST /api/auth/cabinet-handoff/exchange` handled by `auth_cabinet_handoff_exchange`.",portal_bot/api_surface_routes.py:2691,"Use POKROV canon, app-first identity, no secrets, no unsupported store/stable/RU/payment claims.",Route-family evidence mapped from tests. Test refs: portal_bot\tests\test_app_first_api.py; webapp\e2e\cabinet-flow.spec.ts,Retest passed,"ROOT-PYTEST-001/BACKEND-GAPS-001, WEBAPP-E2E-001/WEBAPP-AUTH-001 passed after route-family mapping; direct test refs found for this route or route family.",,No code fix required in this pass.,Retested in existing automated suite; add narrower route test when behavior changes.,Live/deploy/provider/device/RU checks remain separate and must be labelled PASS/FAIL/BLOCKED_BY_ACCESS/NOT_REQUESTED when applicable.,Keep covered in regression suite; add narrower route test when behavior changes.,2026-06-27
BACKEND-API-082,Backend API,generated from portal_bot/api.py route decorators,API-082,Public content and social proof,POST /api/reviews,Public content and social proof,"As a public visitor or marketing surface, I can submit `POST /api/reviews` so the public content and social proof workflow works through the canonical POKROV backend.","Return only public-safe catalog, plan, update, review, or social-proof data with no private account state and no unsupported release/payment claims. Route: `POST /api/reviews` handled by `create_review`.",portal_bot/api_surface_routes.py:2812,"Use POKROV canon, app-first identity, no secrets, no unsupported store/stable/RU/payment claims. Visible VPN wording is allowed on genuine SEO/search-intent surfaces; hidden/cloaked/stuffed copy is forbidden.",Route-family evidence mapped from tests. Test refs: tests\test_api_p0_extensions.py; tests\test_public_copy_guardrails.py; tests\test_reviews_username_masking.py,Retest passed,ROOT-PYTEST-001/BACKEND-GAPS-001 passed after route-family mapping; direct test refs found for this route or route family.,,No code fix required in this pass.,Retested in existing automated suite; add narrower route test when behavior changes.,Live/deploy/provider/device/RU checks remain separate and must be labelled PASS/FAIL/BLOCKED_BY_ACCESS/NOT_REQUESTED when applicable.,Keep covered in regression suite; add narrower route test when behavior changes.,2026-06-27
BACKEND-API-083,Backend API,generated from portal_bot/api.py route decorators,API-083,Public content and social proof,POST /api/feedback,Public content and social proof,"As a public visitor or marketing surface, I can submit `POST /api/feedback` so the public content and social proof workflow works through the canonical POKROV backend.","Return only public-safe catalog, plan, update, review, or social-proof data with no private account state and no unsupported release/payment claims. Route: `POST /api/feedback` handled by `create_feedback`.",portal_bot/api_surface_routes.py:2838,"Use POKROV canon, app-first identity, no secrets, no unsupported store/stable/RU/payment claims. Visible VPN wording is allowed on genuine SEO/search-intent surfaces; hidden/cloaked/stuffed copy is forbidden.",Route-family evidence mapped from tests. Test refs: tests\test_api_p0_extensions.py,Retest passed,ROOT-PYTEST-001/BACKEND-GAPS-001 passed after route-family mapping; direct test refs found for this route or route family.,,No code fix required in this pass.,Retested in existing automated suite; add narrower route test when behavior changes.,Live/deploy/provider/device/RU checks remain separate and must be labelled PASS/FAIL/BLOCKED_BY_ACCESS/NOT_REQUESTED when applicable.,Keep covered in regression suite; add narrower route test when behavior changes.,2026-06-27
BACKEND-API-084,Backend API,generated from portal_bot/api.py route decorators,API-084,Support ticket lifecycle,GET /api/tickets,Support ticket lifecycle,"As a support user, I can read `GET /api/tickets` so the support ticket lifecycle workflow works through the canonical POKROV backend.","Create, list, upload, read, or append ticket messages only for the authenticated user, with attachment metadata and no private access leakage. Route: `GET /api/tickets` handled by `get_tickets`.",portal_bot/api_surface_routes.py:2873,"Use POKROV canon, app-first identity, no secrets, no unsupported store/stable/RU/payment claims.",Route-family evidence mapped from tests. Test refs: C:\Users\kiwun\Documents\ai\POKROV-app\packages\app_shell\test\app_first_runtime_bootstrap_test.dart; C:\Users\kiwun\Documents\ai\POKROV-app\packages\app_shell\test\assistant_contract_test.dart; portal_bot\tests\test_app_first_api.py; tests\test_api_auth_and_tickets.py; tests\test_api_lifecycle_smoke.py; tests\test_client_ui_api_additions.py; webapp\e2e\cabinet-flow.spec.ts,Retest passed,"ROOT-PYTEST-001/BACKEND-GAPS-001, WEBAPP-E2E-001/WEBAPP-AUTH-001, CLIENT-TEST-001 passed after route-family mapping; direct test refs found for this route or route family.",,No code fix required in this pass.,Retested in existing automated suite; add narrower route test when behavior changes.,Live/deploy/provider/device/RU checks remain separate and must be labelled PASS/FAIL/BLOCKED_BY_ACCESS/NOT_REQUESTED when applicable.,Keep covered in regression suite; add narrower route test when behavior changes.,2026-06-27
BACKEND-API-085,Backend API,generated from portal_bot/api.py route decorators,API-085,Support ticket lifecycle,POST /api/tickets/uploads,Support ticket lifecycle,"As a support user, I can submit `POST /api/tickets/uploads` so the support ticket lifecycle workflow works through the canonical POKROV backend.","Create, list, upload, read, or append ticket messages only for the authenticated user, with attachment metadata and no private access leakage. Route: `POST /api/tickets/uploads` handled by `upload_ticket_attachment`.",portal_bot/api_surface_routes.py:2900,"Use POKROV canon, app-first identity, no secrets, no unsupported store/stable/RU/payment claims.",Route-family evidence mapped from tests. Test refs: tests\test_api_auth_and_tickets.py; webapp\e2e\cabinet-flow.spec.ts,Retest passed,"ROOT-PYTEST-001/BACKEND-GAPS-001, WEBAPP-E2E-001/WEBAPP-AUTH-001 passed after route-family mapping; direct test refs found for this route or route family.",,No code fix required in this pass.,Retested in existing automated suite; add narrower route test when behavior changes.,Live/deploy/provider/device/RU checks remain separate and must be labelled PASS/FAIL/BLOCKED_BY_ACCESS/NOT_REQUESTED when applicable.,Keep covered in regression suite; add narrower route test when behavior changes.,2026-06-27
BACKEND-API-086,Backend API,generated from portal_bot/api.py route decorators,API-086,Support ticket lifecycle,POST /api/tickets,Support ticket lifecycle,"As a support user, I can submit `POST /api/tickets` so the support ticket lifecycle workflow works through the canonical POKROV backend.","Create, list, upload, read, or append ticket messages only for the authenticated user, with attachment metadata and no private access leakage. Route: `POST /api/tickets` handled by `create_user_ticket`.",portal_bot/api_surface_routes.py:3038,"Use POKROV canon, app-first identity, no secrets, no unsupported store/stable/RU/payment claims.",Route-family evidence mapped from tests. Test refs: C:\Users\kiwun\Documents\ai\POKROV-app\packages\app_shell\test\app_first_runtime_bootstrap_test.dart; C:\Users\kiwun\Documents\ai\POKROV-app\packages\app_shell\test\assistant_contract_test.dart; portal_bot\tests\test_app_first_api.py; tests\test_api_auth_and_tickets.py; tests\test_api_lifecycle_smoke.py; tests\test_client_ui_api_additions.py; webapp\e2e\cabinet-flow.spec.ts,Retest passed,"ROOT-PYTEST-001/BACKEND-GAPS-001, WEBAPP-E2E-001/WEBAPP-AUTH-001, CLIENT-TEST-001 passed after route-family mapping; direct test refs found for this route or route family.",,No code fix required in this pass.,Retested in existing automated suite; add narrower route test when behavior changes.,Live/deploy/provider/device/RU checks remain separate and must be labelled PASS/FAIL/BLOCKED_BY_ACCESS/NOT_REQUESTED when applicable.,Keep covered in regression suite; add narrower route test when behavior changes.,2026-06-27
BACKEND-API-087,Backend API,generated from portal_bot/api.py route decorators,API-087,Support ticket lifecycle,GET /api/tickets/{ticket_id},Support ticket lifecycle,"As a support user, I can read `GET /api/tickets/{ticket_id}` so the support ticket lifecycle workflow works through the canonical POKROV backend.","Create, list, upload, read, or append ticket messages only for the authenticated user, with attachment metadata and no private access leakage. Route: `GET /api/tickets/{ticket_id}` handled by `get_ticket`.",portal_bot/api_surface_routes.py:3107,"Use POKROV canon, app-first identity, no secrets, no unsupported store/stable/RU/payment claims.",Route-family evidence mapped from tests. Test refs: C:\Users\kiwun\Documents\ai\POKROV-app\packages\app_shell\test\app_first_runtime_bootstrap_test.dart; C:\Users\kiwun\Documents\ai\POKROV-app\packages\app_shell\test\assistant_contract_test.dart; portal_bot\tests\test_app_first_api.py; tests\test_api_auth_and_tickets.py; tests\test_api_lifecycle_smoke.py; tests\test_client_ui_api_additions.py; webapp\e2e\cabinet-flow.spec.ts,Retest passed,"ROOT-PYTEST-001/BACKEND-GAPS-001, WEBAPP-E2E-001/WEBAPP-AUTH-001, CLIENT-TEST-001 passed after route-family mapping; direct test refs found for this route or route family.",,No code fix required in this pass.,Retested in existing automated suite; add narrower route test when behavior changes.,Live/deploy/provider/device/RU checks remain separate and must be labelled PASS/FAIL/BLOCKED_BY_ACCESS/NOT_REQUESTED when applicable.,Keep covered in regression suite; add narrower route test when behavior changes.,2026-06-27
BACKEND-API-088,Backend API,generated from portal_bot/api.py route decorators,API-088,Support ticket lifecycle,POST /api/tickets/{ticket_id}/messages,Support ticket lifecycle,"As a support user, I can submit `POST /api/tickets/{ticket_id}/messages` so the support ticket lifecycle workflow works through the canonical POKROV backend.","Create, list, upload, read, or append ticket messages only for the authenticated user, with attachment metadata and no private access leakage. Route: `POST /api/tickets/{ticket_id}/messages` handled by `add_ticket_user_message`.",portal_bot/api_surface_routes.py:3142,"Use POKROV canon, app-first identity, no secrets, no unsupported store/stable/RU/payment claims.",Route-family evidence mapped from tests. Test refs: C:\Users\kiwun\Documents\ai\POKROV-app\packages\app_shell\test\app_first_runtime_bootstrap_test.dart; C:\Users\kiwun\Documents\ai\POKROV-app\packages\app_shell\test\assistant_contract_test.dart; portal_bot\tests\test_app_first_api.py; tests\test_api_auth_and_tickets.py; tests\test_api_lifecycle_smoke.py; tests\test_client_ui_api_additions.py; webapp\e2e\cabinet-flow.spec.ts,Retest passed,"ROOT-PYTEST-001/BACKEND-GAPS-001, WEBAPP-E2E-001/WEBAPP-AUTH-001, CLIENT-TEST-001 passed after route-family mapping; direct test refs found for this route or route family.",,No code fix required in this pass.,Retested in existing automated suite; add narrower route test when behavior changes.,Live/deploy/provider/device/RU checks remain separate and must be labelled PASS/FAIL/BLOCKED_BY_ACCESS/NOT_REQUESTED when applicable.,Keep covered in regression suite; add narrower route test when behavior changes.,2026-06-27
BACKEND-API-089,Backend API,generated from portal_bot/api.py route decorators,API-089,Admin operations and release controls,GET /api/admin/summary,Admin operations and release controls,"As a operator, I can read `GET /api/admin/summary` so the admin operations and release controls workflow works through the canonical POKROV backend.","Expose guarded admin-only operational controls, summaries, broadcasts, referrals, audits, and client WARP material without broad public release claims. Route: `GET /api/admin/summary` handled by `admin_summary`.",portal_bot/api_admin_routes.py:14,"Use POKROV canon, app-first identity, no secrets, no unsupported store/stable/RU/payment claims. Admin web surface is primary operator UI; Telegram admin is fallback only; audit sensitive changes.",Route-family evidence mapped from tests. Test refs: portal_bot\tests\test_email_auth.py; tests\test_api_auth_and_tickets.py; tests\test_observer_api.py; webapp\e2e\admin-gate.spec.ts,Retest passed,"ROOT-PYTEST-001/BACKEND-GAPS-001, WEBAPP-E2E-001/WEBAPP-AUTH-001 passed after route-family mapping; direct test refs found for this route or route family.",,No code fix required in this pass.,Retested in existing automated suite; add narrower route test when behavior changes.,Live/deploy/provider/device/RU checks remain separate and must be labelled PASS/FAIL/BLOCKED_BY_ACCESS/NOT_REQUESTED when applicable.,Keep covered in regression suite; add narrower route test when behavior changes.,2026-06-27
BACKEND-API-090,Backend API,generated from portal_bot/api.py route decorators,API-090,Admin payment ledger and reconciliation,GET /api/admin/payments/orders,Admin payment ledger and reconciliation,"As a operator, I can read `GET /api/admin/payments/orders` so the admin payment ledger and reconciliation workflow works through the canonical POKROV backend.",Let admins inspect payment/order state and require audit notes for manual reconciliation. Route: `GET /api/admin/payments/orders` handled by `admin_payment_orders`.,portal_bot/api_admin_routes.py:563,"Use POKROV canon, app-first identity, no secrets, no unsupported store/stable/RU/payment claims. Lava.top checkout is beta-proven only; refund/chargeback/reconciliation maturity must not be overclaimed.",Route-family evidence mapped from tests. Test refs: tests\test_admin_payments_api.py; webapp\e2e\admin-gate.spec.ts,Retest passed,"ROOT-PYTEST-001/BACKEND-GAPS-001, WEBAPP-E2E-001/WEBAPP-AUTH-001 passed after route-family mapping; direct test refs found for this route or route family.",,No code fix required in this pass.,Retested in existing automated suite; add narrower route test when behavior changes.,Live/deploy/provider/device/RU checks remain separate and must be labelled PASS/FAIL/BLOCKED_BY_ACCESS/NOT_REQUESTED when applicable.,Keep covered in regression suite; add narrower route test when behavior changes.,2026-06-27
BACKEND-API-091,Backend API,generated from portal_bot/api.py route decorators,API-091,Admin payment ledger and reconciliation,POST /api/admin/payments/orders/{provider}/{order_id}/reconcile,Admin payment ledger and reconciliation,"As a operator, I can submit `POST /api/admin/payments/orders/{provider}/{order_id}/reconcile` so the admin payment ledger and reconciliation workflow works through the canonical POKROV backend.",Let admins inspect payment/order state and require audit notes for manual reconciliation. Route: `POST /api/admin/payments/orders/{provider}/{order_id}/reconcile` handled by `admin_payment_order_reconcile`.,portal_bot/api_admin_routes.py:635,"Use POKROV canon, app-first identity, no secrets, no unsupported store/stable/RU/payment claims. Lava.top checkout is beta-proven only; refund/chargeback/reconciliation maturity must not be overclaimed.",Route-family evidence mapped from tests. Test refs: tests\test_admin_payments_api.py; webapp\e2e\admin-gate.spec.ts,Retest passed,"ROOT-PYTEST-001/BACKEND-GAPS-001, WEBAPP-E2E-001/WEBAPP-AUTH-001 passed after route-family mapping; direct test refs found for this route or route family.",,No code fix required in this pass.,Retested in existing automated suite; add narrower route test when behavior changes.,Live/deploy/provider/device/RU checks remain separate and must be labelled PASS/FAIL/BLOCKED_BY_ACCESS/NOT_REQUESTED when applicable.,Keep covered in regression suite; add narrower route test when behavior changes.,2026-06-27
BACKEND-API-092,Backend API,generated from portal_bot/api.py route decorators,API-092,Admin user operations,GET /api/admin/users,Admin user operations,"As a operator, I can read `GET /api/admin/users` so the admin user operations workflow works through the canonical POKROV backend.","Let authorized admins search, inspect, manually manage, delete only safe test/manual users, and sync per-user access with audited actions. Route: `GET /api/admin/users` handled by `admin_users`.",portal_bot/api_admin_routes.py:680,"Use POKROV canon, app-first identity, no secrets, no unsupported store/stable/RU/payment claims. Admin web surface is primary operator UI; Telegram admin is fallback only; audit sensitive changes.",Route-family evidence mapped from tests. Test refs: tests\test_api_auth_and_tickets.py; tests\test_observer_api.py; webapp\e2e\admin-gate.spec.ts,Retest passed,"ROOT-PYTEST-001/BACKEND-GAPS-001, WEBAPP-E2E-001/WEBAPP-AUTH-001 passed after route-family mapping; direct test refs found for this route or route family.",,No code fix required in this pass.,Retested in existing automated suite; add narrower route test when behavior changes.,Live/deploy/provider/device/RU checks remain separate and must be labelled PASS/FAIL/BLOCKED_BY_ACCESS/NOT_REQUESTED when applicable.,Keep covered in regression suite; add narrower route test when behavior changes.,2026-06-27
BACKEND-API-093,Backend API,generated from portal_bot/api.py route decorators,API-093,Admin user operations,GET /api/admin/users/{tg_id},Admin user operations,"As a operator, I can read `GET /api/admin/users/{tg_id}` so the admin user operations workflow works through the canonical POKROV backend.","Let authorized admins search, inspect, manually manage, delete only safe test/manual users, and sync per-user access with audited actions. Route: `GET /api/admin/users/{tg_id}` handled by `admin_user_card`.",portal_bot/api_admin_routes.py:998,"Use POKROV canon, app-first identity, no secrets, no unsupported store/stable/RU/payment claims. Admin web surface is primary operator UI; Telegram admin is fallback only; audit sensitive changes.",Route-family evidence mapped from tests. Test refs: tests\test_api_auth_and_tickets.py; tests\test_observer_api.py; webapp\e2e\admin-gate.spec.ts,Retest passed,"ROOT-PYTEST-001/BACKEND-GAPS-001, WEBAPP-E2E-001/WEBAPP-AUTH-001 passed after route-family mapping; direct test refs found for this route or route family.",,No code fix required in this pass.,Retested in existing automated suite; add narrower route test when behavior changes.,Live/deploy/provider/device/RU checks remain separate and must be labelled PASS/FAIL/BLOCKED_BY_ACCESS/NOT_REQUESTED when applicable.,Keep covered in regression suite; add narrower route test when behavior changes.,2026-06-27
BACKEND-API-094,Backend API,generated from portal_bot/api.py route decorators,API-094,Admin user operations,POST /api/admin/users/manual,Admin user operations,"As a operator, I can submit `POST /api/admin/users/manual` so the admin user operations workflow works through the canonical POKROV backend.","Let authorized admins search, inspect, manually manage, delete only safe test/manual users, and sync per-user access with audited actions. Route: `POST /api/admin/users/manual` handled by `admin_create_manual_user`.",portal_bot/api_admin_routes.py:1190,"Use POKROV canon, app-first identity, no secrets, no unsupported store/stable/RU/payment claims. Admin web surface is primary operator UI; Telegram admin is fallback only; audit sensitive changes.",Route-family evidence mapped from tests. Test refs: tests\test_api_auth_and_tickets.py,Retest passed,ROOT-PYTEST-001/BACKEND-GAPS-001 passed after route-family mapping; direct test refs found for this route or route family.,,No code fix required in this pass.,Retested in existing automated suite; add narrower route test when behavior changes.,Live/deploy/provider/device/RU checks remain separate and must be labelled PASS/FAIL/BLOCKED_BY_ACCESS/NOT_REQUESTED when applicable.,Keep covered in regression suite; add narrower route test when behavior changes.,2026-06-27
BACKEND-API-095,Backend API,generated from portal_bot/api.py route decorators,API-095,Admin user operations,POST /api/admin/users/{tg_id}/manual-extend,Admin user operations,"As a operator, I can submit `POST /api/admin/users/{tg_id}/manual-extend` so the admin user operations workflow works through the canonical POKROV backend.","Let authorized admins search, inspect, manually manage, delete only safe test/manual users, and sync per-user access with audited actions. Route: `POST /api/admin/users/{tg_id}/manual-extend` handled by `admin_extend_manual_user`.",portal_bot/api_admin_routes.py:1208,"Use POKROV canon, app-first identity, no secrets, no unsupported store/stable/RU/payment claims. Admin web surface is primary operator UI; Telegram admin is fallback only; audit sensitive changes.",Route-family evidence mapped from tests. Test refs: tests\test_api_auth_and_tickets.py; tests\test_observer_api.py; webapp\e2e\admin-gate.spec.ts,Retest passed,"ROOT-PYTEST-001/BACKEND-GAPS-001, WEBAPP-E2E-001/WEBAPP-AUTH-001 passed after route-family mapping; direct test refs found for this route or route family.",,No code fix required in this pass.,Retested in existing automated suite; add narrower route test when behavior changes.,Live/deploy/provider/device/RU checks remain separate and must be labelled PASS/FAIL/BLOCKED_BY_ACCESS/NOT_REQUESTED when applicable.,Keep covered in regression suite; add narrower route test when behavior changes.,2026-06-27
BACKEND-API-096,Backend API,generated from portal_bot/api.py route decorators,API-096,Admin user operations,POST /api/admin/users/{tg_id}/manual/extend,Admin user operations,"As a operator, I can submit `POST /api/admin/users/{tg_id}/manual/extend` so the admin user operations workflow works through the canonical POKROV backend.","Let authorized admins search, inspect, manually manage, delete only safe test/manual users, and sync per-user access with audited actions. Route: `POST /api/admin/users/{tg_id}/manual/extend` handled by `admin_extend_manual_user`.",portal_bot/api_admin_routes.py:1207,"Use POKROV canon, app-first identity, no secrets, no unsupported store/stable/RU/payment claims. Admin web surface is primary operator UI; Telegram admin is fallback only; audit sensitive changes.",Route-family evidence mapped from tests. Test refs: tests\test_api_auth_and_tickets.py; tests\test_observer_api.py; webapp\e2e\admin-gate.spec.ts,Retest passed,"ROOT-PYTEST-001/BACKEND-GAPS-001, WEBAPP-E2E-001/WEBAPP-AUTH-001 passed after route-family mapping; direct test refs found for this route or route family.",,No code fix required in this pass.,Retested in existing automated suite; add narrower route test when behavior changes.,Live/deploy/provider/device/RU checks remain separate and must be labelled PASS/FAIL/BLOCKED_BY_ACCESS/NOT_REQUESTED when applicable.,Keep covered in regression suite; add narrower route test when behavior changes.,2026-06-27
BACKEND-API-097,Backend API,generated from portal_bot/api.py route decorators,API-097,Admin user operations,POST /api/admin/users/{tg_id}/manual/block,Admin user operations,"As a operator, I can submit `POST /api/admin/users/{tg_id}/manual/block` so the admin user operations workflow works through the canonical POKROV backend.","Let authorized admins search, inspect, manually manage, delete only safe test/manual users, and sync per-user access with audited actions. Route: `POST /api/admin/users/{tg_id}/manual/block` handled by `admin_block_manual_user`.",portal_bot/api_admin_routes.py:1230,"Use POKROV canon, app-first identity, no secrets, no unsupported store/stable/RU/payment claims. Admin web surface is primary operator UI; Telegram admin is fallback only; audit sensitive changes.",Route-family evidence mapped from tests. Test refs: tests\test_api_auth_and_tickets.py; tests\test_observer_api.py; webapp\e2e\admin-gate.spec.ts,Retest passed,"ROOT-PYTEST-001/BACKEND-GAPS-001, WEBAPP-E2E-001/WEBAPP-AUTH-001 passed after route-family mapping; direct test refs found for this route or route family.",,No code fix required in this pass.,Retested in existing automated suite; add narrower route test when behavior changes.,Live/deploy/provider/device/RU checks remain separate and must be labelled PASS/FAIL/BLOCKED_BY_ACCESS/NOT_REQUESTED when applicable.,Keep covered in regression suite; add narrower route test when behavior changes.,2026-06-27
BACKEND-API-098,Backend API,generated from portal_bot/api.py route decorators,API-098,Admin user operations,POST /api/admin/users/{tg_id}/manual/regenerate-token,Admin user operations,"As a operator, I can submit `POST /api/admin/users/{tg_id}/manual/regenerate-token` so the admin user operations workflow works through the canonical POKROV backend.","Let authorized admins search, inspect, manually manage, delete only safe test/manual users, and sync per-user access with audited actions. Route: `POST /api/admin/users/{tg_id}/manual/regenerate-token` handled by `admin_regenerate_manual_token`.",portal_bot/api_admin_routes.py:1248,"Use POKROV canon, app-first identity, no secrets, no unsupported store/stable/RU/payment claims. Admin web surface is primary operator UI; Telegram admin is fallback only; audit sensitive changes.",Route-family evidence mapped from tests. Test refs: tests\test_api_auth_and_tickets.py; tests\test_observer_api.py; webapp\e2e\admin-gate.spec.ts,Retest passed,"ROOT-PYTEST-001/BACKEND-GAPS-001, WEBAPP-E2E-001/WEBAPP-AUTH-001 passed after route-family mapping; direct test refs found for this route or route family.",,No code fix required in this pass.,Retested in existing automated suite; add narrower route test when behavior changes.,Live/deploy/provider/device/RU checks remain separate and must be labelled PASS/FAIL/BLOCKED_BY_ACCESS/NOT_REQUESTED when applicable.,Keep covered in regression suite; add narrower route test when behavior changes.,2026-06-27
BACKEND-API-099,Backend API,generated from portal_bot/api.py route decorators,API-099,Admin user operations,POST /api/admin/users/{tg_id}/safe-delete,Admin user operations,"As a operator, I can submit `POST /api/admin/users/{tg_id}/safe-delete` so the admin user operations workflow works through the canonical POKROV backend.","Let authorized admins search, inspect, manually manage, delete only safe test/manual users, and sync per-user access with audited actions. Route: `POST /api/admin/users/{tg_id}/safe-delete` handled by `admin_safe_delete_test_user`.",portal_bot/api_admin_routes.py:1265,"Use POKROV canon, app-first identity, no secrets, no unsupported store/stable/RU/payment claims. Admin web surface is primary operator UI; Telegram admin is fallback only; audit sensitive changes.",Route-family evidence mapped from tests. Test refs: tests\test_api_auth_and_tickets.py; tests\test_observer_api.py; webapp\e2e\admin-gate.spec.ts,Retest passed,"ROOT-PYTEST-001/BACKEND-GAPS-001, WEBAPP-E2E-001/WEBAPP-AUTH-001 passed after route-family mapping; direct test refs found for this route or route family.",,No code fix required in this pass.,Retested in existing automated suite; add narrower route test when behavior changes.,Live/deploy/provider/device/RU checks remain separate and must be labelled PASS/FAIL/BLOCKED_BY_ACCESS/NOT_REQUESTED when applicable.,Keep covered in regression suite; add narrower route test when behavior changes.,2026-06-27
BACKEND-API-100,Backend API,generated from portal_bot/api.py route decorators,API-100,Admin user operations,POST /api/admin/users/{tg_id}/delete-test-user,Admin user operations,"As a operator, I can submit `POST /api/admin/users/{tg_id}/delete-test-user` so the admin user operations workflow works through the canonical POKROV backend.","Let authorized admins search, inspect, manually manage, delete only safe test/manual users, and sync per-user access with audited actions. Route: `POST /api/admin/users/{tg_id}/delete-test-user` handled by `admin_delete_test_user_compat`.",portal_bot/api_admin_routes.py:1283,"Use POKROV canon, app-first identity, no secrets, no unsupported store/stable/RU/payment claims. Admin web surface is primary operator UI; Telegram admin is fallback only; audit sensitive changes.",Route-family evidence mapped from tests. Test refs: tests\test_api_auth_and_tickets.py; tests\test_observer_api.py; webapp\e2e\admin-gate.spec.ts,Retest passed,"ROOT-PYTEST-001/BACKEND-GAPS-001, WEBAPP-E2E-001/WEBAPP-AUTH-001 passed after route-family mapping; direct test refs found for this route or route family.",,No code fix required in this pass.,Retested in existing automated suite; add narrower route test when behavior changes.,Live/deploy/provider/device/RU checks remain separate and must be labelled PASS/FAIL/BLOCKED_BY_ACCESS/NOT_REQUESTED when applicable.,Keep covered in regression suite; add narrower route test when behavior changes.,2026-06-27
BACKEND-API-101,Backend API,generated from portal_bot/api.py route decorators,API-101,Admin user operations,POST /api/admin/users/{tg_id}/keys/{node_code}/toggle,Admin user operations,"As a operator, I can submit `POST /api/admin/users/{tg_id}/keys/{node_code}/toggle` so the admin user operations workflow works through the canonical POKROV backend.","Let authorized admins search, inspect, manually manage, delete only safe test/manual users, and sync per-user access with audited actions. Route: `POST /api/admin/users/{tg_id}/keys/{node_code}/toggle` handled by `admin_user_key_toggle`.",portal_bot/api_admin_routes.py:1300,"Use POKROV canon, app-first identity, no secrets, no unsupported store/stable/RU/payment claims. Admin web surface is primary operator UI; Telegram admin is fallback only; audit sensitive changes.",Route-family evidence mapped from tests. Test refs: tests\test_api_auth_and_tickets.py; tests\test_observer_api.py; webapp\e2e\admin-gate.spec.ts,Retest passed,"ROOT-PYTEST-001/BACKEND-GAPS-001, WEBAPP-E2E-001/WEBAPP-AUTH-001 passed after route-family mapping; direct test refs found for this route or route family.",,No code fix required in this pass.,Retested in existing automated suite; add narrower route test when behavior changes.,Live/deploy/provider/device/RU checks remain separate and must be labelled PASS/FAIL/BLOCKED_BY_ACCESS/NOT_REQUESTED when applicable.,Keep covered in regression suite; add narrower route test when behavior changes.,2026-06-27
BACKEND-API-102,Backend API,generated from portal_bot/api.py route decorators,API-102,Admin user operations,POST /api/admin/users/{tg_id}/keys/{node_code}/reset-traffic,Admin user operations,"As a operator, I can submit `POST /api/admin/users/{tg_id}/keys/{node_code}/reset-traffic` so the admin user operations workflow works through the canonical POKROV backend.","Let authorized admins search, inspect, manually manage, delete only safe test/manual users, and sync per-user access with audited actions. Route: `POST /api/admin/users/{tg_id}/keys/{node_code}/reset-traffic` handled by `admin_user_key_reset_traffic`.",portal_bot/api_admin_routes.py:1319,"Use POKROV canon, app-first identity, no secrets, no unsupported store/stable/RU/payment claims. Admin web surface is primary operator UI; Telegram admin is fallback only; audit sensitive changes.",Route-family evidence mapped from tests. Test refs: tests\test_api_auth_and_tickets.py; tests\test_observer_api.py; webapp\e2e\admin-gate.spec.ts,Retest passed,"ROOT-PYTEST-001/BACKEND-GAPS-001, WEBAPP-E2E-001/WEBAPP-AUTH-001 passed after route-family mapping; direct test refs found for this route or route family.",,No code fix required in this pass.,Retested in existing automated suite; add narrower route test when behavior changes.,Live/deploy/provider/device/RU checks remain separate and must be labelled PASS/FAIL/BLOCKED_BY_ACCESS/NOT_REQUESTED when applicable.,Keep covered in regression suite; add narrower route test when behavior changes.,2026-06-27
BACKEND-API-103,Backend API,generated from portal_bot/api.py route decorators,API-103,Admin user operations,POST /api/admin/users/{tg_id}/keys/{node_code}/resync-subid,Admin user operations,"As a operator, I can submit `POST /api/admin/users/{tg_id}/keys/{node_code}/resync-subid` so the admin user operations workflow works through the canonical POKROV backend.","Let authorized admins search, inspect, manually manage, delete only safe test/manual users, and sync per-user access with audited actions. Route: `POST /api/admin/users/{tg_id}/keys/{node_code}/resync-subid` handled by `admin_user_key_resync_subid`.",portal_bot/api_admin_routes.py:1337,"Use POKROV canon, app-first identity, no secrets, no unsupported store/stable/RU/payment claims. Admin web surface is primary operator UI; Telegram admin is fallback only; audit sensitive changes.",Route-family evidence mapped from tests. Test refs: tests\test_api_auth_and_tickets.py; tests\test_observer_api.py; webapp\e2e\admin-gate.spec.ts,Retest passed,"ROOT-PYTEST-001/BACKEND-GAPS-001, WEBAPP-E2E-001/WEBAPP-AUTH-001 passed after route-family mapping; direct test refs found for this route or route family.",,No code fix required in this pass.,Retested in existing automated suite; add narrower route test when behavior changes.,Live/deploy/provider/device/RU checks remain separate and must be labelled PASS/FAIL/BLOCKED_BY_ACCESS/NOT_REQUESTED when applicable.,Keep covered in regression suite; add narrower route test when behavior changes.,2026-06-27
BACKEND-API-104,Backend API,generated from portal_bot/api.py route decorators,API-104,Admin user operations,GET /api/admin/users/{tg_id}/key-history,Admin user operations,"As a operator, I can read `GET /api/admin/users/{tg_id}/key-history` so the admin user operations workflow works through the canonical POKROV backend.","Let authorized admins search, inspect, manually manage, delete only safe test/manual users, and sync per-user access with audited actions. Route: `GET /api/admin/users/{tg_id}/key-history` handled by `admin_user_key_history`.",portal_bot/api_admin_routes.py:1355,"Use POKROV canon, app-first identity, no secrets, no unsupported store/stable/RU/payment claims. Admin web surface is primary operator UI; Telegram admin is fallback only; audit sensitive changes.",Route-family evidence mapped from tests. Test refs: tests\test_api_auth_and_tickets.py; tests\test_observer_api.py; webapp\e2e\admin-gate.spec.ts,Retest passed,"ROOT-PYTEST-001/BACKEND-GAPS-001, WEBAPP-E2E-001/WEBAPP-AUTH-001 passed after route-family mapping; direct test refs found for this route or route family.",,No code fix required in this pass.,Retested in existing automated suite; add narrower route test when behavior changes.,Live/deploy/provider/device/RU checks remain separate and must be labelled PASS/FAIL/BLOCKED_BY_ACCESS/NOT_REQUESTED when applicable.,Keep covered in regression suite; add narrower route test when behavior changes.,2026-06-27
BACKEND-API-105,Backend API,generated from portal_bot/api.py route decorators,API-105,Admin user operations,GET /api/admin/users/{tg_id}/key-limits,Admin user operations,"As a operator, I can read `GET /api/admin/users/{tg_id}/key-limits` so the admin user operations workflow works through the canonical POKROV backend.","Let authorized admins search, inspect, manually manage, delete only safe test/manual users, and sync per-user access with audited actions. Route: `GET /api/admin/users/{tg_id}/key-limits` handled by `admin_user_key_limits_get`.",portal_bot/api_admin_routes.py:1386,"Use POKROV canon, app-first identity, no secrets, no unsupported store/stable/RU/payment claims. Admin web surface is primary operator UI; Telegram admin is fallback only; audit sensitive changes.",Route-family evidence mapped from tests. Test refs: tests\test_api_auth_and_tickets.py; tests\test_observer_api.py; webapp\e2e\admin-gate.spec.ts,Retest passed,"ROOT-PYTEST-001/BACKEND-GAPS-001, WEBAPP-E2E-001/WEBAPP-AUTH-001 passed after route-family mapping; direct test refs found for this route or route family.",,No code fix required in this pass.,Retested in existing automated suite; add narrower route test when behavior changes.,Live/deploy/provider/device/RU checks remain separate and must be labelled PASS/FAIL/BLOCKED_BY_ACCESS/NOT_REQUESTED when applicable.,Keep covered in regression suite; add narrower route test when behavior changes.,2026-06-27
BACKEND-API-106,Backend API,generated from portal_bot/api.py route decorators,API-106,Admin user operations,PUT /api/admin/users/{tg_id}/key-limits/{node_code},Admin user operations,"As a operator, I can update `PUT /api/admin/users/{tg_id}/key-limits/{node_code}` so the admin user operations workflow works through the canonical POKROV backend.","Let authorized admins search, inspect, manually manage, delete only safe test/manual users, and sync per-user access with audited actions. Route: `PUT /api/admin/users/{tg_id}/key-limits/{node_code}` handled by `admin_user_key_limits_put`.",portal_bot/api_admin_routes.py:1402,"Use POKROV canon, app-first identity, no secrets, no unsupported store/stable/RU/payment claims. Admin web surface is primary operator UI; Telegram admin is fallback only; audit sensitive changes.",Route-family evidence mapped from tests. Test refs: tests\test_api_auth_and_tickets.py; tests\test_observer_api.py; webapp\e2e\admin-gate.spec.ts,Retest passed,"ROOT-PYTEST-001/BACKEND-GAPS-001, WEBAPP-E2E-001/WEBAPP-AUTH-001 passed after route-family mapping; direct test refs found for this route or route family.",,No code fix required in this pass.,Retested in existing automated suite; add narrower route test when behavior changes.,Live/deploy/provider/device/RU checks remain separate and must be labelled PASS/FAIL/BLOCKED_BY_ACCESS/NOT_REQUESTED when applicable.,Keep covered in regression suite; add narrower route test when behavior changes.,2026-06-27
BACKEND-API-107,Backend API,generated from portal_bot/api.py route decorators,API-107,Admin user operations,GET /api/admin/users/{tg_id}/risk,Admin user operations,"As a operator, I can read `GET /api/admin/users/{tg_id}/risk` so the admin user operations workflow works through the canonical POKROV backend.","Let authorized admins search, inspect, manually manage, delete only safe test/manual users, and sync per-user access with audited actions. Route: `GET /api/admin/users/{tg_id}/risk` handled by `admin_user_risk_get`.",portal_bot/api_admin_routes.py:1430,"Use POKROV canon, app-first identity, no secrets, no unsupported store/stable/RU/payment claims. Admin web surface is primary operator UI; Telegram admin is fallback only; audit sensitive changes.",Route-family evidence mapped from tests. Test refs: tests\test_api_auth_and_tickets.py; tests\test_observer_api.py; webapp\e2e\admin-gate.spec.ts,Retest passed,"ROOT-PYTEST-001/BACKEND-GAPS-001, WEBAPP-E2E-001/WEBAPP-AUTH-001 passed after route-family mapping; direct test refs found for this route or route family.",,No code fix required in this pass.,Retested in existing automated suite; add narrower route test when behavior changes.,Live/deploy/provider/device/RU checks remain separate and must be labelled PASS/FAIL/BLOCKED_BY_ACCESS/NOT_REQUESTED when applicable.,Keep covered in regression suite; add narrower route test when behavior changes.,2026-06-27
BACKEND-API-108,Backend API,generated from portal_bot/api.py route decorators,API-108,Admin user operations,GET /api/admin/users/{tg_id}/loyalty,Admin user operations,"As a operator, I can read `GET /api/admin/users/{tg_id}/loyalty` so the admin user operations workflow works through the canonical POKROV backend.","Let authorized admins search, inspect, manually manage, delete only safe test/manual users, and sync per-user access with audited actions. Route: `GET /api/admin/users/{tg_id}/loyalty` handled by `admin_user_loyalty_get`.",portal_bot/api_admin_routes.py:1450,"Use POKROV canon, app-first identity, no secrets, no unsupported store/stable/RU/payment claims. Admin web surface is primary operator UI; Telegram admin is fallback only; audit sensitive changes.",Route-family evidence mapped from tests. Test refs: tests\test_api_auth_and_tickets.py; tests\test_observer_api.py; webapp\e2e\admin-gate.spec.ts,Retest passed,"ROOT-PYTEST-001/BACKEND-GAPS-001, WEBAPP-E2E-001/WEBAPP-AUTH-001 passed after route-family mapping; direct test refs found for this route or route family.",,No code fix required in this pass.,Retested in existing automated suite; add narrower route test when behavior changes.,Live/deploy/provider/device/RU checks remain separate and must be labelled PASS/FAIL/BLOCKED_BY_ACCESS/NOT_REQUESTED when applicable.,Keep covered in regression suite; add narrower route test when behavior changes.,2026-06-27
BACKEND-API-109,Backend API,generated from portal_bot/api.py route decorators,API-109,Admin user operations,POST /api/admin/users/{tg_id}/loyalty/grant,Admin user operations,"As a operator, I can submit `POST /api/admin/users/{tg_id}/loyalty/grant` so the admin user operations workflow works through the canonical POKROV backend.","Let authorized admins search, inspect, manually manage, delete only safe test/manual users, and sync per-user access with audited actions. Route: `POST /api/admin/users/{tg_id}/loyalty/grant` handled by `admin_user_loyalty_grant`.",portal_bot/api_admin_routes.py:1463,"Use POKROV canon, app-first identity, no secrets, no unsupported store/stable/RU/payment claims. Admin web surface is primary operator UI; Telegram admin is fallback only; audit sensitive changes.",Route-family evidence mapped from tests. Test refs: tests\test_api_auth_and_tickets.py; tests\test_observer_api.py; webapp\e2e\admin-gate.spec.ts,Retest passed,"ROOT-PYTEST-001/BACKEND-GAPS-001, WEBAPP-E2E-001/WEBAPP-AUTH-001 passed after route-family mapping; direct test refs found for this route or route family.",,No code fix required in this pass.,Retested in existing automated suite; add narrower route test when behavior changes.,Live/deploy/provider/device/RU checks remain separate and must be labelled PASS/FAIL/BLOCKED_BY_ACCESS/NOT_REQUESTED when applicable.,Keep covered in regression suite; add narrower route test when behavior changes.,2026-06-27
BACKEND-API-110,Backend API,generated from portal_bot/api.py route decorators,API-110,Admin user operations,POST /api/admin/users/{tg_id}/presets/run,Admin user operations,"As a operator, I can submit `POST /api/admin/users/{tg_id}/presets/run` so the admin user operations workflow works through the canonical POKROV backend.","Let authorized admins search, inspect, manually manage, delete only safe test/manual users, and sync per-user access with audited actions. Route: `POST /api/admin/users/{tg_id}/presets/run` handled by `admin_user_preset_run`.",portal_bot/api_admin_routes.py:1481,"Use POKROV canon, app-first identity, no secrets, no unsupported store/stable/RU/payment claims. Admin web surface is primary operator UI; Telegram admin is fallback only; audit sensitive changes.",Route-family evidence mapped from tests. Test refs: tests\test_api_auth_and_tickets.py; tests\test_observer_api.py; webapp\e2e\admin-gate.spec.ts,Retest passed,"ROOT-PYTEST-001/BACKEND-GAPS-001, WEBAPP-E2E-001/WEBAPP-AUTH-001 passed after route-family mapping; direct test refs found for this route or route family.",,No code fix required in this pass.,Retested in existing automated suite; add narrower route test when behavior changes.,Live/deploy/provider/device/RU checks remain separate and must be labelled PASS/FAIL/BLOCKED_BY_ACCESS/NOT_REQUESTED when applicable.,Keep covered in regression suite; add narrower route test when behavior changes.,2026-06-27
BACKEND-API-111,Backend API,generated from portal_bot/api.py route decorators,API-111,Admin user operations,POST /api/admin/users/keys/bulk-action,Admin user operations,"As a operator, I can submit `POST /api/admin/users/keys/bulk-action` so the admin user operations workflow works through the canonical POKROV backend.","Let authorized admins search, inspect, manually manage, delete only safe test/manual users, and sync per-user access with audited actions. Route: `POST /api/admin/users/keys/bulk-action` handled by `admin_users_keys_bulk_action`.",portal_bot/api_admin_routes.py:1499,"Use POKROV canon, app-first identity, no secrets, no unsupported store/stable/RU/payment claims. Admin web surface is primary operator UI; Telegram admin is fallback only; audit sensitive changes.",Route-family evidence mapped from tests. Test refs: tests\test_api_auth_and_tickets.py,Retest passed,ROOT-PYTEST-001/BACKEND-GAPS-001 passed after route-family mapping; direct test refs found for this route or route family.,,No code fix required in this pass.,Retested in existing automated suite; add narrower route test when behavior changes.,Live/deploy/provider/device/RU checks remain separate and must be labelled PASS/FAIL/BLOCKED_BY_ACCESS/NOT_REQUESTED when applicable.,Keep covered in regression suite; add narrower route test when behavior changes.,2026-06-27
BACKEND-API-112,Backend API,generated from portal_bot/api.py route decorators,API-112,Admin operations and release controls,GET /api/admin/audit,Admin operations and release controls,"As a operator, I can read `GET /api/admin/audit` so the admin operations and release controls workflow works through the canonical POKROV backend.","Expose guarded admin-only operational controls, summaries, broadcasts, referrals, audits, and client WARP material without broad public release claims. Route: `GET /api/admin/audit` handled by `admin_audit_log`.",portal_bot/api_admin_routes.py:1525,"Use POKROV canon, app-first identity, no secrets, no unsupported store/stable/RU/payment claims. Admin web surface is primary operator UI; Telegram admin is fallback only; audit sensitive changes.",Route-family evidence mapped from tests. Test refs: webapp\e2e\admin-gate.spec.ts,Retest passed,WEBAPP-E2E-001/WEBAPP-AUTH-001 passed after route-family mapping; direct test refs found for this route or route family.,,No code fix required in this pass.,Retested in existing automated suite; add narrower route test when behavior changes.,Live/deploy/provider/device/RU checks remain separate and must be labelled PASS/FAIL/BLOCKED_BY_ACCESS/NOT_REQUESTED when applicable.,Keep covered in regression suite; add narrower route test when behavior changes.,2026-06-27
BACKEND-API-113,Backend API,generated from portal_bot/api.py route decorators,API-113,Admin user operations,POST /api/admin/users/{tg_id}/message,Admin user operations,"As a operator, I can submit `POST /api/admin/users/{tg_id}/message` so the admin user operations workflow works through the canonical POKROV backend.","Let authorized admins search, inspect, manually manage, delete only safe test/manual users, and sync per-user access with audited actions. Route: `POST /api/admin/users/{tg_id}/message` handled by `admin_user_message`.",portal_bot/api_admin_routes.py:1565,"Use POKROV canon, app-first identity, no secrets, no unsupported store/stable/RU/payment claims. Admin web surface is primary operator UI; Telegram admin is fallback only; audit sensitive changes.",Route-family evidence mapped from tests. Test refs: tests\test_api_auth_and_tickets.py; tests\test_observer_api.py; webapp\e2e\admin-gate.spec.ts,Retest passed,"ROOT-PYTEST-001/BACKEND-GAPS-001, WEBAPP-E2E-001/WEBAPP-AUTH-001 passed after route-family mapping; direct test refs found for this route or route family.",,No code fix required in this pass.,Retested in existing automated suite; add narrower route test when behavior changes.,Live/deploy/provider/device/RU checks remain separate and must be labelled PASS/FAIL/BLOCKED_BY_ACCESS/NOT_REQUESTED when applicable.,Keep covered in regression suite; add narrower route test when behavior changes.,2026-06-27
BACKEND-API-114,Backend API,generated from portal_bot/api.py route decorators,API-114,Admin operations and release controls,POST /api/admin/broadcast,Admin operations and release controls,"As a operator, I can submit `POST /api/admin/broadcast` so the admin operations and release controls workflow works through the canonical POKROV backend.","Expose guarded admin-only operational controls, summaries, broadcasts, referrals, audits, and client WARP material without broad public release claims. Route: `POST /api/admin/broadcast` handled by `admin_broadcast`.",portal_bot/api_admin_routes.py:1583,"Use POKROV canon, app-first identity, no secrets, no unsupported store/stable/RU/payment claims. Admin web surface is primary operator UI; Telegram admin is fallback only; audit sensitive changes.",Route-family evidence mapped from tests. Test refs: tests\test_backend_route_gap_coverage.py,Retest passed,ROOT-PYTEST-001/BACKEND-GAPS-001 passed after route-family mapping; direct test refs found for this route or route family.,,No code fix required in this pass.,Retested in existing automated suite; add narrower route test when behavior changes.,Live/deploy/provider/device/RU checks remain separate and must be labelled PASS/FAIL/BLOCKED_BY_ACCESS/NOT_REQUESTED when applicable.,Keep covered in regression suite; add narrower route test when behavior changes.,2026-06-27
BACKEND-API-115,Backend API,generated from portal_bot/api.py route decorators,API-115,"Admin catalog, promos, and dynamic content",GET /api/admin/promos,"Admin catalog, promos, and dynamic content","As a operator, I can read `GET /api/admin/promos` so the admin catalog, promos, and dynamic content workflow works through the canonical POKROV backend.","Let authorized admins manage plans, promos, start links, campaigns, templates, gift/access keys, and promo slots while preserving validation and public-copy guardrails. Route: `GET /api/admin/promos` handled by `admin_promos`.",portal_bot/api_admin_routes.py:1644,"Use POKROV canon, app-first identity, no secrets, no unsupported store/stable/RU/payment claims. Admin web surface is primary operator UI; Telegram admin is fallback only; audit sensitive changes.",Route-family evidence mapped from tests. Test refs: tests\test_api_auth_and_tickets.py; tests\test_api_lifecycle_smoke.py; webapp\e2e\admin-gate.spec.ts,Retest passed,"ROOT-PYTEST-001/BACKEND-GAPS-001, WEBAPP-E2E-001/WEBAPP-AUTH-001 passed after route-family mapping; direct test refs found for this route or route family.",,No code fix required in this pass.,Retested in existing automated suite; add narrower route test when behavior changes.,Live/deploy/provider/device/RU checks remain separate and must be labelled PASS/FAIL/BLOCKED_BY_ACCESS/NOT_REQUESTED when applicable.,Keep covered in regression suite; add narrower route test when behavior changes.,2026-06-27
BACKEND-API-116,Backend API,generated from portal_bot/api.py route decorators,API-116,"Admin catalog, promos, and dynamic content",POST /api/admin/promos,"Admin catalog, promos, and dynamic content","As a operator, I can submit `POST /api/admin/promos` so the admin catalog, promos, and dynamic content workflow works through the canonical POKROV backend.","Let authorized admins manage plans, promos, start links, campaigns, templates, gift/access keys, and promo slots while preserving validation and public-copy guardrails. Route: `POST /api/admin/promos` handled by `admin_promos_create`.",portal_bot/api_admin_routes.py:1675,"Use POKROV canon, app-first identity, no secrets, no unsupported store/stable/RU/payment claims. Admin web surface is primary operator UI; Telegram admin is fallback only; audit sensitive changes.",Route-family evidence mapped from tests. Test refs: tests\test_api_auth_and_tickets.py; tests\test_api_lifecycle_smoke.py; webapp\e2e\admin-gate.spec.ts,Retest passed,"ROOT-PYTEST-001/BACKEND-GAPS-001, WEBAPP-E2E-001/WEBAPP-AUTH-001 passed after route-family mapping; direct test refs found for this route or route family.",,No code fix required in this pass.,Retested in existing automated suite; add narrower route test when behavior changes.,Live/deploy/provider/device/RU checks remain separate and must be labelled PASS/FAIL/BLOCKED_BY_ACCESS/NOT_REQUESTED when applicable.,Keep covered in regression suite; add narrower route test when behavior changes.,2026-06-27
BACKEND-API-117,Backend API,generated from portal_bot/api.py route decorators,API-117,"Admin catalog, promos, and dynamic content",PATCH /api/admin/promos/{code},"Admin catalog, promos, and dynamic content","As a operator, I can modify `PATCH /api/admin/promos/{code}` so the admin catalog, promos, and dynamic content workflow works through the canonical POKROV backend.","Let authorized admins manage plans, promos, start links, campaigns, templates, gift/access keys, and promo slots while preserving validation and public-copy guardrails. Route: `PATCH /api/admin/promos/{code}` handled by `admin_promos_update`.",portal_bot/api_admin_routes.py:1693,"Use POKROV canon, app-first identity, no secrets, no unsupported store/stable/RU/payment claims. Admin web surface is primary operator UI; Telegram admin is fallback only; audit sensitive changes.",Route-family evidence mapped from tests. Test refs: tests\test_api_auth_and_tickets.py; tests\test_api_lifecycle_smoke.py; webapp\e2e\admin-gate.spec.ts,Retest passed,"ROOT-PYTEST-001/BACKEND-GAPS-001, WEBAPP-E2E-001/WEBAPP-AUTH-001 passed after route-family mapping; direct test refs found for this route or route family.",,No code fix required in this pass.,Retested in existing automated suite; add narrower route test when behavior changes.,Live/deploy/provider/device/RU checks remain separate and must be labelled PASS/FAIL/BLOCKED_BY_ACCESS/NOT_REQUESTED when applicable.,Keep covered in regression suite; add narrower route test when behavior changes.,2026-06-27
BACKEND-API-118,Backend API,generated from portal_bot/api.py route decorators,API-118,"Admin catalog, promos, and dynamic content",DELETE /api/admin/promos/{code},"Admin catalog, promos, and dynamic content","As a operator, I can delete `DELETE /api/admin/promos/{code}` so the admin catalog, promos, and dynamic content workflow works through the canonical POKROV backend.","Let authorized admins manage plans, promos, start links, campaigns, templates, gift/access keys, and promo slots while preserving validation and public-copy guardrails. Route: `DELETE /api/admin/promos/{code}` handled by `admin_promos_delete`.",portal_bot/api_admin_routes.py:1712,"Use POKROV canon, app-first identity, no secrets, no unsupported store/stable/RU/payment claims. Admin web surface is primary operator UI; Telegram admin is fallback only; audit sensitive changes.",Route-family evidence mapped from tests. Test refs: tests\test_api_auth_and_tickets.py; tests\test_api_lifecycle_smoke.py; webapp\e2e\admin-gate.spec.ts,Retest passed,"ROOT-PYTEST-001/BACKEND-GAPS-001, WEBAPP-E2E-001/WEBAPP-AUTH-001 passed after route-family mapping; direct test refs found for this route or route family.",,No code fix required in this pass.,Retested in existing automated suite; add narrower route test when behavior changes.,Live/deploy/provider/device/RU checks remain separate and must be labelled PASS/FAIL/BLOCKED_BY_ACCESS/NOT_REQUESTED when applicable.,Keep covered in regression suite; add narrower route test when behavior changes.,2026-06-27
BACKEND-API-119,Backend API,generated from portal_bot/api.py route decorators,API-119,"Admin catalog, promos, and dynamic content",GET /api/admin/plans,"Admin catalog, promos, and dynamic content","As a operator, I can read `GET /api/admin/plans` so the admin catalog, promos, and dynamic content workflow works through the canonical POKROV backend.","Let authorized admins manage plans, promos, start links, campaigns, templates, gift/access keys, and promo slots while preserving validation and public-copy guardrails. Route: `GET /api/admin/plans` handled by `admin_plans`.",portal_bot/api_admin_routes.py:1730,"Use POKROV canon, app-first identity, no secrets, no unsupported store/stable/RU/payment claims. Admin web surface is primary operator UI; Telegram admin is fallback only; audit sensitive changes.",Route-family evidence mapped from tests. Test refs: tests\test_api_payments_callbacks.py; webapp\e2e\admin-gate.spec.ts,Retest passed,"ROOT-PYTEST-001/BACKEND-GAPS-001, WEBAPP-E2E-001/WEBAPP-AUTH-001 passed after route-family mapping; direct test refs found for this route or route family.",,No code fix required in this pass.,Retested in existing automated suite; add narrower route test when behavior changes.,Live/deploy/provider/device/RU checks remain separate and must be labelled PASS/FAIL/BLOCKED_BY_ACCESS/NOT_REQUESTED when applicable.,Keep covered in regression suite; add narrower route test when behavior changes.,2026-06-27
BACKEND-API-120,Backend API,generated from portal_bot/api.py route decorators,API-120,"Admin catalog, promos, and dynamic content",POST /api/admin/plans,"Admin catalog, promos, and dynamic content","As a operator, I can submit `POST /api/admin/plans` so the admin catalog, promos, and dynamic content workflow works through the canonical POKROV backend.","Let authorized admins manage plans, promos, start links, campaigns, templates, gift/access keys, and promo slots while preserving validation and public-copy guardrails. Route: `POST /api/admin/plans` handled by `admin_plans_create`.",portal_bot/api_admin_routes.py:1741,"Use POKROV canon, app-first identity, no secrets, no unsupported store/stable/RU/payment claims. Admin web surface is primary operator UI; Telegram admin is fallback only; audit sensitive changes.",Route-family evidence mapped from tests. Test refs: tests\test_api_payments_callbacks.py; webapp\e2e\admin-gate.spec.ts,Retest passed,"ROOT-PYTEST-001/BACKEND-GAPS-001, WEBAPP-E2E-001/WEBAPP-AUTH-001 passed after route-family mapping; direct test refs found for this route or route family.",,No code fix required in this pass.,Retested in existing automated suite; add narrower route test when behavior changes.,Live/deploy/provider/device/RU checks remain separate and must be labelled PASS/FAIL/BLOCKED_BY_ACCESS/NOT_REQUESTED when applicable.,Keep covered in regression suite; add narrower route test when behavior changes.,2026-06-27
BACKEND-API-121,Backend API,generated from portal_bot/api.py route decorators,API-121,"Admin catalog, promos, and dynamic content",PATCH /api/admin/plans/{code},"Admin catalog, promos, and dynamic content","As a operator, I can modify `PATCH /api/admin/plans/{code}` so the admin catalog, promos, and dynamic content workflow works through the canonical POKROV backend.","Let authorized admins manage plans, promos, start links, campaigns, templates, gift/access keys, and promo slots while preserving validation and public-copy guardrails. Route: `PATCH /api/admin/plans/{code}` handled by `admin_plans_update`.",portal_bot/api_admin_routes.py:1759,"Use POKROV canon, app-first identity, no secrets, no unsupported store/stable/RU/payment claims. Admin web surface is primary operator UI; Telegram admin is fallback only; audit sensitive changes.",Route-family evidence mapped from tests. Test refs: tests\test_api_payments_callbacks.py; webapp\e2e\admin-gate.spec.ts,Retest passed,"ROOT-PYTEST-001/BACKEND-GAPS-001, WEBAPP-E2E-001/WEBAPP-AUTH-001 passed after route-family mapping; direct test refs found for this route or route family.",,No code fix required in this pass.,Retested in existing automated suite; add narrower route test when behavior changes.,Live/deploy/provider/device/RU checks remain separate and must be labelled PASS/FAIL/BLOCKED_BY_ACCESS/NOT_REQUESTED when applicable.,Keep covered in regression suite; add narrower route test when behavior changes.,2026-06-27
BACKEND-API-122,Backend API,generated from portal_bot/api.py route decorators,API-122,"Admin catalog, promos, and dynamic content",DELETE /api/admin/plans/{code},"Admin catalog, promos, and dynamic content","As a operator, I can delete `DELETE /api/admin/plans/{code}` so the admin catalog, promos, and dynamic content workflow works through the canonical POKROV backend.","Let authorized admins manage plans, promos, start links, campaigns, templates, gift/access keys, and promo slots while preserving validation and public-copy guardrails. Route: `DELETE /api/admin/plans/{code}` handled by `admin_plans_delete`.",portal_bot/api_admin_routes.py:1778,"Use POKROV canon, app-first identity, no secrets, no unsupported store/stable/RU/payment claims. Admin web surface is primary operator UI; Telegram admin is fallback only; audit sensitive changes.",Route-family evidence mapped from tests. Test refs: tests\test_api_payments_callbacks.py; webapp\e2e\admin-gate.spec.ts,Retest passed,"ROOT-PYTEST-001/BACKEND-GAPS-001, WEBAPP-E2E-001/WEBAPP-AUTH-001 passed after route-family mapping; direct test refs found for this route or route family.",,No code fix required in this pass.,Retested in existing automated suite; add narrower route test when behavior changes.,Live/deploy/provider/device/RU checks remain separate and must be labelled PASS/FAIL/BLOCKED_BY_ACCESS/NOT_REQUESTED when applicable.,Keep covered in regression suite; add narrower route test when behavior changes.,2026-06-27
BACKEND-API-123,Backend API,generated from portal_bot/api.py route decorators,API-123,"Admin catalog, promos, and dynamic content",GET /api/admin/live-updates,"Admin catalog, promos, and dynamic content","As a operator, I can read `GET /api/admin/live-updates` so the admin catalog, promos, and dynamic content workflow works through the canonical POKROV backend.","Let authorized admins manage plans, promos, start links, campaigns, templates, gift/access keys, and promo slots while preserving validation and public-copy guardrails. Route: `GET /api/admin/live-updates` handled by `admin_live_updates`.",portal_bot/api_admin_routes.py:2078,"Use POKROV canon, app-first identity, no secrets, no unsupported store/stable/RU/payment claims. Admin web surface is primary operator UI; Telegram admin is fallback only; audit sensitive changes.",Route-family evidence mapped from tests. Test refs: tests\test_api_payments_callbacks.py; webapp\e2e\admin-gate.spec.ts,Retest passed,"ROOT-PYTEST-001/BACKEND-GAPS-001, WEBAPP-E2E-001/WEBAPP-AUTH-001 passed after route-family mapping; direct test refs found for this route or route family.",,No code fix required in this pass.,Retested in existing automated suite; add narrower route test when behavior changes.,Live/deploy/provider/device/RU checks remain separate and must be labelled PASS/FAIL/BLOCKED_BY_ACCESS/NOT_REQUESTED when applicable.,Keep covered in regression suite; add narrower route test when behavior changes.,2026-06-27
BACKEND-API-124,Backend API,generated from portal_bot/api.py route decorators,API-124,"Admin catalog, promos, and dynamic content",POST /api/admin/live-updates,"Admin catalog, promos, and dynamic content","As a operator, I can submit `POST /api/admin/live-updates` so the admin catalog, promos, and dynamic content workflow works through the canonical POKROV backend.","Let authorized admins manage plans, promos, start links, campaigns, templates, gift/access keys, and promo slots while preserving validation and public-copy guardrails. Route: `POST /api/admin/live-updates` handled by `admin_live_updates_create`.",portal_bot/api_admin_routes.py:2114,"Use POKROV canon, app-first identity, no secrets, no unsupported store/stable/RU/payment claims. Admin web surface is primary operator UI; Telegram admin is fallback only; audit sensitive changes.",Route-family evidence mapped from tests. Test refs: tests\test_api_payments_callbacks.py; webapp\e2e\admin-gate.spec.ts,Retest passed,"ROOT-PYTEST-001/BACKEND-GAPS-001, WEBAPP-E2E-001/WEBAPP-AUTH-001 passed after route-family mapping; direct test refs found for this route or route family.",,No code fix required in this pass.,Retested in existing automated suite; add narrower route test when behavior changes.,Live/deploy/provider/device/RU checks remain separate and must be labelled PASS/FAIL/BLOCKED_BY_ACCESS/NOT_REQUESTED when applicable.,Keep covered in regression suite; add narrower route test when behavior changes.,2026-06-27
BACKEND-API-125,Backend API,generated from portal_bot/api.py route decorators,API-125,"Admin catalog, promos, and dynamic content",PATCH /api/admin/live-updates/{update_id},"Admin catalog, promos, and dynamic content","As a operator, I can modify `PATCH /api/admin/live-updates/{update_id}` so the admin catalog, promos, and dynamic content workflow works through the canonical POKROV backend.","Let authorized admins manage plans, promos, start links, campaigns, templates, gift/access keys, and promo slots while preserving validation and public-copy guardrails. Route: `PATCH /api/admin/live-updates/{update_id}` handled by `admin_live_updates_update`.",portal_bot/api_admin_routes.py:2131,"Use POKROV canon, app-first identity, no secrets, no unsupported store/stable/RU/payment claims. Admin web surface is primary operator UI; Telegram admin is fallback only; audit sensitive changes.",Route-family evidence mapped from tests. Test refs: tests\test_api_payments_callbacks.py; webapp\e2e\admin-gate.spec.ts,Retest passed,"ROOT-PYTEST-001/BACKEND-GAPS-001, WEBAPP-E2E-001/WEBAPP-AUTH-001 passed after route-family mapping; direct test refs found for this route or route family.",,No code fix required in this pass.,Retested in existing automated suite; add narrower route test when behavior changes.,Live/deploy/provider/device/RU checks remain separate and must be labelled PASS/FAIL/BLOCKED_BY_ACCESS/NOT_REQUESTED when applicable.,Keep covered in regression suite; add narrower route test when behavior changes.,2026-06-27
BACKEND-API-126,Backend API,generated from portal_bot/api.py route decorators,API-126,"Admin catalog, promos, and dynamic content",DELETE /api/admin/live-updates/{update_id},"Admin catalog, promos, and dynamic content","As a operator, I can delete `DELETE /api/admin/live-updates/{update_id}` so the admin catalog, promos, and dynamic content workflow works through the canonical POKROV backend.","Let authorized admins manage plans, promos, start links, campaigns, templates, gift/access keys, and promo slots while preserving validation and public-copy guardrails. Route: `DELETE /api/admin/live-updates/{update_id}` handled by `admin_live_updates_delete`.",portal_bot/api_admin_routes.py:2149,"Use POKROV canon, app-first identity, no secrets, no unsupported store/stable/RU/payment claims. Admin web surface is primary operator UI; Telegram admin is fallback only; audit sensitive changes.",Route-family evidence mapped from tests. Test refs: tests\test_api_payments_callbacks.py; webapp\e2e\admin-gate.spec.ts,Retest passed,"ROOT-PYTEST-001/BACKEND-GAPS-001, WEBAPP-E2E-001/WEBAPP-AUTH-001 passed after route-family mapping; direct test refs found for this route or route family.",,No code fix required in this pass.,Retested in existing automated suite; add narrower route test when behavior changes.,Live/deploy/provider/device/RU checks remain separate and must be labelled PASS/FAIL/BLOCKED_BY_ACCESS/NOT_REQUESTED when applicable.,Keep covered in regression suite; add narrower route test when behavior changes.,2026-06-27
BACKEND-API-127,Backend API,generated from portal_bot/api.py route decorators,API-127,"Admin catalog, promos, and dynamic content",GET /api/admin/start-links,"Admin catalog, promos, and dynamic content","As a operator, I can read `GET /api/admin/start-links` so the admin catalog, promos, and dynamic content workflow works through the canonical POKROV backend.","Let authorized admins manage plans, promos, start links, campaigns, templates, gift/access keys, and promo slots while preserving validation and public-copy guardrails. Route: `GET /api/admin/start-links` handled by `admin_start_links`.",portal_bot/api_admin_routes.py:2166,"Use POKROV canon, app-first identity, no secrets, no unsupported store/stable/RU/payment claims. Admin web surface is primary operator UI; Telegram admin is fallback only; audit sensitive changes.",Route-family evidence mapped from tests. Test refs: tests\test_api_auth_and_tickets.py; webapp\e2e\admin-gate.spec.ts,Retest passed,"ROOT-PYTEST-001/BACKEND-GAPS-001, WEBAPP-E2E-001/WEBAPP-AUTH-001 passed after route-family mapping; direct test refs found for this route or route family.",,No code fix required in this pass.,Retested in existing automated suite; add narrower route test when behavior changes.,Live/deploy/provider/device/RU checks remain separate and must be labelled PASS/FAIL/BLOCKED_BY_ACCESS/NOT_REQUESTED when applicable.,Keep covered in regression suite; add narrower route test when behavior changes.,2026-06-27
BACKEND-API-128,Backend API,generated from portal_bot/api.py route decorators,API-128,"Admin catalog, promos, and dynamic content",POST /api/admin/start-links,"Admin catalog, promos, and dynamic content","As a operator, I can submit `POST /api/admin/start-links` so the admin catalog, promos, and dynamic content workflow works through the canonical POKROV backend.","Let authorized admins manage plans, promos, start links, campaigns, templates, gift/access keys, and promo slots while preserving validation and public-copy guardrails. Route: `POST /api/admin/start-links` handled by `admin_start_links_create`.",portal_bot/api_admin_routes.py:2195,"Use POKROV canon, app-first identity, no secrets, no unsupported store/stable/RU/payment claims. Admin web surface is primary operator UI; Telegram admin is fallback only; audit sensitive changes.",Route-family evidence mapped from tests. Test refs: tests\test_api_auth_and_tickets.py; webapp\e2e\admin-gate.spec.ts,Retest passed,"ROOT-PYTEST-001/BACKEND-GAPS-001, WEBAPP-E2E-001/WEBAPP-AUTH-001 passed after route-family mapping; direct test refs found for this route or route family.",,No code fix required in this pass.,Retested in existing automated suite; add narrower route test when behavior changes.,Live/deploy/provider/device/RU checks remain separate and must be labelled PASS/FAIL/BLOCKED_BY_ACCESS/NOT_REQUESTED when applicable.,Keep covered in regression suite; add narrower route test when behavior changes.,2026-06-27
BACKEND-API-129,Backend API,generated from portal_bot/api.py route decorators,API-129,"Admin catalog, promos, and dynamic content",PATCH /api/admin/start-links/{link_id},"Admin catalog, promos, and dynamic content","As a operator, I can modify `PATCH /api/admin/start-links/{link_id}` so the admin catalog, promos, and dynamic content workflow works through the canonical POKROV backend.","Let authorized admins manage plans, promos, start links, campaigns, templates, gift/access keys, and promo slots while preserving validation and public-copy guardrails. Route: `PATCH /api/admin/start-links/{link_id}` handled by `admin_start_links_update`.",portal_bot/api_admin_routes.py:2213,"Use POKROV canon, app-first identity, no secrets, no unsupported store/stable/RU/payment claims. Admin web surface is primary operator UI; Telegram admin is fallback only; audit sensitive changes.",Route-family evidence mapped from tests. Test refs: tests\test_api_auth_and_tickets.py; webapp\e2e\admin-gate.spec.ts,Retest passed,"ROOT-PYTEST-001/BACKEND-GAPS-001, WEBAPP-E2E-001/WEBAPP-AUTH-001 passed after route-family mapping; direct test refs found for this route or route family.",,No code fix required in this pass.,Retested in existing automated suite; add narrower route test when behavior changes.,Live/deploy/provider/device/RU checks remain separate and must be labelled PASS/FAIL/BLOCKED_BY_ACCESS/NOT_REQUESTED when applicable.,Keep covered in regression suite; add narrower route test when behavior changes.,2026-06-27
BACKEND-API-130,Backend API,generated from portal_bot/api.py route decorators,API-130,"Admin catalog, promos, and dynamic content",DELETE /api/admin/start-links/{link_id},"Admin catalog, promos, and dynamic content","As a operator, I can delete `DELETE /api/admin/start-links/{link_id}` so the admin catalog, promos, and dynamic content workflow works through the canonical POKROV backend.","Let authorized admins manage plans, promos, start links, campaigns, templates, gift/access keys, and promo slots while preserving validation and public-copy guardrails. Route: `DELETE /api/admin/start-links/{link_id}` handled by `admin_start_links_delete`.",portal_bot/api_admin_routes.py:2231,"Use POKROV canon, app-first identity, no secrets, no unsupported store/stable/RU/payment claims. Admin web surface is primary operator UI; Telegram admin is fallback only; audit sensitive changes.",Route-family evidence mapped from tests. Test refs: tests\test_api_auth_and_tickets.py; webapp\e2e\admin-gate.spec.ts,Retest passed,"ROOT-PYTEST-001/BACKEND-GAPS-001, WEBAPP-E2E-001/WEBAPP-AUTH-001 passed after route-family mapping; direct test refs found for this route or route family.",,No code fix required in this pass.,Retested in existing automated suite; add narrower route test when behavior changes.,Live/deploy/provider/device/RU checks remain separate and must be labelled PASS/FAIL/BLOCKED_BY_ACCESS/NOT_REQUESTED when applicable.,Keep covered in regression suite; add narrower route test when behavior changes.,2026-06-27
BACKEND-API-131,Backend API,generated from portal_bot/api.py route decorators,API-131,"Admin catalog, promos, and dynamic content",GET /api/admin/wheel-config,"Admin catalog, promos, and dynamic content","As a operator, I can read `GET /api/admin/wheel-config` so the admin catalog, promos, and dynamic content workflow works through the canonical POKROV backend.","Let authorized admins manage plans, promos, start links, campaigns, templates, gift/access keys, and promo slots while preserving validation and public-copy guardrails. Route: `GET /api/admin/wheel-config` handled by `admin_wheel_config_get`.",portal_bot/api_admin_routes.py:2248,"Use POKROV canon, app-first identity, no secrets, no unsupported store/stable/RU/payment claims. Admin web surface is primary operator UI; Telegram admin is fallback only; audit sensitive changes.",Route-family evidence mapped from tests. Test refs: tests\test_api_auth_and_tickets.py; webapp\e2e\admin-gate.spec.ts,Retest passed,"ROOT-PYTEST-001/BACKEND-GAPS-001, WEBAPP-E2E-001/WEBAPP-AUTH-001 passed after route-family mapping; direct test refs found for this route or route family.",,No code fix required in this pass.,Retested in existing automated suite; add narrower route test when behavior changes.,Live/deploy/provider/device/RU checks remain separate and must be labelled PASS/FAIL/BLOCKED_BY_ACCESS/NOT_REQUESTED when applicable.,Keep covered in regression suite; add narrower route test when behavior changes.,2026-06-27
BACKEND-API-132,Backend API,generated from portal_bot/api.py route decorators,API-132,"Admin catalog, promos, and dynamic content",PUT /api/admin/wheel-config,"Admin catalog, promos, and dynamic content","As a operator, I can update `PUT /api/admin/wheel-config` so the admin catalog, promos, and dynamic content workflow works through the canonical POKROV backend.","Let authorized admins manage plans, promos, start links, campaigns, templates, gift/access keys, and promo slots while preserving validation and public-copy guardrails. Route: `PUT /api/admin/wheel-config` handled by `admin_wheel_config_put`.",portal_bot/api_admin_routes.py:2259,"Use POKROV canon, app-first identity, no secrets, no unsupported store/stable/RU/payment claims. Admin web surface is primary operator UI; Telegram admin is fallback only; audit sensitive changes.",Route-family evidence mapped from tests. Test refs: tests\test_api_auth_and_tickets.py; webapp\e2e\admin-gate.spec.ts,Retest passed,"ROOT-PYTEST-001/BACKEND-GAPS-001, WEBAPP-E2E-001/WEBAPP-AUTH-001 passed after route-family mapping; direct test refs found for this route or route family.",,No code fix required in this pass.,Retested in existing automated suite; add narrower route test when behavior changes.,Live/deploy/provider/device/RU checks remain separate and must be labelled PASS/FAIL/BLOCKED_BY_ACCESS/NOT_REQUESTED when applicable.,Keep covered in regression suite; add narrower route test when behavior changes.,2026-06-27
BACKEND-API-133,Backend API,generated from portal_bot/api.py route decorators,API-133,Admin rollout controls,GET /api/admin/network-rollout-config,Admin rollout controls,"As an operator, I can read `GET /api/admin/network-rollout-config` so the admin rollout controls workflow works through the canonical POKROV backend.","Let authorized admins read network rollout configuration with safe defaults, cohort targeting, and no public release claims. Route: `GET /api/admin/network-rollout-config` handled by `admin_network_rollout_config`.",portal_bot/api_admin_routes.py:2276,"Use POKROV canon, app-first identity, no secrets, no unsupported store/stable/RU/payment claims. Admin web surface is primary operator UI; rollout changes must stay auditable and rollback-safe.",Route-family evidence mapped from tests. Test refs: tests\test_network_rollout_api.py; webapp\e2e\admin-gate.spec.ts,Retest passed,"ROOT-PYTEST-001/BACKEND-GAPS-001, WEBAPP-E2E-001/WEBAPP-AUTH-001 passed after route-family mapping; direct test refs found for this route or route family.",,No code fix required in this pass.,Retested in existing automated suite; add narrower route test when behavior changes.,Live/deploy/provider/device/RU checks remain separate and must be labelled PASS/FAIL/BLOCKED_BY_ACCESS/NOT_REQUESTED when applicable.,Keep covered in regression suite; add narrower route test when behavior changes.,2026-06-27
BACKEND-API-134,Backend API,generated from portal_bot/api.py route decorators,API-134,Admin rollout controls,PUT /api/admin/network-rollout-config,Admin rollout controls,"As an operator, I can update `PUT /api/admin/network-rollout-config` so the admin rollout controls workflow works through the canonical POKROV backend.","Let authorized admins update network rollout configuration while preserving validation, cohort targeting, and rollback-safe defaults. Route: `PUT /api/admin/network-rollout-config` handled by `admin_update_network_rollout_config`.",portal_bot/api_admin_routes.py:2286,"Use POKROV canon, app-first identity, no secrets, no unsupported store/stable/RU/payment claims. Admin web surface is primary operator UI; rollout changes must stay auditable and rollback-safe.",Route-family evidence mapped from tests. Test refs: tests\test_network_rollout_api.py; webapp\e2e\admin-gate.spec.ts,Retest passed,"ROOT-PYTEST-001/BACKEND-GAPS-001, WEBAPP-E2E-001/WEBAPP-AUTH-001 passed after route-family mapping; direct test refs found for this route or route family.",,No code fix required in this pass.,Retested in existing automated suite; add narrower route test when behavior changes.,Live/deploy/provider/device/RU checks remain separate and must be labelled PASS/FAIL/BLOCKED_BY_ACCESS/NOT_REQUESTED when applicable.,Keep covered in regression suite; add narrower route test when behavior changes.,2026-06-27
BACKEND-API-135,Backend API,generated from portal_bot/api.py route decorators,API-135,Admin operations and release controls,PUT /api/admin/client/warp/material,Admin operations and release controls,"As a operator, I can update `PUT /api/admin/client/warp/material` so the admin operations and release controls workflow works through the canonical POKROV backend.","Expose guarded admin-only operational controls, summaries, broadcasts, referrals, audits, and client WARP material without broad public release claims. Route: `PUT /api/admin/client/warp/material` handled by `admin_client_warp_material_put`.",portal_bot/api_admin_routes.py:2303,"Use POKROV canon, app-first identity, no secrets, no unsupported store/stable/RU/payment claims. Admin web surface is primary operator UI; Telegram admin is fallback only; audit sensitive changes.",Route-family evidence mapped from tests. Test refs: tests\test_network_rollout_api.py,Retest passed,ROOT-PYTEST-001/BACKEND-GAPS-001 passed after route-family mapping; direct test refs found for this route or route family.,,No code fix required in this pass.,Retested in existing automated suite; add narrower route test when behavior changes.,Live/deploy/provider/device/RU checks remain separate and must be labelled PASS/FAIL/BLOCKED_BY_ACCESS/NOT_REQUESTED when applicable.,Keep covered in regression suite; add narrower route test when behavior changes.,2026-06-27
BACKEND-API-136,Backend API,generated from portal_bot/api.py route decorators,API-136,Admin operations and release controls,GET /api/admin/client/warp/summary,Admin operations and release controls,"As a operator, I can read `GET /api/admin/client/warp/summary` so the admin operations and release controls workflow works through the canonical POKROV backend.","Expose guarded admin-only operational controls, summaries, broadcasts, referrals, audits, and client WARP material without broad public release claims. Route: `GET /api/admin/client/warp/summary` handled by `admin_client_warp_summary`.",portal_bot/api_admin_routes.py:2320,"Use POKROV canon, app-first identity, no secrets, no unsupported store/stable/RU/payment claims. Admin web surface is primary operator UI; Telegram admin is fallback only; audit sensitive changes.",Route-family evidence mapped from tests. Test refs: tests\test_network_rollout_api.py,Retest passed,ROOT-PYTEST-001/BACKEND-GAPS-001 passed after route-family mapping; direct test refs found for this route or route family.,,No code fix required in this pass.,Retested in existing automated suite; add narrower route test when behavior changes.,Live/deploy/provider/device/RU checks remain separate and must be labelled PASS/FAIL/BLOCKED_BY_ACCESS/NOT_REQUESTED when applicable.,Keep covered in regression suite; add narrower route test when behavior changes.,2026-06-27
BACKEND-API-137,Backend API,generated from portal_bot/api.py route decorators,API-137,"Admin catalog, promos, and dynamic content",GET /api/admin/promo-slots,"Admin catalog, promos, and dynamic content","As a operator, I can read `GET /api/admin/promo-slots` so the admin catalog, promos, and dynamic content workflow works through the canonical POKROV backend.","Let authorized admins manage plans, promos, start links, campaigns, templates, gift/access keys, and promo slots while preserving validation and public-copy guardrails. Route: `GET /api/admin/promo-slots` handled by `admin_promo_slots_get`.",portal_bot/api_admin_routes.py:2330,"Use POKROV canon, app-first identity, no secrets, no unsupported store/stable/RU/payment claims. Admin web surface is primary operator UI; Telegram admin is fallback only; audit sensitive changes.",Route-family evidence mapped from tests. Test refs: webapp\e2e\admin-gate.spec.ts,Retest passed,WEBAPP-E2E-001/WEBAPP-AUTH-001 passed after route-family mapping; direct test refs found for this route or route family.,,No code fix required in this pass.,Retested in existing automated suite; add narrower route test when behavior changes.,Live/deploy/provider/device/RU checks remain separate and must be labelled PASS/FAIL/BLOCKED_BY_ACCESS/NOT_REQUESTED when applicable.,Keep covered in regression suite; add narrower route test when behavior changes.,2026-06-27
BACKEND-API-138,Backend API,generated from portal_bot/api.py route decorators,API-138,"Admin catalog, promos, and dynamic content",PUT /api/admin/promo-slots,"Admin catalog, promos, and dynamic content","As a operator, I can update `PUT /api/admin/promo-slots` so the admin catalog, promos, and dynamic content workflow works through the canonical POKROV backend.","Let authorized admins manage plans, promos, start links, campaigns, templates, gift/access keys, and promo slots while preserving validation and public-copy guardrails. Route: `PUT /api/admin/promo-slots` handled by `admin_promo_slots_put`.",portal_bot/api_admin_routes.py:2356,"Use POKROV canon, app-first identity, no secrets, no unsupported store/stable/RU/payment claims. Admin web surface is primary operator UI; Telegram admin is fallback only; audit sensitive changes.",Route-family evidence mapped from tests. Test refs: webapp\e2e\admin-gate.spec.ts,Retest passed,WEBAPP-E2E-001/WEBAPP-AUTH-001 passed after route-family mapping; direct test refs found for this route or route family.,,No code fix required in this pass.,Retested in existing automated suite; add narrower route test when behavior changes.,Live/deploy/provider/device/RU checks remain separate and must be labelled PASS/FAIL/BLOCKED_BY_ACCESS/NOT_REQUESTED when applicable.,Keep covered in regression suite; add narrower route test when behavior changes.,2026-06-27
BACKEND-API-139,Backend API,generated from portal_bot/api.py route decorators,API-139,"Admin catalog, promos, and dynamic content",POST /api/admin/campaign-links/build,"Admin catalog, promos, and dynamic content","As a operator, I can submit `POST /api/admin/campaign-links/build` so the admin catalog, promos, and dynamic content workflow works through the canonical POKROV backend.","Let authorized admins manage plans, promos, start links, campaigns, templates, gift/access keys, and promo slots while preserving validation and public-copy guardrails. Route: `POST /api/admin/campaign-links/build` handled by `admin_campaign_links_build`.",portal_bot/api_admin_routes.py:2373,"Use POKROV canon, app-first identity, no secrets, no unsupported store/stable/RU/payment claims. Admin web surface is primary operator UI; Telegram admin is fallback only; audit sensitive changes.",Route-family evidence mapped from tests. Test refs: tests\test_api_auth_and_tickets.py; webapp\e2e\admin-gate.spec.ts,Retest passed,"ROOT-PYTEST-001/BACKEND-GAPS-001, WEBAPP-E2E-001/WEBAPP-AUTH-001 passed after route-family mapping; direct test refs found for this route or route family.",,No code fix required in this pass.,Retested in existing automated suite; add narrower route test when behavior changes.,Live/deploy/provider/device/RU checks remain separate and must be labelled PASS/FAIL/BLOCKED_BY_ACCESS/NOT_REQUESTED when applicable.,Keep covered in regression suite; add narrower route test when behavior changes.,2026-06-27
BACKEND-API-140,Backend API,generated from portal_bot/api.py route decorators,API-140,Admin operations and release controls,GET /api/admin/referrals/pending,Admin operations and release controls,"As a operator, I can read `GET /api/admin/referrals/pending` so the admin operations and release controls workflow works through the canonical POKROV backend.","Expose guarded admin-only operational controls, summaries, broadcasts, referrals, audits, and client WARP material without broad public release claims. Route: `GET /api/admin/referrals/pending` handled by `admin_referrals_pending`.",portal_bot/api_admin_routes.py:2464,"Use POKROV canon, app-first identity, no secrets, no unsupported store/stable/RU/payment claims. Admin web surface is primary operator UI; Telegram admin is fallback only; audit sensitive changes.",Route-family evidence mapped from tests. Test refs: tests\test_backend_route_gap_coverage.py,Retest passed,ROOT-PYTEST-001/BACKEND-GAPS-001 passed after route-family mapping; direct test refs found for this route or route family.,,No code fix required in this pass.,Retested in existing automated suite; add narrower route test when behavior changes.,Live/deploy/provider/device/RU checks remain separate and must be labelled PASS/FAIL/BLOCKED_BY_ACCESS/NOT_REQUESTED when applicable.,Keep covered in regression suite; add narrower route test when behavior changes.,2026-06-27
BACKEND-API-141,Backend API,generated from portal_bot/api.py route decorators,API-141,Admin operations and release controls,POST /api/admin/referrals/process,Admin operations and release controls,"As a operator, I can submit `POST /api/admin/referrals/process` so the admin operations and release controls workflow works through the canonical POKROV backend.","Expose guarded admin-only operational controls, summaries, broadcasts, referrals, audits, and client WARP material without broad public release claims. Route: `POST /api/admin/referrals/process` handled by `admin_referrals_process`.",portal_bot/api_admin_routes.py:2507,"Use POKROV canon, app-first identity, no secrets, no unsupported store/stable/RU/payment claims. Admin web surface is primary operator UI; Telegram admin is fallback only; audit sensitive changes.",Route-family evidence mapped from tests. Test refs: tests\test_backend_route_gap_coverage.py,Retest passed,ROOT-PYTEST-001/BACKEND-GAPS-001 passed after route-family mapping; direct test refs found for this route or route family.,,No code fix required in this pass.,Retested in existing automated suite; add narrower route test when behavior changes.,Live/deploy/provider/device/RU checks remain separate and must be labelled PASS/FAIL/BLOCKED_BY_ACCESS/NOT_REQUESTED when applicable.,Keep covered in regression suite; add narrower route test when behavior changes.,2026-06-27
BACKEND-API-142,Backend API,generated from portal_bot/api.py route decorators,API-142,"Admin catalog, promos, and dynamic content",GET /api/admin/loyalty-config,"Admin catalog, promos, and dynamic content","As a operator, I can read `GET /api/admin/loyalty-config` so the admin catalog, promos, and dynamic content workflow works through the canonical POKROV backend.","Let authorized admins manage plans, promos, start links, campaigns, templates, gift/access keys, and promo slots while preserving validation and public-copy guardrails. Route: `GET /api/admin/loyalty-config` handled by `admin_loyalty_config_get`.",portal_bot/api_admin_routes.py:2524,"Use POKROV canon, app-first identity, no secrets, no unsupported store/stable/RU/payment claims. Admin web surface is primary operator UI; Telegram admin is fallback only; audit sensitive changes.",Route-family evidence mapped from tests. Test refs: tests\test_api_auth_and_tickets.py,Retest passed,ROOT-PYTEST-001/BACKEND-GAPS-001 passed after route-family mapping; direct test refs found for this route or route family.,,No code fix required in this pass.,Retested in existing automated suite; add narrower route test when behavior changes.,Live/deploy/provider/device/RU checks remain separate and must be labelled PASS/FAIL/BLOCKED_BY_ACCESS/NOT_REQUESTED when applicable.,Keep covered in regression suite; add narrower route test when behavior changes.,2026-06-27
BACKEND-API-143,Backend API,generated from portal_bot/api.py route decorators,API-143,"Admin catalog, promos, and dynamic content",PUT /api/admin/loyalty-config,"Admin catalog, promos, and dynamic content","As a operator, I can update `PUT /api/admin/loyalty-config` so the admin catalog, promos, and dynamic content workflow works through the canonical POKROV backend.","Let authorized admins manage plans, promos, start links, campaigns, templates, gift/access keys, and promo slots while preserving validation and public-copy guardrails. Route: `PUT /api/admin/loyalty-config` handled by `admin_loyalty_config_put`.",portal_bot/api_admin_routes.py:2534,"Use POKROV canon, app-first identity, no secrets, no unsupported store/stable/RU/payment claims. Admin web surface is primary operator UI; Telegram admin is fallback only; audit sensitive changes.",Route-family evidence mapped from tests. Test refs: tests\test_api_auth_and_tickets.py,Retest passed,ROOT-PYTEST-001/BACKEND-GAPS-001 passed after route-family mapping; direct test refs found for this route or route family.,,No code fix required in this pass.,Retested in existing automated suite; add narrower route test when behavior changes.,Live/deploy/provider/device/RU checks remain separate and must be labelled PASS/FAIL/BLOCKED_BY_ACCESS/NOT_REQUESTED when applicable.,Keep covered in regression suite; add narrower route test when behavior changes.,2026-06-27
BACKEND-API-144,Backend API,generated from portal_bot/api.py route decorators,API-144,"Admin catalog, promos, and dynamic content",GET /api/admin/campaigns,"Admin catalog, promos, and dynamic content","As a operator, I can read `GET /api/admin/campaigns` so the admin catalog, promos, and dynamic content workflow works through the canonical POKROV backend.","Let authorized admins manage plans, promos, start links, campaigns, templates, gift/access keys, and promo slots while preserving validation and public-copy guardrails. Route: `GET /api/admin/campaigns` handled by `admin_campaigns_get`.",portal_bot/api_admin_routes.py:2551,"Use POKROV canon, app-first identity, no secrets, no unsupported store/stable/RU/payment claims. Admin web surface is primary operator UI; Telegram admin is fallback only; audit sensitive changes.",Route-family evidence mapped from tests. Test refs: tests\test_backend_route_gap_coverage.py,Retest passed,ROOT-PYTEST-001/BACKEND-GAPS-001 passed after route-family mapping; direct test refs found for this route or route family.,,No code fix required in this pass.,Retested in existing automated suite; add narrower route test when behavior changes.,Live/deploy/provider/device/RU checks remain separate and must be labelled PASS/FAIL/BLOCKED_BY_ACCESS/NOT_REQUESTED when applicable.,Keep covered in regression suite; add narrower route test when behavior changes.,2026-06-27
BACKEND-API-145,Backend API,generated from portal_bot/api.py route decorators,API-145,"Admin catalog, promos, and dynamic content",POST /api/admin/campaigns,"Admin catalog, promos, and dynamic content","As a operator, I can submit `POST /api/admin/campaigns` so the admin catalog, promos, and dynamic content workflow works through the canonical POKROV backend.","Let authorized admins manage plans, promos, start links, campaigns, templates, gift/access keys, and promo slots while preserving validation and public-copy guardrails. Route: `POST /api/admin/campaigns` handled by `admin_campaigns_create`.",portal_bot/api_admin_routes.py:2588,"Use POKROV canon, app-first identity, no secrets, no unsupported store/stable/RU/payment claims. Admin web surface is primary operator UI; Telegram admin is fallback only; audit sensitive changes.",Route-family evidence mapped from tests. Test refs: tests\test_backend_route_gap_coverage.py,Retest passed,ROOT-PYTEST-001/BACKEND-GAPS-001 passed after route-family mapping; direct test refs found for this route or route family.,,No code fix required in this pass.,Retested in existing automated suite; add narrower route test when behavior changes.,Live/deploy/provider/device/RU checks remain separate and must be labelled PASS/FAIL/BLOCKED_BY_ACCESS/NOT_REQUESTED when applicable.,Keep covered in regression suite; add narrower route test when behavior changes.,2026-06-27
BACKEND-API-146,Backend API,generated from portal_bot/api.py route decorators,API-146,"Admin catalog, promos, and dynamic content",PATCH /api/admin/campaigns/{campaign_id},"Admin catalog, promos, and dynamic content","As a operator, I can modify `PATCH /api/admin/campaigns/{campaign_id}` so the admin catalog, promos, and dynamic content workflow works through the canonical POKROV backend.","Let authorized admins manage plans, promos, start links, campaigns, templates, gift/access keys, and promo slots while preserving validation and public-copy guardrails. Route: `PATCH /api/admin/campaigns/{campaign_id}` handled by `admin_campaigns_patch`.",portal_bot/api_admin_routes.py:2605,"Use POKROV canon, app-first identity, no secrets, no unsupported store/stable/RU/payment claims. Admin web surface is primary operator UI; Telegram admin is fallback only; audit sensitive changes.",Route-family evidence mapped from tests. Test refs: tests\test_backend_route_gap_coverage.py,Retest passed,ROOT-PYTEST-001/BACKEND-GAPS-001 passed after route-family mapping; direct test refs found for this route or route family.,,No code fix required in this pass.,Retested in existing automated suite; add narrower route test when behavior changes.,Live/deploy/provider/device/RU checks remain separate and must be labelled PASS/FAIL/BLOCKED_BY_ACCESS/NOT_REQUESTED when applicable.,Keep covered in regression suite; add narrower route test when behavior changes.,2026-06-27
BACKEND-API-147,Backend API,generated from portal_bot/api.py route decorators,API-147,"Admin catalog, promos, and dynamic content",DELETE /api/admin/campaigns/{campaign_id},"Admin catalog, promos, and dynamic content","As a operator, I can delete `DELETE /api/admin/campaigns/{campaign_id}` so the admin catalog, promos, and dynamic content workflow works through the canonical POKROV backend.","Let authorized admins manage plans, promos, start links, campaigns, templates, gift/access keys, and promo slots while preserving validation and public-copy guardrails. Route: `DELETE /api/admin/campaigns/{campaign_id}` handled by `admin_campaigns_delete`.",portal_bot/api_admin_routes.py:2623,"Use POKROV canon, app-first identity, no secrets, no unsupported store/stable/RU/payment claims. Admin web surface is primary operator UI; Telegram admin is fallback only; audit sensitive changes.",Route-family evidence mapped from tests. Test refs: tests\test_backend_route_gap_coverage.py,Retest passed,ROOT-PYTEST-001/BACKEND-GAPS-001 passed after route-family mapping; direct test refs found for this route or route family.,,No code fix required in this pass.,Retested in existing automated suite; add narrower route test when behavior changes.,Live/deploy/provider/device/RU checks remain separate and must be labelled PASS/FAIL/BLOCKED_BY_ACCESS/NOT_REQUESTED when applicable.,Keep covered in regression suite; add narrower route test when behavior changes.,2026-06-27
BACKEND-API-148,Backend API,generated from portal_bot/api.py route decorators,API-148,"Admin catalog, promos, and dynamic content",GET /api/admin/templates,"Admin catalog, promos, and dynamic content","As a operator, I can read `GET /api/admin/templates` so the admin catalog, promos, and dynamic content workflow works through the canonical POKROV backend.","Let authorized admins manage plans, promos, start links, campaigns, templates, gift/access keys, and promo slots while preserving validation and public-copy guardrails. Route: `GET /api/admin/templates` handled by `admin_templates`.",portal_bot/api_admin_routes.py:2640,"Use POKROV canon, app-first identity, no secrets, no unsupported store/stable/RU/payment claims. Admin web surface is primary operator UI; Telegram admin is fallback only; audit sensitive changes.",Route-family evidence mapped from tests. Test refs: tests\test_api_auth_and_tickets.py,Retest passed,ROOT-PYTEST-001/BACKEND-GAPS-001 passed after route-family mapping; direct test refs found for this route or route family.,,No code fix required in this pass.,Retested in existing automated suite; add narrower route test when behavior changes.,Live/deploy/provider/device/RU checks remain separate and must be labelled PASS/FAIL/BLOCKED_BY_ACCESS/NOT_REQUESTED when applicable.,Keep covered in regression suite; add narrower route test when behavior changes.,2026-06-27
BACKEND-API-149,Backend API,generated from portal_bot/api.py route decorators,API-149,"Admin catalog, promos, and dynamic content",POST /api/admin/templates,"Admin catalog, promos, and dynamic content","As a operator, I can submit `POST /api/admin/templates` so the admin catalog, promos, and dynamic content workflow works through the canonical POKROV backend.","Let authorized admins manage plans, promos, start links, campaigns, templates, gift/access keys, and promo slots while preserving validation and public-copy guardrails. Route: `POST /api/admin/templates` handled by `admin_templates_create`.",portal_bot/api_admin_routes.py:2657,"Use POKROV canon, app-first identity, no secrets, no unsupported store/stable/RU/payment claims. Admin web surface is primary operator UI; Telegram admin is fallback only; audit sensitive changes.",Route-family evidence mapped from tests. Test refs: tests\test_api_auth_and_tickets.py,Retest passed,ROOT-PYTEST-001/BACKEND-GAPS-001 passed after route-family mapping; direct test refs found for this route or route family.,,No code fix required in this pass.,Retested in existing automated suite; add narrower route test when behavior changes.,Live/deploy/provider/device/RU checks remain separate and must be labelled PASS/FAIL/BLOCKED_BY_ACCESS/NOT_REQUESTED when applicable.,Keep covered in regression suite; add narrower route test when behavior changes.,2026-06-27
BACKEND-API-150,Backend API,generated from portal_bot/api.py route decorators,API-150,"Admin catalog, promos, and dynamic content",PATCH /api/admin/templates/{key},"Admin catalog, promos, and dynamic content","As a operator, I can modify `PATCH /api/admin/templates/{key}` so the admin catalog, promos, and dynamic content workflow works through the canonical POKROV backend.","Let authorized admins manage plans, promos, start links, campaigns, templates, gift/access keys, and promo slots while preserving validation and public-copy guardrails. Route: `PATCH /api/admin/templates/{key}` handled by `admin_templates_update`.",portal_bot/api_admin_routes.py:2673,"Use POKROV canon, app-first identity, no secrets, no unsupported store/stable/RU/payment claims. Admin web surface is primary operator UI; Telegram admin is fallback only; audit sensitive changes.",Route-family evidence mapped from tests. Test refs: tests\test_api_auth_and_tickets.py,Retest passed,ROOT-PYTEST-001/BACKEND-GAPS-001 passed after route-family mapping; direct test refs found for this route or route family.,,No code fix required in this pass.,Retested in existing automated suite; add narrower route test when behavior changes.,Live/deploy/provider/device/RU checks remain separate and must be labelled PASS/FAIL/BLOCKED_BY_ACCESS/NOT_REQUESTED when applicable.,Keep covered in regression suite; add narrower route test when behavior changes.,2026-06-27
BACKEND-API-151,Backend API,generated from portal_bot/api.py route decorators,API-151,"Admin catalog, promos, and dynamic content",DELETE /api/admin/templates/{key},"Admin catalog, promos, and dynamic content","As a operator, I can delete `DELETE /api/admin/templates/{key}` so the admin catalog, promos, and dynamic content workflow works through the canonical POKROV backend.","Let authorized admins manage plans, promos, start links, campaigns, templates, gift/access keys, and promo slots while preserving validation and public-copy guardrails. Route: `DELETE /api/admin/templates/{key}` handled by `admin_templates_delete`.",portal_bot/api_admin_routes.py:2692,"Use POKROV canon, app-first identity, no secrets, no unsupported store/stable/RU/payment claims. Admin web surface is primary operator UI; Telegram admin is fallback only; audit sensitive changes.",Route-family evidence mapped from tests. Test refs: tests\test_api_auth_and_tickets.py,Retest passed,ROOT-PYTEST-001/BACKEND-GAPS-001 passed after route-family mapping; direct test refs found for this route or route family.,,No code fix required in this pass.,Retested in existing automated suite; add narrower route test when behavior changes.,Live/deploy/provider/device/RU checks remain separate and must be labelled PASS/FAIL/BLOCKED_BY_ACCESS/NOT_REQUESTED when applicable.,Keep covered in regression suite; add narrower route test when behavior changes.,2026-06-27
BACKEND-API-152,Backend API,generated from portal_bot/api.py route decorators,API-152,"Admin catalog, promos, and dynamic content",GET /api/admin/gift-codes,"Admin catalog, promos, and dynamic content","As a operator, I can read `GET /api/admin/gift-codes` so the admin catalog, promos, and dynamic content workflow works through the canonical POKROV backend.","Let authorized admins manage plans, promos, start links, campaigns, templates, gift/access keys, and promo slots while preserving validation and public-copy guardrails. Route: `GET /api/admin/gift-codes` handled by `admin_gift_codes`.",portal_bot/api_admin_routes.py:2710,"Use POKROV canon, app-first identity, no secrets, no unsupported store/stable/RU/payment claims. Admin web surface is primary operator UI; Telegram admin is fallback only; audit sensitive changes.",Route-family evidence mapped from tests. Test refs: tests\test_api_auth_and_tickets.py; tests\test_api_lifecycle_smoke.py; webapp\e2e\admin-gate.spec.ts,Retest passed,"ROOT-PYTEST-001/BACKEND-GAPS-001, WEBAPP-E2E-001/WEBAPP-AUTH-001 passed after route-family mapping; direct test refs found for this route or route family.",,No code fix required in this pass.,Retested in existing automated suite; add narrower route test when behavior changes.,Live/deploy/provider/device/RU checks remain separate and must be labelled PASS/FAIL/BLOCKED_BY_ACCESS/NOT_REQUESTED when applicable.,Keep covered in regression suite; add narrower route test when behavior changes.,2026-06-27
BACKEND-API-153,Backend API,generated from portal_bot/api.py route decorators,API-153,"Admin catalog, promos, and dynamic content",POST /api/admin/access-keys/issue,"Admin catalog, promos, and dynamic content","As a operator, I can submit `POST /api/admin/access-keys/issue` so the admin catalog, promos, and dynamic content workflow works through the canonical POKROV backend.","Let authorized admins manage plans, promos, start links, campaigns, templates, gift/access keys, and promo slots while preserving validation and public-copy guardrails. Route: `POST /api/admin/access-keys/issue` handled by `admin_access_keys_issue`.",portal_bot/api_admin_routes.py:2736,"Use POKROV canon, app-first identity, no secrets, no unsupported store/stable/RU/payment claims. Admin web surface is primary operator UI; Telegram admin is fallback only; audit sensitive changes.",Route-family evidence mapped from tests. Test refs: webapp\e2e\admin-gate.spec.ts,Retest passed,WEBAPP-E2E-001/WEBAPP-AUTH-001 passed after route-family mapping; direct test refs found for this route or route family.,,No code fix required in this pass.,Retested in existing automated suite; add narrower route test when behavior changes.,Live/deploy/provider/device/RU checks remain separate and must be labelled PASS/FAIL/BLOCKED_BY_ACCESS/NOT_REQUESTED when applicable.,Keep covered in regression suite; add narrower route test when behavior changes.,2026-06-27
BACKEND-API-154,Backend API,generated from portal_bot/api.py route decorators,API-154,"Admin catalog, promos, and dynamic content",POST /api/admin/gift-codes,"Admin catalog, promos, and dynamic content","As a operator, I can submit `POST /api/admin/gift-codes` so the admin catalog, promos, and dynamic content workflow works through the canonical POKROV backend.","Let authorized admins manage plans, promos, start links, campaigns, templates, gift/access keys, and promo slots while preserving validation and public-copy guardrails. Route: `POST /api/admin/gift-codes` handled by `admin_gift_codes_create`.",portal_bot/api_admin_routes.py:2754,"Use POKROV canon, app-first identity, no secrets, no unsupported store/stable/RU/payment claims. Admin web surface is primary operator UI; Telegram admin is fallback only; audit sensitive changes.",Route-family evidence mapped from tests. Test refs: tests\test_api_auth_and_tickets.py; tests\test_api_lifecycle_smoke.py; webapp\e2e\admin-gate.spec.ts,Retest passed,"ROOT-PYTEST-001/BACKEND-GAPS-001, WEBAPP-E2E-001/WEBAPP-AUTH-001 passed after route-family mapping; direct test refs found for this route or route family.",,No code fix required in this pass.,Retested in existing automated suite; add narrower route test when behavior changes.,Live/deploy/provider/device/RU checks remain separate and must be labelled PASS/FAIL/BLOCKED_BY_ACCESS/NOT_REQUESTED when applicable.,Keep covered in regression suite; add narrower route test when behavior changes.,2026-06-27
BACKEND-API-155,Backend API,generated from portal_bot/api.py route decorators,API-155,Admin support tickets,GET /api/admin/tickets,Admin support tickets,"As a operator, I can read `GET /api/admin/tickets` so the admin support tickets workflow works through the canonical POKROV backend.","Let admins list, reply to, and change support ticket status using stable status codes and private attachment boundaries. Route: `GET /api/admin/tickets` handled by `admin_tickets`.",portal_bot/api_admin_routes.py:2772,"Use POKROV canon, app-first identity, no secrets, no unsupported store/stable/RU/payment claims. Admin web surface is primary operator UI; Telegram admin is fallback only; audit sensitive changes.",Route-family evidence mapped from tests. Test refs: tests\test_api_auth_and_tickets.py; webapp\e2e\admin-gate.spec.ts,Retest passed,"ROOT-PYTEST-001/BACKEND-GAPS-001, WEBAPP-E2E-001/WEBAPP-AUTH-001 passed after route-family mapping; direct test refs found for this route or route family.",,No code fix required in this pass.,Retested in existing automated suite; add narrower route test when behavior changes.,Live/deploy/provider/device/RU checks remain separate and must be labelled PASS/FAIL/BLOCKED_BY_ACCESS/NOT_REQUESTED when applicable.,Keep covered in regression suite; add narrower route test when behavior changes.,2026-06-27
BACKEND-API-156,Backend API,generated from portal_bot/api.py route decorators,API-156,Admin support tickets,POST /api/admin/tickets/{ticket_id}/reply,Admin support tickets,"As a operator, I can submit `POST /api/admin/tickets/{ticket_id}/reply` so the admin support tickets workflow works through the canonical POKROV backend.","Let admins list, reply to, and change support ticket status using stable status codes and private attachment boundaries. Route: `POST /api/admin/tickets/{ticket_id}/reply` handled by `admin_ticket_reply`.",portal_bot/api_admin_routes.py:2808,"Use POKROV canon, app-first identity, no secrets, no unsupported store/stable/RU/payment claims. Admin web surface is primary operator UI; Telegram admin is fallback only; audit sensitive changes.",Route-family evidence mapped from tests. Test refs: tests\test_api_auth_and_tickets.py; webapp\e2e\admin-gate.spec.ts,Retest passed,"ROOT-PYTEST-001/BACKEND-GAPS-001, WEBAPP-E2E-001/WEBAPP-AUTH-001 passed after route-family mapping; direct test refs found for this route or route family.",,No code fix required in this pass.,Retested in existing automated suite; add narrower route test when behavior changes.,Live/deploy/provider/device/RU checks remain separate and must be labelled PASS/FAIL/BLOCKED_BY_ACCESS/NOT_REQUESTED when applicable.,Keep covered in regression suite; add narrower route test when behavior changes.,2026-06-27
BACKEND-API-157,Backend API,generated from portal_bot/api.py route decorators,API-157,Admin support tickets,POST /api/admin/tickets/{ticket_id}/status,Admin support tickets,"As a operator, I can submit `POST /api/admin/tickets/{ticket_id}/status` so the admin support tickets workflow works through the canonical POKROV backend.","Let admins list, reply to, and change support ticket status using stable status codes and private attachment boundaries. Route: `POST /api/admin/tickets/{ticket_id}/status` handled by `admin_ticket_status`.",portal_bot/api_admin_routes.py:2832,"Use POKROV canon, app-first identity, no secrets, no unsupported store/stable/RU/payment claims. Admin web surface is primary operator UI; Telegram admin is fallback only; audit sensitive changes.",Route-family evidence mapped from tests. Test refs: tests\test_api_auth_and_tickets.py; webapp\e2e\admin-gate.spec.ts,Retest passed,"ROOT-PYTEST-001/BACKEND-GAPS-001, WEBAPP-E2E-001/WEBAPP-AUTH-001 passed after route-family mapping; direct test refs found for this route or route family.",,No code fix required in this pass.,Retested in existing automated suite; add narrower route test when behavior changes.,Live/deploy/provider/device/RU checks remain separate and must be labelled PASS/FAIL/BLOCKED_BY_ACCESS/NOT_REQUESTED when applicable.,Keep covered in regression suite; add narrower route test when behavior changes.,2026-06-27
BACKEND-API-158,Backend API,generated from portal_bot/api.py route decorators,API-158,Admin node operations,GET /api/admin/nodes/health,Admin node operations,"As a operator, I can read `GET /api/admin/nodes/health` so the admin node operations workflow works through the canonical POKROV backend.",Expose node health/runtime/drift/sync/drain/enable/disable/resync controls with safe admin auth and no accidental user remapping. Route: `GET /api/admin/nodes/health` handled by `admin_nodes_health`.,portal_bot/api_admin_routes.py:2850,"Use POKROV canon, app-first identity, no secrets, no unsupported store/stable/RU/payment claims. Admin web surface is primary operator UI; Telegram admin is fallback only; audit sensitive changes.",Route-family evidence mapped from tests. Test refs: tests\test_api_auth_and_tickets.py; tests\test_observer_api.py; webapp\e2e\admin-gate.spec.ts,Retest passed,"ROOT-PYTEST-001/BACKEND-GAPS-001, WEBAPP-E2E-001/WEBAPP-AUTH-001 passed after route-family mapping; direct test refs found for this route or route family.",,No code fix required in this pass.,Retested in existing automated suite; add narrower route test when behavior changes.,Live/deploy/provider/device/RU checks remain separate and must be labelled PASS/FAIL/BLOCKED_BY_ACCESS/NOT_REQUESTED when applicable.,Keep covered in regression suite; add narrower route test when behavior changes.,2026-06-27
BACKEND-API-159,Backend API,generated from portal_bot/api.py route decorators,API-159,Admin node operations,GET /api/admin/nodes/runtime,Admin node operations,"As a operator, I can read `GET /api/admin/nodes/runtime` so the admin node operations workflow works through the canonical POKROV backend.",Expose node health/runtime/drift/sync/drain/enable/disable/resync controls with safe admin auth and no accidental user remapping. Route: `GET /api/admin/nodes/runtime` handled by `admin_nodes_runtime`.,portal_bot/api_admin_routes.py:3889,"Use POKROV canon, app-first identity, no secrets, no unsupported store/stable/RU/payment claims. Admin web surface is primary operator UI; Telegram admin is fallback only; audit sensitive changes.",Route-family evidence mapped from tests. Test refs: tests\test_backend_route_gap_coverage.py,Retest passed,ROOT-PYTEST-001/BACKEND-GAPS-001 passed after route-family mapping; direct test refs found for this route or route family.,,No code fix required in this pass.,Retested in existing automated suite; add narrower route test when behavior changes.,Live/deploy/provider/device/RU checks remain separate and must be labelled PASS/FAIL/BLOCKED_BY_ACCESS/NOT_REQUESTED when applicable.,Keep covered in regression suite; add narrower route test when behavior changes.,2026-06-27
BACKEND-API-160,Backend API,generated from portal_bot/api.py route decorators,API-160,Admin node operations,GET /api/admin/nodes/drift,Admin node operations,"As a operator, I can read `GET /api/admin/nodes/drift` so the admin node operations workflow works through the canonical POKROV backend.",Expose node health/runtime/drift/sync/drain/enable/disable/resync controls with safe admin auth and no accidental user remapping. Route: `GET /api/admin/nodes/drift` handled by `admin_nodes_drift`.,portal_bot/api_admin_routes.py:3917,"Use POKROV canon, app-first identity, no secrets, no unsupported store/stable/RU/payment claims. Admin web surface is primary operator UI; Telegram admin is fallback only; audit sensitive changes.",Route-family evidence mapped from tests. Test refs: tests\test_api_auth_and_tickets.py,Retest passed,ROOT-PYTEST-001/BACKEND-GAPS-001 passed after route-family mapping; direct test refs found for this route or route family.,,No code fix required in this pass.,Retested in existing automated suite; add narrower route test when behavior changes.,Live/deploy/provider/device/RU checks remain separate and must be labelled PASS/FAIL/BLOCKED_BY_ACCESS/NOT_REQUESTED when applicable.,Keep covered in regression suite; add narrower route test when behavior changes.,2026-06-27
BACKEND-API-161,Backend API,generated from portal_bot/api.py route decorators,API-161,Admin node operations,POST /api/admin/nodes/sync,Admin node operations,"As a operator, I can submit `POST /api/admin/nodes/sync` so the admin node operations workflow works through the canonical POKROV backend.",Expose node health/runtime/drift/sync/drain/enable/disable/resync controls with safe admin auth and no accidental user remapping. Route: `POST /api/admin/nodes/sync` handled by `admin_nodes_sync`.,portal_bot/api_admin_routes.py:3930,"Use POKROV canon, app-first identity, no secrets, no unsupported store/stable/RU/payment claims. Admin web surface is primary operator UI; Telegram admin is fallback only; audit sensitive changes.",Route-family evidence mapped from tests. Test refs: tests\test_backend_route_gap_coverage.py,Retest passed,ROOT-PYTEST-001/BACKEND-GAPS-001 passed after route-family mapping; direct test refs found for this route or route family.,,No code fix required in this pass.,Retested in existing automated suite; add narrower route test when behavior changes.,Live/deploy/provider/device/RU checks remain separate and must be labelled PASS/FAIL/BLOCKED_BY_ACCESS/NOT_REQUESTED when applicable.,Keep covered in regression suite; add narrower route test when behavior changes.,2026-06-27
BACKEND-API-162,Backend API,generated from portal_bot/api.py route decorators,API-162,Admin node operations,POST /api/admin/nodes/{node_code}/drain,Admin node operations,"As a operator, I can submit `POST /api/admin/nodes/{node_code}/drain` so the admin node operations workflow works through the canonical POKROV backend.",Expose node health/runtime/drift/sync/drain/enable/disable/resync controls with safe admin auth and no accidental user remapping. Route: `POST /api/admin/nodes/{node_code}/drain` handled by `admin_node_drain`.,portal_bot/api_admin_routes.py:3947,"Use POKROV canon, app-first identity, no secrets, no unsupported store/stable/RU/payment claims. Admin web surface is primary operator UI; Telegram admin is fallback only; audit sensitive changes.",Route-family evidence mapped from tests. Test refs: tests\test_api_auth_and_tickets.py; tests\test_backend_route_gap_coverage.py; tests\test_observer_api.py; webapp\e2e\admin-gate.spec.ts,Retest passed,"ROOT-PYTEST-001/BACKEND-GAPS-001, WEBAPP-E2E-001/WEBAPP-AUTH-001 passed after route-family mapping; direct test refs found for this route or route family.",,No code fix required in this pass.,Retested in existing automated suite; add narrower route test when behavior changes.,Live/deploy/provider/device/RU checks remain separate and must be labelled PASS/FAIL/BLOCKED_BY_ACCESS/NOT_REQUESTED when applicable.,Keep covered in regression suite; add narrower route test when behavior changes.,2026-06-27
BACKEND-API-163,Backend API,generated from portal_bot/api.py route decorators,API-163,Admin node operations,POST /api/admin/nodes/{node_code}/enable,Admin node operations,"As a operator, I can submit `POST /api/admin/nodes/{node_code}/enable` so the admin node operations workflow works through the canonical POKROV backend.",Expose node health/runtime/drift/sync/drain/enable/disable/resync controls with safe admin auth and no accidental user remapping. Route: `POST /api/admin/nodes/{node_code}/enable` handled by `admin_node_enable`.,portal_bot/api_admin_routes.py:3975,"Use POKROV canon, app-first identity, no secrets, no unsupported store/stable/RU/payment claims. Admin web surface is primary operator UI; Telegram admin is fallback only; audit sensitive changes.",Route-family evidence mapped from tests. Test refs: tests\test_api_auth_and_tickets.py; tests\test_backend_route_gap_coverage.py; tests\test_observer_api.py; webapp\e2e\admin-gate.spec.ts,Retest passed,"ROOT-PYTEST-001/BACKEND-GAPS-001, WEBAPP-E2E-001/WEBAPP-AUTH-001 passed after route-family mapping; direct test refs found for this route or route family.",,No code fix required in this pass.,Retested in existing automated suite; add narrower route test when behavior changes.,Live/deploy/provider/device/RU checks remain separate and must be labelled PASS/FAIL/BLOCKED_BY_ACCESS/NOT_REQUESTED when applicable.,Keep covered in regression suite; add narrower route test when behavior changes.,2026-06-27
BACKEND-API-164,Backend API,generated from portal_bot/api.py route decorators,API-164,Admin node operations,POST /api/admin/nodes/{node_code}/disable,Admin node operations,"As a operator, I can submit `POST /api/admin/nodes/{node_code}/disable` so the admin node operations workflow works through the canonical POKROV backend.",Expose node health/runtime/drift/sync/drain/enable/disable/resync controls with safe admin auth and no accidental user remapping. Route: `POST /api/admin/nodes/{node_code}/disable` handled by `admin_node_disable`.,portal_bot/api_admin_network_routes.py:100,"Use POKROV canon, app-first identity, no secrets, no unsupported store/stable/RU/payment claims. Admin web surface is primary operator UI; Telegram admin is fallback only; audit sensitive changes.",Route-family evidence mapped from tests. Test refs: tests\test_api_auth_and_tickets.py; tests\test_backend_route_gap_coverage.py; tests\test_observer_api.py; webapp\e2e\admin-gate.spec.ts,Retest passed,"ROOT-PYTEST-001/BACKEND-GAPS-001, WEBAPP-E2E-001/WEBAPP-AUTH-001 passed after route-family mapping; direct test refs found for this route or route family.",,No code fix required in this pass.,Retested in existing automated suite; add narrower route test when behavior changes.,Live/deploy/provider/device/RU checks remain separate and must be labelled PASS/FAIL/BLOCKED_BY_ACCESS/NOT_REQUESTED when applicable.,Keep covered in regression suite; add narrower route test when behavior changes.,2026-06-27
BACKEND-API-165,Backend API,generated from portal_bot/api.py route decorators,API-165,Admin node operations,POST /api/admin/nodes/{node_code}/resync,Admin node operations,"As a operator, I can submit `POST /api/admin/nodes/{node_code}/resync` so the admin node operations workflow works through the canonical POKROV backend.",Expose node health/runtime/drift/sync/drain/enable/disable/resync controls with safe admin auth and no accidental user remapping. Route: `POST /api/admin/nodes/{node_code}/resync` handled by `admin_node_resync`.,portal_bot/api_admin_network_routes.py:128,"Use POKROV canon, app-first identity, no secrets, no unsupported store/stable/RU/payment claims. Admin web surface is primary operator UI; Telegram admin is fallback only; audit sensitive changes.",Route-family evidence mapped from tests. Test refs: tests\test_api_auth_and_tickets.py; tests\test_backend_route_gap_coverage.py; tests\test_observer_api.py; webapp\e2e\admin-gate.spec.ts,Retest passed,"ROOT-PYTEST-001/BACKEND-GAPS-001, WEBAPP-E2E-001/WEBAPP-AUTH-001 passed after route-family mapping; direct test refs found for this route or route family.",,No code fix required in this pass.,Retested in existing automated suite; add narrower route test when behavior changes.,Live/deploy/provider/device/RU checks remain separate and must be labelled PASS/FAIL/BLOCKED_BY_ACCESS/NOT_REQUESTED when applicable.,Keep covered in regression suite; add narrower route test when behavior changes.,2026-06-27
OPS-SCRIPT-001,Scripts and Ops,generated from scripts/manifest.yaml,OPS-SCRIPT-001,Manual user and subscription operations,python scripts/add_manual_users.py,Add Manual Users,"As a POKROV operator, I can run `python scripts/add_manual_users.py` to run the add manual users operator workflow.",`python scripts/add_manual_users.py` should affect only the intended manual-user/subscription scope and require explicit operator intent before grants or exports.,scripts/manifest.yaml active[1]; scripts/add_manual_users.py; main() present; argparse detected; tests: tests/test_ops_script_gap_batch.py,"Follow POKROV release-gate honesty, app-first/client canon where relevant, explicit operator intent for live changes, and no secret logging or unsupported provider/store/RU-readiness claims.",OPS-SCRIPT-FOCUSED-001: tests/test_ops_script_gap_batch.py,Retest passed,"PASS: OPS-SCRIPT-FOCUSED-001 (314 passed, 6 warnings).",,No code fix required in this pass.,Retest passed,Live execution changes or exports user/subscription state and requires explicit owner/operator approval.,Keep mapped test refs current when script behavior changes.,2026-06-27
OPS-SCRIPT-002,Scripts and Ops,generated from scripts/manifest.yaml,OPS-SCRIPT-002,Node and control-plane operations,python scripts/add_node.py,Add Node,"As a POKROV operator, I can run `python scripts/add_node.py` to run the add node operator workflow.","`python scripts/add_node.py` should read repo/canon node inputs, validate control-plane assumptions, and avoid changing node pools or routing policy outside the documented POKROV access model.",scripts/manifest.yaml active[2]; scripts/add_node.py; main() present; argparse detected; tests/test_smart_connect_api.py; tests/test_smart_connect_api.py; tests/test_smart_connect_api.py; tests/test_smart_connect_api.py; tests/test_smart_connect_api.py; tests/test_smart_connect_api.py; tests: tests/test_client_ui_api_additions.py; tests/test_smart_connect_api.py,"Follow POKROV release-gate honesty, app-first/client canon where relevant, explicit operator intent for live changes, and no secret logging or unsupported provider/store/RU-readiness claims.",OPS-SCRIPT-FOCUSED-001: tests/test_client_ui_api_additions.py; tests/test_smart_connect_api.py,Retest passed,"PASS: OPS-SCRIPT-FOCUSED-001 (314 passed, 6 warnings).",,No code fix required in this pass.,Retest passed,,Keep mapped test refs current when script behavior changes.,2026-06-27
OPS-SCRIPT-003,Scripts and Ops,generated from scripts/manifest.yaml,OPS-SCRIPT-003,Node and control-plane operations,python scripts/audit_node_dns.py,Audit Node Dns,"As a POKROV operator, I can run `python scripts/audit_node_dns.py` to run the audit node dns operator workflow.","`python scripts/audit_node_dns.py` should read repo/canon node inputs, validate control-plane assumptions, and avoid changing node pools or routing policy outside the documented POKROV access model.",scripts/manifest.yaml active[3]; scripts/audit_node_dns.py; main() present; argparse detected; tests/test_ops_script_gap_batch.py; tests/test_ops_script_gap_batch.py; tests/test_ops_script_gap_batch.py; tests/test_ops_script_gap_batch.py; tests/test_ops_script_gap_batch.py; tests/test_ops_script_gap_batch.py; tests: tests/test_audit_node_dns.py; tests/test_ops_script_gap_batch.py,"Follow POKROV release-gate honesty, app-first/client canon where relevant, explicit operator intent for live changes, and no secret logging or unsupported provider/store/RU-readiness claims.",OPS-SCRIPT-FOCUSED-001: tests/test_audit_node_dns.py; tests/test_ops_script_gap_batch.py,Retest passed,"PASS: OPS-SCRIPT-FOCUSED-001 (314 passed, 6 warnings).",,No code fix required in this pass.,Retest passed,,Keep mapped test refs current when script behavior changes.,2026-06-27
OPS-SCRIPT-004,Scripts and Ops,generated from scripts/manifest.yaml,OPS-SCRIPT-004,Node and control-plane operations,python scripts/audit_node_dns_matrix.py,Audit Node Dns Matrix,"As a POKROV operator, I can run `python scripts/audit_node_dns_matrix.py` to run the audit node dns matrix operator workflow.","`python scripts/audit_node_dns_matrix.py` should read repo/canon node inputs, validate control-plane assumptions, and avoid changing node pools or routing policy outside the documented POKROV access model.",scripts/manifest.yaml active[4]; scripts/audit_node_dns_matrix.py; main() present; argparse detected; tests: tests/test_ops_script_gap_batch.py,"Follow POKROV release-gate honesty, app-first/client canon where relevant, explicit operator intent for live changes, and no secret logging or unsupported provider/store/RU-readiness claims.",OPS-SCRIPT-FOCUSED-001: tests/test_ops_script_gap_batch.py,Retest passed,"PASS: OPS-SCRIPT-FOCUSED-001 (314 passed, 6 warnings).",,No code fix required in this pass.,Retest passed,,Keep mapped test refs current when script behavior changes.,2026-06-27
OPS-SCRIPT-005,Scripts and Ops,generated from scripts/manifest.yaml,OPS-SCRIPT-005,"Smoke, audit, and diagnostics",python scripts/api_lifecycle_smoke.py,Api Lifecycle Smoke,"As a POKROV operator, I can run `python scripts/api_lifecycle_smoke.py` to run the api lifecycle smoke operator workflow.",`python scripts/api_lifecycle_smoke.py` should produce a bounded local or operator-facing verification result with redacted sensitive data and clear PASS/FAIL/BLOCKED semantics.,scripts/manifest.yaml active[5]; scripts/api_lifecycle_smoke.py; main() present; argparse detected; tests: tests/test_ops_script_gap_batch.py,"Follow POKROV release-gate honesty, app-first/client canon where relevant, explicit operator intent for live changes, and no secret logging or unsupported provider/store/RU-readiness claims.",OPS-SCRIPT-FOCUSED-001: tests/test_ops_script_gap_batch.py,Retest passed,"PASS: OPS-SCRIPT-FOCUSED-001 (314 passed, 6 warnings).",,No code fix required in this pass.,Retest passed,,Keep mapped test refs current when script behavior changes.,2026-06-27
OPS-SCRIPT-006,Scripts and Ops,generated from scripts/manifest.yaml,OPS-SCRIPT-006,"Data, migration, and cleanup",python scripts/backup_portal_db.py,Backup Portal Db,"As a POKROV operator, I can run `python scripts/backup_portal_db.py` to run the backup portal db operator workflow.","`python scripts/backup_portal_db.py` should preserve data safety, require explicit apply/destination intent for destructive changes, and leave rollback/audit evidence where applicable.",scripts/manifest.yaml active[6]; scripts/backup_portal_db.py; main() present; argparse detected; tests: tests/test_ops_script_gap_batch.py,"Follow POKROV release-gate honesty, app-first/client canon where relevant, explicit operator intent for live changes, and no secret logging or unsupported provider/store/RU-readiness claims.",OPS-SCRIPT-FOCUSED-001: tests/test_ops_script_gap_batch.py,Retest passed,"PASS: OPS-SCRIPT-FOCUSED-001 (314 passed, 6 warnings).",,No code fix required in this pass.,Retest passed,,Keep mapped test refs current when script behavior changes.,2026-06-27
OPS-SCRIPT-007,Scripts and Ops,generated from scripts/manifest.yaml,OPS-SCRIPT-007,"Smoke, audit, and diagnostics",python scripts/check-links.py,Check Links,"As a POKROV operator, I can run `python scripts/check-links.py` to run the check links operator workflow.",`python scripts/check-links.py` should produce a bounded local or operator-facing verification result with redacted sensitive data and clear PASS/FAIL/BLOCKED semantics.,scripts/manifest.yaml active[7]; scripts/check-links.py; main() present; argparse detected; tests: tests/test_release_gate_check.py,"Follow POKROV release-gate honesty, app-first/client canon where relevant, explicit operator intent for live changes, and no secret logging or unsupported provider/store/RU-readiness claims.",OPS-SCRIPT-FOCUSED-001: tests/test_release_gate_check.py,Retest passed,"PASS: OPS-SCRIPT-FOCUSED-001 (314 passed, 6 warnings).",,No code fix required in this pass.,Retest passed,,Keep mapped test refs current when script behavior changes.,2026-06-27
OPS-SCRIPT-008,Scripts and Ops,generated from scripts/manifest.yaml,OPS-SCRIPT-008,"Smoke, audit, and diagnostics",python scripts/client_security_smoke.py,Client Security Smoke,"As a POKROV operator, I can run `python scripts/client_security_smoke.py` to run the client security smoke operator workflow.",`python scripts/client_security_smoke.py` should produce a bounded local or operator-facing verification result with redacted sensitive data and clear PASS/FAIL/BLOCKED semantics.,scripts/manifest.yaml active[8]; scripts/client_security_smoke.py; main() present; argparse not detected; tests/test_release_gate_check.py; tests/test_release_gate_check.py; tests/test_release_gate_check.py; tests/test_release_gate_check.py; tests/test_release_gate_check.py; tests/test_release_gate_check.py; tests: tests/test_client_security_smoke.py; tests/test_release_gate_check.py,"Follow POKROV release-gate honesty, app-first/client canon where relevant, explicit operator intent for live changes, and no secret logging or unsupported provider/store/RU-readiness claims.",OPS-SCRIPT-FOCUSED-001: tests/test_client_security_smoke.py; tests/test_release_gate_check.py,Retest passed,"PASS: OPS-SCRIPT-FOCUSED-001 (314 passed, 6 warnings).",,No code fix required in this pass.,Retest passed,,Keep mapped test refs current when script behavior changes.,2026-06-27
OPS-SCRIPT-009,Scripts and Ops,generated from scripts/manifest.yaml,OPS-SCRIPT-009,"Smoke, audit, and diagnostics",python scripts/check_script_manifest.py,Check Script Manifest,"As a POKROV operator, I can run `python scripts/check_script_manifest.py` to run the check script manifest operator workflow.",`python scripts/check_script_manifest.py` should produce a bounded local or operator-facing verification result with redacted sensitive data and clear PASS/FAIL/BLOCKED semantics.,scripts/manifest.yaml active[9]; scripts/check_script_manifest.py; main() present; argparse detected; tests: tests/test_check_script_manifest.py,"Follow POKROV release-gate honesty, app-first/client canon where relevant, explicit operator intent for live changes, and no secret logging or unsupported provider/store/RU-readiness claims.",OPS-SCRIPT-FOCUSED-001: tests/test_check_script_manifest.py,Retest passed,"PASS: OPS-SCRIPT-FOCUSED-001 (314 passed, 6 warnings).",,No code fix required in this pass.,Retest passed,,Keep mapped test refs current when script behavior changes.,2026-06-27
OPS-SCRIPT-010,Scripts and Ops,generated from scripts/manifest.yaml,OPS-SCRIPT-010,"Smoke, audit, and diagnostics",python scripts/ci_check_artifacts.py,Ci Check Artifacts,"As a POKROV operator, I can run `python scripts/ci_check_artifacts.py` to run the ci check artifacts operator workflow.",`python scripts/ci_check_artifacts.py` should produce a bounded local or operator-facing verification result with redacted sensitive data and clear PASS/FAIL/BLOCKED semantics.,scripts/manifest.yaml active[10]; scripts/ci_check_artifacts.py; main() present; argparse detected; tests: tests/test_ops_script_gap_batch.py,"Follow POKROV release-gate honesty, app-first/client canon where relevant, explicit operator intent for live changes, and no secret logging or unsupported provider/store/RU-readiness claims.",OPS-SCRIPT-FOCUSED-001: tests/test_ops_script_gap_batch.py,Retest passed,"PASS: OPS-SCRIPT-FOCUSED-001 (314 passed, 6 warnings).",,No code fix required in this pass.,Retest passed,,Keep mapped test refs current when script behavior changes.,2026-06-27
OPS-SCRIPT-011,Scripts and Ops,generated from scripts/manifest.yaml,OPS-SCRIPT-011,"Data, migration, and cleanup",python scripts/cleanup_inventory.py,Cleanup Inventory,"As a POKROV operator, I can run `python scripts/cleanup_inventory.py` to run the cleanup inventory operator workflow.","`python scripts/cleanup_inventory.py` should preserve data safety, require explicit apply/destination intent for destructive changes, and leave rollback/audit evidence where applicable.",scripts/manifest.yaml active[11]; scripts/cleanup_inventory.py; main() present; argparse detected; tests: tests/test_cleanup_inventory.py,"Follow POKROV release-gate honesty, app-first/client canon where relevant, explicit operator intent for live changes, and no secret logging or unsupported provider/store/RU-readiness claims.",OPS-SCRIPT-FOCUSED-001: tests/test_cleanup_inventory.py,Retest passed,"PASS: OPS-SCRIPT-FOCUSED-001 (314 passed, 6 warnings).",,No code fix required in this pass.,Retest passed,,Keep mapped test refs current when script behavior changes.,2026-06-27
OPS-SCRIPT-012,Scripts and Ops,generated from scripts/manifest.yaml,OPS-SCRIPT-012,Node and control-plane operations,python scripts/collect_node_metrics.py,Collect Node Metrics,"As a POKROV operator, I can run `python scripts/collect_node_metrics.py` to run the collect node metrics operator workflow.","`python scripts/collect_node_metrics.py` should read repo/canon node inputs, validate control-plane assumptions, and avoid changing node pools or routing policy outside the documented POKROV access model.",scripts/manifest.yaml active[12]; scripts/collect_node_metrics.py; main() present; argparse detected; tests/test_remote_script_gap_batch.py; tests: tests/test_collect_node_metrics_observability.py; tests/test_remote_script_gap_batch.py,"Follow POKROV release-gate honesty, app-first/client canon where relevant, explicit operator intent for live changes, and no secret logging or unsupported provider/store/RU-readiness claims.",OPS-SCRIPT-FOCUSED-001: tests/test_collect_node_metrics_observability.py; tests/test_remote_script_gap_batch.py,Retest passed,"PASS: OPS-SCRIPT-FOCUSED-001 (314 passed, 6 warnings).",,No code fix required in this pass.,Retest passed,,Keep mapped test refs current when script behavior changes.,2026-06-27
OPS-SCRIPT-013,Scripts and Ops,generated from scripts/manifest.yaml,OPS-SCRIPT-013,Node and control-plane operations,python scripts/collect_xray_observer.py,Collect Xray Observer,"As a POKROV operator, I can run `python scripts/collect_xray_observer.py` to run the collect xray observer operator workflow.","`python scripts/collect_xray_observer.py` should read repo/canon node inputs, validate control-plane assumptions, and avoid changing node pools or routing policy outside the documented POKROV access model.",scripts/manifest.yaml active[13]; scripts/collect_xray_observer.py; main() present; argparse detected; tests/test_remote_script_gap_batch.py; tests: tests/test_collect_xray_observer.py; tests/test_remote_script_gap_batch.py,"Follow POKROV release-gate honesty, app-first/client canon where relevant, explicit operator intent for live changes, and no secret logging or unsupported provider/store/RU-readiness claims.",OPS-SCRIPT-FOCUSED-001: tests/test_collect_xray_observer.py; tests/test_remote_script_gap_batch.py,Retest passed,"PASS: OPS-SCRIPT-FOCUSED-001 (314 passed, 6 warnings).",,No code fix required in this pass.,Retest passed,,Keep mapped test refs current when script behavior changes.,2026-06-27
OPS-SCRIPT-014,Scripts and Ops,generated from scripts/manifest.yaml,OPS-SCRIPT-014,Operator script,python scripts/configure_ssh_additional_port.py,Configure Ssh Additional Port,"As a POKROV operator, I can run `python scripts/configure_ssh_additional_port.py` to run the configure ssh additional port operator workflow.","`python scripts/configure_ssh_additional_port.py` should execute the named operator workflow with explicit inputs, safe failure modes, and no secret exposure.",scripts/manifest.yaml active[14]; scripts/configure_ssh_additional_port.py; main() present; argparse detected; tests: tests/test_remote_script_gap_batch.py,"Follow POKROV release-gate honesty, app-first/client canon where relevant, explicit operator intent for live changes, and no secret logging or unsupported provider/store/RU-readiness claims.",OPS-SCRIPT-FOCUSED-001: tests/test_remote_script_gap_batch.py,Retest passed,"PASS: OPS-SCRIPT-FOCUSED-001 (314 passed, 6 warnings).",,No code fix required in this pass.,Retest passed,,Keep mapped test refs current when script behavior changes.,2026-06-27
OPS-SCRIPT-015,Scripts and Ops,generated from scripts/manifest.yaml,OPS-SCRIPT-015,Node and control-plane operations,python scripts/control_plane_drift_report.py,Control Plane Drift Report,"As a POKROV operator, I can run `python scripts/control_plane_drift_report.py` to run the control plane drift report operator workflow.","`python scripts/control_plane_drift_report.py` should read repo/canon node inputs, validate control-plane assumptions, and avoid changing node pools or routing policy outside the documented POKROV access model.",scripts/manifest.yaml active[15]; scripts/control_plane_drift_report.py; main() present; argparse detected; tests: tests/test_control_plane_drift_report.py,"Follow POKROV release-gate honesty, app-first/client canon where relevant, explicit operator intent for live changes, and no secret logging or unsupported provider/store/RU-readiness claims.",OPS-SCRIPT-FOCUSED-001: tests/test_control_plane_drift_report.py,Retest passed,"PASS: OPS-SCRIPT-FOCUSED-001 (314 passed, 6 warnings).",,No code fix required in this pass.,Retest passed,,Keep mapped test refs current when script behavior changes.,2026-06-27
OPS-SCRIPT-016,Scripts and Ops,generated from scripts/manifest.yaml,OPS-SCRIPT-016,Node and control-plane operations,python scripts/create_reality_inbounds.py,Create Reality Inbounds,"As a POKROV operator, I can run `python scripts/create_reality_inbounds.py` to run the create reality inbounds operator workflow.","`python scripts/create_reality_inbounds.py` should read repo/canon node inputs, validate control-plane assumptions, and avoid changing node pools or routing policy outside the documented POKROV access model.",scripts/manifest.yaml active[16]; scripts/create_reality_inbounds.py; main() present; argparse detected; tests: tests/test_remote_script_gap_batch.py,"Follow POKROV release-gate honesty, app-first/client canon where relevant, explicit operator intent for live changes, and no secret logging or unsupported provider/store/RU-readiness claims.",OPS-SCRIPT-FOCUSED-001: tests/test_remote_script_gap_batch.py,Retest passed,"PASS: OPS-SCRIPT-FOCUSED-001 (314 passed, 6 warnings).",,No code fix required in this pass.,Retest passed,,Keep mapped test refs current when script behavior changes.,2026-06-27
OPS-SCRIPT-017,Scripts and Ops,generated from scripts/manifest.yaml,OPS-SCRIPT-017,Manual user and subscription operations,python scripts/export_manual_user_links.py,Export Manual User Links,"As a POKROV operator, I can run `python scripts/export_manual_user_links.py` to run the export manual user links operator workflow.",`python scripts/export_manual_user_links.py` should affect only the intended manual-user/subscription scope and require explicit operator intent before grants or exports.,scripts/manifest.yaml active[17]; scripts/export_manual_user_links.py; main() present; argparse detected; tests: tests/test_ops_script_gap_batch.py,"Follow POKROV release-gate honesty, app-first/client canon where relevant, explicit operator intent for live changes, and no secret logging or unsupported provider/store/RU-readiness claims.",OPS-SCRIPT-FOCUSED-001: tests/test_ops_script_gap_batch.py,Retest passed,"PASS: OPS-SCRIPT-FOCUSED-001 (314 passed, 6 warnings).",,No code fix required in this pass.,Retest passed,Live execution changes or exports user/subscription state and requires explicit owner/operator approval.,Keep mapped test refs current when script behavior changes.,2026-06-27
OPS-SCRIPT-018,Scripts and Ops,generated from scripts/manifest.yaml,OPS-SCRIPT-018,Release gates and handoff,python scripts/export_release_gate_snapshot.py,Export Release Gate Snapshot,"As a POKROV operator, I can run `python scripts/export_release_gate_snapshot.py` to run the export release gate snapshot operator workflow.","`python scripts/export_release_gate_snapshot.py` should run or compose the documented release gate/handoff workflow, fail closed on missing required artifacts or credentials, and preserve beta/release-gate honesty.",scripts/manifest.yaml active[18]; scripts/export_release_gate_snapshot.py; main() present; argparse detected; tests: tests/test_ops_script_gap_batch.py,"Follow POKROV release-gate honesty, app-first/client canon where relevant, explicit operator intent for live changes, and no secret logging or unsupported provider/store/RU-readiness claims.",OPS-SCRIPT-FOCUSED-001: tests/test_ops_script_gap_batch.py,Retest passed,"PASS: OPS-SCRIPT-FOCUSED-001 (314 passed, 6 warnings).",,No code fix required in this pass.,Retest passed,,Keep mapped test refs current when script behavior changes.,2026-06-27
OPS-SCRIPT-019,Scripts and Ops,generated from scripts/manifest.yaml,OPS-SCRIPT-019,"Smoke, audit, and diagnostics",python scripts/email_delivery_probe.py,Email Delivery Probe,"As a POKROV operator, I can run `python scripts/email_delivery_probe.py` to run the email delivery probe operator workflow.",`python scripts/email_delivery_probe.py` should produce a bounded local or operator-facing verification result with redacted sensitive data and clear PASS/FAIL/BLOCKED semantics.,scripts/manifest.yaml active[19]; scripts/email_delivery_probe.py; main() present; argparse detected; tests/test_public_beta_post_deploy_probe.py; tests/test_public_beta_post_deploy_probe.py; tests/test_public_beta_post_deploy_probe.py; tests/test_public_beta_post_deploy_probe.py; tests/test_public_beta_post_deploy_probe.py; tests/test_public_beta_post_deploy_probe.py; tests: tests/test_live_probe_scripts.py; tests/test_public_beta_post_deploy_probe.py,"Follow POKROV release-gate honesty, app-first/client canon where relevant, explicit operator intent for live changes, and no secret logging or unsupported provider/store/RU-readiness claims.",OPS-SCRIPT-FOCUSED-001: tests/test_live_probe_scripts.py; tests/test_public_beta_post_deploy_probe.py,Retest passed,"PASS: OPS-SCRIPT-FOCUSED-001 (314 passed, 6 warnings).",,No code fix required in this pass.,Retest passed,,Keep mapped test refs current when script behavior changes.,2026-06-27
OPS-SCRIPT-020,Scripts and Ops,generated from scripts/manifest.yaml,OPS-SCRIPT-020,"Smoke, audit, and diagnostics",python scripts/lavatop_invoice_probe.py,Lavatop Invoice Probe,"As a POKROV operator, I can run `python scripts/lavatop_invoice_probe.py` to run the lavatop invoice probe operator workflow.",`python scripts/lavatop_invoice_probe.py` should produce a bounded local or operator-facing verification result with redacted sensitive data and clear PASS/FAIL/BLOCKED semantics.,scripts/manifest.yaml active[20]; scripts/lavatop_invoice_probe.py; main() present; argparse detected; tests/test_live_probe_scripts.py; tests/test_public_beta_external_access_preflight.py; tests/test_public_beta_post_deploy_probe.py; tests/test_live_probe_scripts.py; tests/test_public_beta_external_access_preflight.py; tests/test_public_beta_post_deploy_probe.py; tests/test_live_probe_scripts.py; tests/test_public_beta_external_access_preflight.py; tests/test_public_beta_post_deploy_probe.py; tests/test_live_probe_scripts.py; tests/test_public_beta_external_access_preflight.py; tests/test_public_beta_post_deploy_probe.py; tests/test_live_probe_scripts.py; tests/test_public_beta_external_access_preflight.py; tests/test_public_beta_post_deploy_probe.py; tests/test_live_probe_scripts.py; tests/test_public_beta_external_access_preflight.py; tests/test_public_beta_post_deploy_probe.py; tests: tests/test_brain_payment_email_readiness.py; tests/test_live_probe_scripts.py; tests/test_public_beta_external_access_preflight.py; tests/test_public_beta_post_deploy_probe.py,"Follow POKROV release-gate honesty, app-first/client canon where relevant, explicit operator intent for live changes, and no secret logging or unsupported provider/store/RU-readiness claims.",OPS-SCRIPT-FOCUSED-001: tests/test_brain_payment_email_readiness.py; tests/test_live_probe_scripts.py; tests/test_public_beta_external_access_preflight.py; tests/test_public_beta_post_deploy_probe.py,Retest passed,"PASS: OPS-SCRIPT-FOCUSED-001 (314 passed, 6 warnings).",,No code fix required in this pass.,Retest passed,,Keep mapped test refs current when script behavior changes.,2026-06-27
OPS-SCRIPT-021,Scripts and Ops,generated from scripts/manifest.yaml,OPS-SCRIPT-021,"Smoke, audit, and diagnostics",python scripts/lavatop_webhook_replay_smoke.py,Lavatop Webhook Replay Smoke,"As a POKROV operator, I can run `python scripts/lavatop_webhook_replay_smoke.py` to run the lavatop webhook replay smoke operator workflow.",`python scripts/lavatop_webhook_replay_smoke.py` should produce a bounded local or operator-facing verification result with redacted sensitive data and clear PASS/FAIL/BLOCKED semantics.,scripts/manifest.yaml active[21]; scripts/lavatop_webhook_replay_smoke.py; main() present; argparse detected; tests: tests/test_ops_script_gap_batch.py,"Follow POKROV release-gate honesty, app-first/client canon where relevant, explicit operator intent for live changes, and no secret logging or unsupported provider/store/RU-readiness claims.",OPS-SCRIPT-FOCUSED-001: tests/test_ops_script_gap_batch.py,Retest passed,"PASS: OPS-SCRIPT-FOCUSED-001 (314 passed, 6 warnings).",,No code fix required in this pass.,Retest passed,,Keep mapped test refs current when script behavior changes.,2026-06-27
OPS-SCRIPT-022,Scripts and Ops,generated from scripts/manifest.yaml,OPS-SCRIPT-022,Manual user and subscription operations,python scripts/grant_all_users_days.py,Grant All Users Days,"As a POKROV operator, I can run `python scripts/grant_all_users_days.py` to run the grant all users days operator workflow.",`python scripts/grant_all_users_days.py` should affect only the intended manual-user/subscription scope and require explicit operator intent before grants or exports.,scripts/manifest.yaml active[22]; scripts/grant_all_users_days.py; main() present; argparse detected; tests: tests/test_ops_script_gap_batch.py,"Follow POKROV release-gate honesty, app-first/client canon where relevant, explicit operator intent for live changes, and no secret logging or unsupported provider/store/RU-readiness claims.",OPS-SCRIPT-FOCUSED-001: tests/test_ops_script_gap_batch.py,Retest passed,"PASS: OPS-SCRIPT-FOCUSED-001 (314 passed, 6 warnings).",,No code fix required in this pass.,Retest passed,Live execution changes or exports user/subscription state and requires explicit owner/operator approval.,Keep mapped test refs current when script behavior changes.,2026-06-27
OPS-SCRIPT-023,Scripts and Ops,generated from scripts/manifest.yaml,OPS-SCRIPT-023,Node and control-plane operations,python scripts/inspect_local_xui_db.py,Inspect Local Xui Db,"As a POKROV operator, I can run `python scripts/inspect_local_xui_db.py` to run the inspect local xui db operator workflow.","`python scripts/inspect_local_xui_db.py` should read repo/canon node inputs, validate control-plane assumptions, and avoid changing node pools or routing policy outside the documented POKROV access model.",scripts/manifest.yaml active[23]; scripts/inspect_local_xui_db.py; main() present; argparse detected; tests: tests/test_ops_script_gap_batch.py,"Follow POKROV release-gate honesty, app-first/client canon where relevant, explicit operator intent for live changes, and no secret logging or unsupported provider/store/RU-readiness claims.",OPS-SCRIPT-FOCUSED-001: tests/test_ops_script_gap_batch.py,Retest passed,"PASS: OPS-SCRIPT-FOCUSED-001 (314 passed, 6 warnings).",,No code fix required in this pass.,Retest passed,,Keep mapped test refs current when script behavior changes.,2026-06-27
OPS-SCRIPT-024,Scripts and Ops,generated from scripts/manifest.yaml,OPS-SCRIPT-024,Node and control-plane operations,python scripts/inspect_nodes_inbounds.py,Inspect Nodes Inbounds,"As a POKROV operator, I can run `python scripts/inspect_nodes_inbounds.py` to run the inspect nodes inbounds operator workflow.","`python scripts/inspect_nodes_inbounds.py` should read repo/canon node inputs, validate control-plane assumptions, and avoid changing node pools or routing policy outside the documented POKROV access model.",scripts/manifest.yaml active[24]; scripts/inspect_nodes_inbounds.py; main() present; argparse detected; tests: tests/test_remote_script_gap_batch.py,"Follow POKROV release-gate honesty, app-first/client canon where relevant, explicit operator intent for live changes, and no secret logging or unsupported provider/store/RU-readiness claims.",OPS-SCRIPT-FOCUSED-001: tests/test_remote_script_gap_batch.py,Retest passed,"PASS: OPS-SCRIPT-FOCUSED-001 (314 passed, 6 warnings).",,No code fix required in this pass.,Retest passed,,Keep mapped test refs current when script behavior changes.,2026-06-27
OPS-SCRIPT-025,Scripts and Ops,generated from scripts/manifest.yaml,OPS-SCRIPT-025,Operator script,python scripts/inspect_public_subscription_hosts.py,Inspect Public Subscription Hosts,"As a POKROV operator, I can run `python scripts/inspect_public_subscription_hosts.py` to run the inspect public subscription hosts operator workflow.","`python scripts/inspect_public_subscription_hosts.py` should execute the named operator workflow with explicit inputs, safe failure modes, and no secret exposure.",scripts/manifest.yaml active[25]; scripts/inspect_public_subscription_hosts.py; main() present; argparse detected; tests: tests/test_ops_script_gap_batch.py,"Follow POKROV release-gate honesty, app-first/client canon where relevant, explicit operator intent for live changes, and no secret logging or unsupported provider/store/RU-readiness claims.",OPS-SCRIPT-FOCUSED-001: tests/test_ops_script_gap_batch.py,Retest passed,"PASS: OPS-SCRIPT-FOCUSED-001 (314 passed, 6 warnings).",,No code fix required in this pass.,Retest passed,,Keep mapped test refs current when script behavior changes.,2026-06-27
OPS-SCRIPT-026,Scripts and Ops,generated from scripts/manifest.yaml,OPS-SCRIPT-026,Operator script,python scripts/inspect_public_subscription_names.py,Inspect Public Subscription Names,"As a POKROV operator, I can run `python scripts/inspect_public_subscription_names.py` to run the inspect public subscription names operator workflow.","`python scripts/inspect_public_subscription_names.py` should execute the named operator workflow with explicit inputs, safe failure modes, and no secret exposure.",scripts/manifest.yaml active[26]; scripts/inspect_public_subscription_names.py; main() present; argparse detected; tests: tests/test_ops_script_gap_batch.py,"Follow POKROV release-gate honesty, app-first/client canon where relevant, explicit operator intent for live changes, and no secret logging or unsupported provider/store/RU-readiness claims.",OPS-SCRIPT-FOCUSED-001: tests/test_ops_script_gap_batch.py,Retest passed,"PASS: OPS-SCRIPT-FOCUSED-001 (314 passed, 6 warnings).",,No code fix required in this pass.,Retest passed,,Keep mapped test refs current when script behavior changes.,2026-06-27
OPS-SCRIPT-027,Scripts and Ops,generated from scripts/manifest.yaml,OPS-SCRIPT-027,Operator script,python scripts/inspect_reality_inbound_remote.py,Inspect Reality Inbound Remote,"As a POKROV operator, I can run `python scripts/inspect_reality_inbound_remote.py` to run the inspect reality inbound remote operator workflow.","`python scripts/inspect_reality_inbound_remote.py` should execute the named operator workflow with explicit inputs, safe failure modes, and no secret exposure.",scripts/manifest.yaml active[27]; scripts/inspect_reality_inbound_remote.py; main() present; argparse detected; tests: tests/test_remote_script_gap_batch.py,"Follow POKROV release-gate honesty, app-first/client canon where relevant, explicit operator intent for live changes, and no secret logging or unsupported provider/store/RU-readiness claims.",OPS-SCRIPT-FOCUSED-001: tests/test_remote_script_gap_batch.py,Retest passed,"PASS: OPS-SCRIPT-FOCUSED-001 (314 passed, 6 warnings).",,No code fix required in this pass.,Retest passed,,Keep mapped test refs current when script behavior changes.,2026-06-27
OPS-SCRIPT-028,Scripts and Ops,generated from scripts/manifest.yaml,OPS-SCRIPT-028,Node and control-plane operations,python scripts/inspect_xui_schema.py,Inspect Xui Schema,"As a POKROV operator, I can run `python scripts/inspect_xui_schema.py` to run the inspect xui schema operator workflow.","`python scripts/inspect_xui_schema.py` should read repo/canon node inputs, validate control-plane assumptions, and avoid changing node pools or routing policy outside the documented POKROV access model.",scripts/manifest.yaml active[28]; scripts/inspect_xui_schema.py; main() present; argparse detected; tests: tests/test_remote_script_gap_batch.py,"Follow POKROV release-gate honesty, app-first/client canon where relevant, explicit operator intent for live changes, and no secret logging or unsupported provider/store/RU-readiness claims.",OPS-SCRIPT-FOCUSED-001: tests/test_remote_script_gap_batch.py,Retest passed,"PASS: OPS-SCRIPT-FOCUSED-001 (314 passed, 6 warnings).",,No code fix required in this pass.,Retest passed,,Keep mapped test refs current when script behavior changes.,2026-06-27
OPS-SCRIPT-029,Scripts and Ops,generated from scripts/manifest.yaml,OPS-SCRIPT-029,Node and control-plane operations,python scripts/list_nodes.py,List Nodes,"As a POKROV operator, I can run `python scripts/list_nodes.py` to run the list nodes operator workflow.","`python scripts/list_nodes.py` should read repo/canon node inputs, validate control-plane assumptions, and avoid changing node pools or routing policy outside the documented POKROV access model.",scripts/manifest.yaml active[29]; scripts/list_nodes.py; main() present; argparse detected; tests: tests/test_ops_script_gap_batch.py,"Follow POKROV release-gate honesty, app-first/client canon where relevant, explicit operator intent for live changes, and no secret logging or unsupported provider/store/RU-readiness claims.",OPS-SCRIPT-FOCUSED-001: tests/test_ops_script_gap_batch.py,Retest passed,"PASS: OPS-SCRIPT-FOCUSED-001 (314 passed, 6 warnings).",,No code fix required in this pass.,Retest passed,,Keep mapped test refs current when script behavior changes.,2026-06-27
OPS-SCRIPT-030,Scripts and Ops,generated from scripts/manifest.yaml,OPS-SCRIPT-030,Node and control-plane operations,python scripts/migrate_to_nodes.py,Migrate To Nodes,"As a POKROV operator, I can run `python scripts/migrate_to_nodes.py` to run the migrate to nodes operator workflow.","`python scripts/migrate_to_nodes.py` should read repo/canon node inputs, validate control-plane assumptions, and avoid changing node pools or routing policy outside the documented POKROV access model.",scripts/manifest.yaml active[30]; scripts/migrate_to_nodes.py; main() present; argparse detected; tests: tests/test_remote_script_gap_batch.py,"Follow POKROV release-gate honesty, app-first/client canon where relevant, explicit operator intent for live changes, and no secret logging or unsupported provider/store/RU-readiness claims.",OPS-SCRIPT-FOCUSED-001: tests/test_remote_script_gap_batch.py,Retest passed,"PASS: OPS-SCRIPT-FOCUSED-001 (314 passed, 6 warnings).",,No code fix required in this pass.,Retest passed,,Keep mapped test refs current when script behavior changes.,2026-06-27
OPS-SCRIPT-031,Scripts and Ops,generated from scripts/manifest.yaml,OPS-SCRIPT-031,Node and control-plane operations,python scripts/node_dataplane_probe.py,Node Dataplane Probe,"As a POKROV operator, I can run `python scripts/node_dataplane_probe.py` to run the node dataplane probe operator workflow.","`python scripts/node_dataplane_probe.py` should read repo/canon node inputs, validate control-plane assumptions, and avoid changing node pools or routing policy outside the documented POKROV access model.",scripts/manifest.yaml active[31]; scripts/node_dataplane_probe.py; main() present; argparse detected; tests: tests/test_node_dataplane_probe.py,"Follow POKROV release-gate honesty, app-first/client canon where relevant, explicit operator intent for live changes, and no secret logging or unsupported provider/store/RU-readiness claims.",OPS-SCRIPT-FOCUSED-001: tests/test_node_dataplane_probe.py,Retest passed,"PASS: OPS-SCRIPT-FOCUSED-001 (314 passed, 6 warnings).",,No code fix required in this pass.,Retest passed,,Keep mapped test refs current when script behavior changes.,2026-06-27
OPS-SCRIPT-032,Scripts and Ops,generated from scripts/manifest.yaml,OPS-SCRIPT-032,Node and control-plane operations,python scripts/node_observability_gate.py,Node Observability Gate,"As a POKROV operator, I can run `python scripts/node_observability_gate.py` to run the node observability gate operator workflow.","`python scripts/node_observability_gate.py` should read repo/canon node inputs, validate control-plane assumptions, and avoid changing node pools or routing policy outside the documented POKROV access model.",scripts/manifest.yaml active[32]; scripts/node_observability_gate.py; main() present; argparse detected; tests: tests/test_node_observability_gate.py,"Follow POKROV release-gate honesty, app-first/client canon where relevant, explicit operator intent for live changes, and no secret logging or unsupported provider/store/RU-readiness claims.",OPS-SCRIPT-FOCUSED-001: tests/test_node_observability_gate.py,Retest passed,"PASS: OPS-SCRIPT-FOCUSED-001 (314 passed, 6 warnings).",,No code fix required in this pass.,Retest passed,,Keep mapped test refs current when script behavior changes.,2026-06-27
OPS-SCRIPT-033,Scripts and Ops,generated from scripts/manifest.yaml,OPS-SCRIPT-033,AI/operator support tools,python scripts/pokrov_ai_docs_assistant.py,Pokrov Ai Docs Assistant,"As a POKROV operator, I can run `python scripts/pokrov_ai_docs_assistant.py` to Build and query a read-only OpenAI File Search index for POKROV canon. The script is intentionally local/operator-facing. It never reads sec.","`python scripts/pokrov_ai_docs_assistant.py` should use allowlisted repo context, avoid leaking secrets, and produce bounded operator/support output rather than changing product truth by itself.",scripts/manifest.yaml active[33]; scripts/pokrov_ai_docs_assistant.py; main() present; argparse detected; tests: tests/test_pokrov_ai_docs_assistant.py,"Follow POKROV release-gate honesty, app-first/client canon where relevant, explicit operator intent for live changes, and no secret logging or unsupported provider/store/RU-readiness claims.",OPS-SCRIPT-FOCUSED-001: tests/test_pokrov_ai_docs_assistant.py,Retest passed,"PASS: OPS-SCRIPT-FOCUSED-001 (314 passed, 6 warnings).",,No code fix required in this pass.,Retest passed,,Keep mapped test refs current when script behavior changes.,2026-06-27
OPS-SCRIPT-034,Scripts and Ops,generated from scripts/manifest.yaml,OPS-SCRIPT-034,AI/operator support tools,python scripts/pokrov_operator_copilot.py,Pokrov Operator Copilot,"As a POKROV operator, I can run `python scripts/pokrov_operator_copilot.py` to Read-only operator copilot scaffold using OpenAI function calling. This script exposes a tiny, audited tool surface for local operator quest.","`python scripts/pokrov_operator_copilot.py` should use allowlisted repo context, avoid leaking secrets, and produce bounded operator/support output rather than changing product truth by itself.",scripts/manifest.yaml active[34]; scripts/pokrov_operator_copilot.py; main() present; argparse detected; tests: tests/test_pokrov_operator_copilot.py,"Follow POKROV release-gate honesty, app-first/client canon where relevant, explicit operator intent for live changes, and no secret logging or unsupported provider/store/RU-readiness claims.",OPS-SCRIPT-FOCUSED-001: tests/test_pokrov_operator_copilot.py,Retest passed,"PASS: OPS-SCRIPT-FOCUSED-001 (314 passed, 6 warnings).",,No code fix required in this pass.,Retest passed,,Keep mapped test refs current when script behavior changes.,2026-06-27
OPS-SCRIPT-035,Scripts and Ops,generated from scripts/manifest.yaml,OPS-SCRIPT-035,AI/operator support tools,python scripts/pokrov_support_ai_kb_refresh.py,Pokrov Support Ai Kb Refresh,"As a POKROV operator, I can run `python scripts/pokrov_support_ai_kb_refresh.py` to run the pokrov support ai kb refresh operator workflow.","`python scripts/pokrov_support_ai_kb_refresh.py` should use allowlisted repo context, avoid leaking secrets, and produce bounded operator/support output rather than changing product truth by itself.",scripts/manifest.yaml active[35]; scripts/pokrov_support_ai_kb_refresh.py; main() present; argparse detected; tests: tests/test_pokrov_support_ai_kb_refresh.py,"Follow POKROV release-gate honesty, app-first/client canon where relevant, explicit operator intent for live changes, and no secret logging or unsupported provider/store/RU-readiness claims.",OPS-SCRIPT-FOCUSED-001: tests/test_pokrov_support_ai_kb_refresh.py,Retest passed,"PASS: OPS-SCRIPT-FOCUSED-001 (314 passed, 6 warnings).",,No code fix required in this pass.,Retest passed,,Keep mapped test refs current when script behavior changes.,2026-06-27
OPS-SCRIPT-036,Scripts and Ops,generated from scripts/manifest.yaml,OPS-SCRIPT-036,Node and control-plane operations,python scripts/predeploy_node_readiness.py,Predeploy Node Readiness,"As a POKROV operator, I can run `python scripts/predeploy_node_readiness.py` to run the predeploy node readiness operator workflow.","`python scripts/predeploy_node_readiness.py` should read repo/canon node inputs, validate control-plane assumptions, and avoid changing node pools or routing policy outside the documented POKROV access model.",scripts/manifest.yaml active[36]; scripts/predeploy_node_readiness.py; main() present; argparse detected; tests: tests/test_predeploy_node_readiness.py,"Follow POKROV release-gate honesty, app-first/client canon where relevant, explicit operator intent for live changes, and no secret logging or unsupported provider/store/RU-readiness claims.",OPS-SCRIPT-FOCUSED-001: tests/test_predeploy_node_readiness.py,Retest passed,"PASS: OPS-SCRIPT-FOCUSED-001 (314 passed, 6 warnings).",,No code fix required in this pass.,Retest passed,,Keep mapped test refs current when script behavior changes.,2026-06-27
OPS-SCRIPT-037,Scripts and Ops,generated from scripts/manifest.yaml,OPS-SCRIPT-037,Release gates and handoff,python scripts/release_gate_check.py,Release Gate Check,"As a POKROV operator, I can run `python scripts/release_gate_check.py` to run the release gate check operator workflow.","`python scripts/release_gate_check.py` should run or compose the documented release gate/handoff workflow, fail closed on missing required artifacts or credentials, and preserve beta/release-gate honesty.",scripts/manifest.yaml active[37]; scripts/release_gate_check.py; main() present; argparse detected; tests/test_check_script_manifest.py; tests/test_pokrov_migration_defaults.py; tests/test_release_gate_check.py; tests/test_release_orchestrator.py; tests/test_check_script_manifest.py; tests/test_pokrov_migration_defaults.py; tests/test_release_gate_check.py; tests/test_release_orchestrator.py; tests/test_check_script_manifest.py; tests/test_pokrov_migration_defaults.py; tests/test_release_gate_check.py; tests/test_release_orchestrator.py; tests/test_check_script_manifest.py; tests/test_pokrov_migration_defaults.py; tests/test_release_gate_check.py; tests/test_release_orchestrator.py; tests/test_check_script_manifest.py; tests/test_pokrov_migration_defaults.py; tests/test_release_gate_check.py; tests/test_release_orchestrator.py; tests/test_check_script_manifest.py; tests/test_pokrov_migration_defaults.py; tests/test_release_gate_check.py; tests/test_release_orchestrator.py; tests: tests/test_android_release_bundle_guard.py; tests/test_check_script_manifest.py; tests/test_pokrov_migration_defaults.py; tests/test_release_gate_check.py; tests/test_release_orchestrator.py,"Follow POKROV release-gate honesty, app-first/client canon where relevant, explicit operator intent for live changes, and no secret logging or unsupported provider/store/RU-readiness claims.",OPS-SCRIPT-FOCUSED-001: tests/test_android_release_bundle_guard.py; tests/test_check_script_manifest.py; tests/test_pokrov_migration_defaults.py; tests/test_release_gate_check.py; tests/test_release_orchestrator.py,Retest passed,"PASS: OPS-SCRIPT-FOCUSED-001 (314 passed, 6 warnings).",,No code fix required in this pass.,Retest passed,,Keep mapped test refs current when script behavior changes.,2026-06-27
OPS-SCRIPT-038,Scripts and Ops,generated from scripts/manifest.yaml,OPS-SCRIPT-038,"Smoke, audit, and diagnostics",python scripts/render_ru_probe_report.py,Render Ru Probe Report,"As a POKROV operator, I can run `python scripts/render_ru_probe_report.py` to run the render ru probe report operator workflow.",`python scripts/render_ru_probe_report.py` should produce a bounded local or operator-facing verification result with redacted sensitive data and clear PASS/FAIL/BLOCKED semantics.,scripts/manifest.yaml active[38]; scripts/render_ru_probe_report.py; main() present; argparse detected; tests: tests/test_render_ru_probe_report.py,"Follow POKROV release-gate honesty, app-first/client canon where relevant, explicit operator intent for live changes, and no secret logging or unsupported provider/store/RU-readiness claims.",OPS-SCRIPT-FOCUSED-001: tests/test_render_ru_probe_report.py,Retest passed,"PASS: OPS-SCRIPT-FOCUSED-001 (314 passed, 6 warnings).",,No code fix required in this pass.,Retest passed,,Keep mapped test refs current when script behavior changes.,2026-06-27
OPS-SCRIPT-039,Scripts and Ops,generated from scripts/manifest.yaml,OPS-SCRIPT-039,Release gates and handoff,python scripts/release_orchestrator.py,Release Orchestrator,"As a POKROV operator, I can run `python scripts/release_orchestrator.py` to run the release orchestrator operator workflow.","`python scripts/release_orchestrator.py` should run or compose the documented release gate/handoff workflow, fail closed on missing required artifacts or credentials, and preserve beta/release-gate honesty.",scripts/manifest.yaml active[39]; scripts/release_orchestrator.py; main() present; argparse detected; tests: tests/test_release_orchestrator.py,"Follow POKROV release-gate honesty, app-first/client canon where relevant, explicit operator intent for live changes, and no secret logging or unsupported provider/store/RU-readiness claims.",OPS-SCRIPT-FOCUSED-001: tests/test_release_orchestrator.py,Retest passed,"PASS: OPS-SCRIPT-FOCUSED-001 (314 passed, 6 warnings).",,No code fix required in this pass.,Retest passed,,Keep mapped test refs current when script behavior changes.,2026-06-27
OPS-SCRIPT-040,Scripts and Ops,generated from scripts/manifest.yaml,OPS-SCRIPT-040,Release gates and handoff,python scripts/run_client_release_gate.py,Run Client Release Gate,"As a POKROV operator, I can run `python scripts/run_client_release_gate.py` to run the run client release gate operator workflow.","`python scripts/run_client_release_gate.py` should run or compose the documented release gate/handoff workflow, fail closed on missing required artifacts or credentials, and preserve beta/release-gate honesty.",scripts/manifest.yaml active[40]; scripts/run_client_release_gate.py; main() present; argparse detected; tests/test_package_windows_script.py; tests/test_pokrov_migration_defaults.py; tests/test_run_client_release_gate.py; tests/test_package_windows_script.py; tests/test_pokrov_migration_defaults.py; tests/test_run_client_release_gate.py; tests/test_package_windows_script.py; tests/test_pokrov_migration_defaults.py; tests/test_run_client_release_gate.py; tests/test_package_windows_script.py; tests/test_pokrov_migration_defaults.py; tests/test_run_client_release_gate.py; tests/test_package_windows_script.py; tests/test_pokrov_migration_defaults.py; tests/test_run_client_release_gate.py; tests/test_package_windows_script.py; tests/test_pokrov_migration_defaults.py; tests/test_run_client_release_gate.py; tests: tests/test_android_release_bundle_guard.py; tests/test_package_windows_script.py; tests/test_pokrov_migration_defaults.py; tests/test_run_client_release_gate.py,"Follow POKROV release-gate honesty, app-first/client canon where relevant, explicit operator intent for live changes, and no secret logging or unsupported provider/store/RU-readiness claims.",OPS-SCRIPT-FOCUSED-001: tests/test_android_release_bundle_guard.py; tests/test_package_windows_script.py; tests/test_pokrov_migration_defaults.py; tests/test_run_client_release_gate.py,Retest passed,"PASS: OPS-SCRIPT-FOCUSED-001 (314 passed, 6 warnings).",,No code fix required in this pass.,Retest passed,,Keep mapped test refs current when script behavior changes.,2026-06-27
OPS-SCRIPT-041,Scripts and Ops,generated from scripts/manifest.yaml,OPS-SCRIPT-041,"Smoke, audit, and diagnostics",python scripts/admin_webapp_smoke.py,Admin Webapp Smoke,"As a POKROV operator, I can run `python scripts/admin_webapp_smoke.py` to run the admin webapp smoke operator workflow.",`python scripts/admin_webapp_smoke.py` should produce a bounded local or operator-facing verification result with redacted sensitive data and clear PASS/FAIL/BLOCKED semantics.,scripts/manifest.yaml active[41]; scripts/admin_webapp_smoke.py; main() present; argparse detected; tests: tests/test_admin_webapp_smoke.py,"Follow POKROV release-gate honesty, app-first/client canon where relevant, explicit operator intent for live changes, and no secret logging or unsupported provider/store/RU-readiness claims.",OPS-SCRIPT-FOCUSED-001: tests/test_admin_webapp_smoke.py,Retest passed,"PASS: OPS-SCRIPT-FOCUSED-001 (314 passed, 6 warnings).",,No code fix required in this pass.,Retest passed,,Keep mapped test refs current when script behavior changes.,2026-06-27
OPS-SCRIPT-042,Scripts and Ops,generated from scripts/manifest.yaml,OPS-SCRIPT-042,"Smoke, audit, and diagnostics",python scripts/agent_context_packet_audit.py,Agent Context Packet Audit,"As a POKROV operator, I can run `python scripts/agent_context_packet_audit.py` to Audit prompt/context packets for prompt-cache friendly structure. This is a lightweight harness for repo-owned agent prompts, external-model.",`python scripts/agent_context_packet_audit.py` should produce a bounded local or operator-facing verification result with redacted sensitive data and clear PASS/FAIL/BLOCKED semantics.,scripts/manifest.yaml active[42]; scripts/agent_context_packet_audit.py; main() present; argparse detected; tests: tests/test_agent_context_packet_audit.py,"Follow POKROV release-gate honesty, app-first/client canon where relevant, explicit operator intent for live changes, and no secret logging or unsupported provider/store/RU-readiness claims.",OPS-SCRIPT-FOCUSED-001: tests/test_agent_context_packet_audit.py,Retest passed,"PASS: OPS-SCRIPT-FOCUSED-001 (314 passed, 6 warnings).",,No code fix required in this pass.,Retest passed,,Keep mapped test refs current when script behavior changes.,2026-06-27
OPS-SCRIPT-043,Scripts and Ops,generated from scripts/manifest.yaml,OPS-SCRIPT-043,"Smoke, audit, and diagnostics",python scripts/android_localhost_audit.py,Android Localhost Audit,"As a POKROV operator, I can run `python scripts/android_localhost_audit.py` to run the android localhost audit operator workflow.",`python scripts/android_localhost_audit.py` should produce a bounded local or operator-facing verification result with redacted sensitive data and clear PASS/FAIL/BLOCKED semantics.,scripts/manifest.yaml active[43]; scripts/android_localhost_audit.py; main() present; argparse detected; tests/test_release_gate_check.py; tests/test_validate_android_physical_audit_evidence.py; tests/test_release_gate_check.py; tests/test_validate_android_physical_audit_evidence.py; tests/test_release_gate_check.py; tests/test_validate_android_physical_audit_evidence.py; tests/test_release_gate_check.py; tests/test_validate_android_physical_audit_evidence.py; tests/test_release_gate_check.py; tests/test_validate_android_physical_audit_evidence.py; tests/test_release_gate_check.py; tests/test_validate_android_physical_audit_evidence.py; tests: tests/test_android_localhost_audit.py; tests/test_release_gate_check.py; tests/test_validate_android_physical_audit_evidence.py,"Follow POKROV release-gate honesty, app-first/client canon where relevant, explicit operator intent for live changes, and no secret logging or unsupported provider/store/RU-readiness claims.",OPS-SCRIPT-FOCUSED-001: tests/test_android_localhost_audit.py; tests/test_release_gate_check.py; tests/test_validate_android_physical_audit_evidence.py,Retest passed,"PASS: OPS-SCRIPT-FOCUSED-001 (314 passed, 6 warnings).",,No code fix required in this pass.,Retest passed,Final release proof requires owner physical-device execution; local tests cover script behavior only.,Keep mapped test refs current when script behavior changes.,2026-06-27
OPS-SCRIPT-044,Scripts and Ops,generated from scripts/manifest.yaml,OPS-SCRIPT-044,Remote diagnostics and maintenance,python scripts/remote_bootstrap_nodes.py,Remote Bootstrap Nodes,"As a POKROV operator, I can run `python scripts/remote_bootstrap_nodes.py` to run the remote bootstrap nodes operator workflow.","`python scripts/remote_bootstrap_nodes.py` should inspect or maintain the targeted remote host without logging secrets, and should report access failures as blocked rather than implying readiness.",scripts/manifest.yaml active[44]; scripts/remote_bootstrap_nodes.py; main() present; argparse detected; tests: tests/test_remote_bootstrap_nodes.py,"Follow POKROV release-gate honesty, app-first/client canon where relevant, explicit operator intent for live changes, and no secret logging or unsupported provider/store/RU-readiness claims.",OPS-SCRIPT-FOCUSED-001: tests/test_remote_bootstrap_nodes.py,Retest passed,"PASS: OPS-SCRIPT-FOCUSED-001 (314 passed, 6 warnings).",,No code fix required in this pass.,Retest passed,"Live execution requires SSH/host access; local automated tests cover only safe composition, parsing, or dry-run behavior when present.",Keep mapped test refs current when script behavior changes.,2026-06-27
OPS-SCRIPT-045,Scripts and Ops,generated from scripts/manifest.yaml,OPS-SCRIPT-045,Remote diagnostics and maintenance,python scripts/remote_brain_cat_default_xui.py,Remote Brain Cat Default Xui,"As a POKROV operator, I can run `python scripts/remote_brain_cat_default_xui.py` to run the remote brain cat default xui operator workflow.","`python scripts/remote_brain_cat_default_xui.py` should inspect or maintain the targeted remote host without logging secrets, and should report access failures as blocked rather than implying readiness.",scripts/manifest.yaml active[45]; scripts/remote_brain_cat_default_xui.py; main() present; argparse not detected; tests: tests/test_remote_script_gap_batch.py,"Follow POKROV release-gate honesty, app-first/client canon where relevant, explicit operator intent for live changes, and no secret logging or unsupported provider/store/RU-readiness claims.",OPS-SCRIPT-FOCUSED-001: tests/test_remote_script_gap_batch.py,Retest passed,"PASS: OPS-SCRIPT-FOCUSED-001 (314 passed, 6 warnings).",,No code fix required in this pass.,Retest passed,"Live execution requires SSH/host access; local automated tests cover only safe composition, parsing, or dry-run behavior when present.",Keep mapped test refs current when script behavior changes.,2026-06-27
OPS-SCRIPT-046,Scripts and Ops,generated from scripts/manifest.yaml,OPS-SCRIPT-046,Remote diagnostics and maintenance,python scripts/remote_brain_copy_env_var.py,Remote Brain Copy Env Var,"As a POKROV operator, I can run `python scripts/remote_brain_copy_env_var.py` to run the remote brain copy env var operator workflow.","`python scripts/remote_brain_copy_env_var.py` should inspect or maintain the targeted remote host without logging secrets, and should report access failures as blocked rather than implying readiness.",scripts/manifest.yaml active[46]; scripts/remote_brain_copy_env_var.py; main() present; argparse detected; tests: tests/test_remote_script_gap_batch.py,"Follow POKROV release-gate honesty, app-first/client canon where relevant, explicit operator intent for live changes, and no secret logging or unsupported provider/store/RU-readiness claims.",OPS-SCRIPT-FOCUSED-001: tests/test_remote_script_gap_batch.py,Retest passed,"PASS: OPS-SCRIPT-FOCUSED-001 (314 passed, 6 warnings).",,No code fix required in this pass.,Retest passed,"Live execution requires SSH/host access; local automated tests cover only safe composition, parsing, or dry-run behavior when present.",Keep mapped test refs current when script behavior changes.,2026-06-27
OPS-SCRIPT-047,Scripts and Ops,generated from scripts/manifest.yaml,OPS-SCRIPT-047,Remote diagnostics and maintenance,python scripts/remote_brain_fix_xui_sub_server.py,Remote Brain Fix Xui Sub Server,"As a POKROV operator, I can run `python scripts/remote_brain_fix_xui_sub_server.py` to run the remote brain fix xui sub server operator workflow.","`python scripts/remote_brain_fix_xui_sub_server.py` should inspect or maintain the targeted remote host without logging secrets, and should report access failures as blocked rather than implying readiness.",scripts/manifest.yaml active[47]; scripts/remote_brain_fix_xui_sub_server.py; main() present; argparse not detected; tests: tests/test_remote_script_gap_batch.py,"Follow POKROV release-gate honesty, app-first/client canon where relevant, explicit operator intent for live changes, and no secret logging or unsupported provider/store/RU-readiness claims.",OPS-SCRIPT-FOCUSED-001: tests/test_remote_script_gap_batch.py,Retest passed,"PASS: OPS-SCRIPT-FOCUSED-001 (314 passed, 6 warnings).",,No code fix required in this pass.,Retest passed,"Live execution requires SSH/host access; local automated tests cover only safe composition, parsing, or dry-run behavior when present.",Keep mapped test refs current when script behavior changes.,2026-06-27
OPS-SCRIPT-048,Scripts and Ops,generated from scripts/manifest.yaml,OPS-SCRIPT-048,Remote diagnostics and maintenance,python scripts/remote_brain_inspect_xui_files.py,Remote Brain Inspect Xui Files,"As a POKROV operator, I can run `python scripts/remote_brain_inspect_xui_files.py` to run the remote brain inspect xui files operator workflow.","`python scripts/remote_brain_inspect_xui_files.py` should inspect or maintain the targeted remote host without logging secrets, and should report access failures as blocked rather than implying readiness.",scripts/manifest.yaml active[48]; scripts/remote_brain_inspect_xui_files.py; main() present; argparse not detected; tests: tests/test_remote_script_gap_batch.py,"Follow POKROV release-gate honesty, app-first/client canon where relevant, explicit operator intent for live changes, and no secret logging or unsupported provider/store/RU-readiness claims.",OPS-SCRIPT-FOCUSED-001: tests/test_remote_script_gap_batch.py,Retest passed,"PASS: OPS-SCRIPT-FOCUSED-001 (314 passed, 6 warnings).",,No code fix required in this pass.,Retest passed,"Live execution requires SSH/host access; local automated tests cover only safe composition, parsing, or dry-run behavior when present.",Keep mapped test refs current when script behavior changes.,2026-06-27
OPS-SCRIPT-049,Scripts and Ops,generated from scripts/manifest.yaml,OPS-SCRIPT-049,Remote diagnostics and maintenance,python scripts/remote_brain_network_probe.py,Remote Brain Network Probe,"As a POKROV operator, I can run `python scripts/remote_brain_network_probe.py` to run the remote brain network probe operator workflow.","`python scripts/remote_brain_network_probe.py` should inspect or maintain the targeted remote host without logging secrets, and should report access failures as blocked rather than implying readiness.",scripts/manifest.yaml active[49]; scripts/remote_brain_network_probe.py; main() present; argparse detected; tests: tests/test_remote_brain_network_probe.py,"Follow POKROV release-gate honesty, app-first/client canon where relevant, explicit operator intent for live changes, and no secret logging or unsupported provider/store/RU-readiness claims.",OPS-SCRIPT-FOCUSED-001: tests/test_remote_brain_network_probe.py,Retest passed,"PASS: OPS-SCRIPT-FOCUSED-001 (314 passed, 6 warnings).",,No code fix required in this pass.,Retest passed,"Live execution requires SSH/host access; local automated tests cover only safe composition, parsing, or dry-run behavior when present.",Keep mapped test refs current when script behavior changes.,2026-06-27
OPS-SCRIPT-050,Scripts and Ops,generated from scripts/manifest.yaml,OPS-SCRIPT-050,Remote diagnostics and maintenance,python scripts/remote_brain_nodes_sanity.py,Remote Brain Nodes Sanity,"As a POKROV operator, I can run `python scripts/remote_brain_nodes_sanity.py` to run the remote brain nodes sanity operator workflow.","`python scripts/remote_brain_nodes_sanity.py` should inspect or maintain the targeted remote host without logging secrets, and should report access failures as blocked rather than implying readiness.",scripts/manifest.yaml active[50]; scripts/remote_brain_nodes_sanity.py; main() present; argparse detected; tests: tests/test_remote_script_gap_batch.py,"Follow POKROV release-gate honesty, app-first/client canon where relevant, explicit operator intent for live changes, and no secret logging or unsupported provider/store/RU-readiness claims.",OPS-SCRIPT-FOCUSED-001: tests/test_remote_script_gap_batch.py,Retest passed,"PASS: OPS-SCRIPT-FOCUSED-001 (314 passed, 6 warnings).",,No code fix required in this pass.,Retest passed,"Live execution requires SSH/host access; local automated tests cover only safe composition, parsing, or dry-run behavior when present.",Keep mapped test refs current when script behavior changes.,2026-06-27
OPS-SCRIPT-051,Scripts and Ops,generated from scripts/manifest.yaml,OPS-SCRIPT-051,Remote diagnostics and maintenance,python scripts/remote_brain_patch_caddy_webapp_api_proxy.py,Remote Brain Patch Caddy Webapp Api Proxy,"As a POKROV operator, I can run `python scripts/remote_brain_patch_caddy_webapp_api_proxy.py` to run the remote brain patch caddy webapp api proxy operator workflow.","`python scripts/remote_brain_patch_caddy_webapp_api_proxy.py` should inspect or maintain the targeted remote host without logging secrets, and should report access failures as blocked rather than implying readiness.",scripts/manifest.yaml active[51]; scripts/remote_brain_patch_caddy_webapp_api_proxy.py; main() present; argparse detected; tests: tests/test_remote_script_gap_batch.py,"Follow POKROV release-gate honesty, app-first/client canon where relevant, explicit operator intent for live changes, and no secret logging or unsupported provider/store/RU-readiness claims.",OPS-SCRIPT-FOCUSED-001: tests/test_remote_script_gap_batch.py,Retest passed,"PASS: OPS-SCRIPT-FOCUSED-001 (314 passed, 6 warnings).",,No code fix required in this pass.,Retest passed,"Live execution requires SSH/host access; local automated tests cover only safe composition, parsing, or dry-run behavior when present.",Keep mapped test refs current when script behavior changes.,2026-06-27
OPS-SCRIPT-052,Scripts and Ops,generated from scripts/manifest.yaml,OPS-SCRIPT-052,Remote diagnostics and maintenance,python scripts/remote_brain_promo_grant_premium_days.py,Remote Brain Promo Grant Premium Days,"As a POKROV operator, I can run `python scripts/remote_brain_promo_grant_premium_days.py` to run the remote brain promo grant premium days operator workflow.","`python scripts/remote_brain_promo_grant_premium_days.py` should inspect or maintain the targeted remote host without logging secrets, and should report access failures as blocked rather than implying readiness.",scripts/manifest.yaml active[52]; scripts/remote_brain_promo_grant_premium_days.py; main() present; argparse detected; tests: tests/test_remote_script_gap_batch.py,"Follow POKROV release-gate honesty, app-first/client canon where relevant, explicit operator intent for live changes, and no secret logging or unsupported provider/store/RU-readiness claims.",OPS-SCRIPT-FOCUSED-001: tests/test_remote_script_gap_batch.py,Retest passed,"PASS: OPS-SCRIPT-FOCUSED-001 (314 passed, 6 warnings).",,No code fix required in this pass.,Retest passed,"Live execution requires SSH/host access; local automated tests cover only safe composition, parsing, or dry-run behavior when present.",Keep mapped test refs current when script behavior changes.,2026-06-27
OPS-SCRIPT-053,Scripts and Ops,generated from scripts/manifest.yaml,OPS-SCRIPT-053,Remote diagnostics and maintenance,python scripts/remote_brain_set_env_kv.py,Remote Brain Set Env Kv,"As a POKROV operator, I can run `python scripts/remote_brain_set_env_kv.py` to run the remote brain set env kv operator workflow.","`python scripts/remote_brain_set_env_kv.py` should inspect or maintain the targeted remote host without logging secrets, and should report access failures as blocked rather than implying readiness.",scripts/manifest.yaml active[53]; scripts/remote_brain_set_env_kv.py; main() present; argparse detected; tests: tests/test_remote_script_gap_batch.py,"Follow POKROV release-gate honesty, app-first/client canon where relevant, explicit operator intent for live changes, and no secret logging or unsupported provider/store/RU-readiness claims.",OPS-SCRIPT-FOCUSED-001: tests/test_remote_script_gap_batch.py,Retest passed,"PASS: OPS-SCRIPT-FOCUSED-001 (314 passed, 6 warnings).",,No code fix required in this pass.,Retest passed,"Live execution requires SSH/host access; local automated tests cover only safe composition, parsing, or dry-run behavior when present.",Keep mapped test refs current when script behavior changes.,2026-06-27
OPS-SCRIPT-054,Scripts and Ops,generated from scripts/manifest.yaml,OPS-SCRIPT-054,Remote diagnostics and maintenance,python scripts/remote_brain_set_node_hosts_dns.py,Remote Brain Set Node Hosts Dns,"As a POKROV operator, I can run `python scripts/remote_brain_set_node_hosts_dns.py` to run the remote brain set node hosts dns operator workflow.","`python scripts/remote_brain_set_node_hosts_dns.py` should inspect or maintain the targeted remote host without logging secrets, and should report access failures as blocked rather than implying readiness.",scripts/manifest.yaml active[54]; scripts/remote_brain_set_node_hosts_dns.py; main() present; argparse detected; tests: tests/test_remote_script_gap_batch.py,"Follow POKROV release-gate honesty, app-first/client canon where relevant, explicit operator intent for live changes, and no secret logging or unsupported provider/store/RU-readiness claims.",OPS-SCRIPT-FOCUSED-001: tests/test_remote_script_gap_batch.py,Retest passed,"PASS: OPS-SCRIPT-FOCUSED-001 (314 passed, 6 warnings).",REMOTE-HOSTS-DNS-001 closed: DB backup failures were ignored before host updates.,Fixed: host-DNS update now exits fail-closed when DB backup fails.,Retest passed,"Live execution requires SSH/host access; local automated tests cover only safe composition, parsing, or dry-run behavior when present.",Keep mapped test refs current when script behavior changes.,2026-06-27
OPS-SCRIPT-055,Scripts and Ops,generated from scripts/manifest.yaml,OPS-SCRIPT-055,Remote diagnostics and maintenance,python scripts/remote_brain_sync_users_to_nodes.py,Remote Brain Sync Users To Nodes,"As a POKROV operator, I can run `python scripts/remote_brain_sync_users_to_nodes.py` to run the remote brain sync users to nodes operator workflow.","`python scripts/remote_brain_sync_users_to_nodes.py` should inspect or maintain the targeted remote host without logging secrets, and should report access failures as blocked rather than implying readiness.",scripts/manifest.yaml active[55]; scripts/remote_brain_sync_users_to_nodes.py; main() present; argparse detected; tests: tests/test_remote_script_gap_batch.py,"Follow POKROV release-gate honesty, app-first/client canon where relevant, explicit operator intent for live changes, and no secret logging or unsupported provider/store/RU-readiness claims.",OPS-SCRIPT-FOCUSED-001: tests/test_remote_script_gap_batch.py,Retest passed,"PASS: OPS-SCRIPT-FOCUSED-001 (314 passed, 6 warnings).",,No code fix required in this pass.,Retest passed,"Live execution requires SSH/host access; local automated tests cover only safe composition, parsing, or dry-run behavior when present.",Keep mapped test refs current when script behavior changes.,2026-06-27
OPS-SCRIPT-056,Scripts and Ops,generated from scripts/manifest.yaml,OPS-SCRIPT-056,Remote diagnostics and maintenance,python scripts/remote_brain_update_env_urls.py,Remote Brain Update Env Urls,"As a POKROV operator, I can run `python scripts/remote_brain_update_env_urls.py` to run the remote brain update env urls operator workflow.","`python scripts/remote_brain_update_env_urls.py` should inspect or maintain the targeted remote host without logging secrets, and should report access failures as blocked rather than implying readiness.",scripts/manifest.yaml active[56]; scripts/remote_brain_update_env_urls.py; main() present; argparse detected; tests: tests/test_remote_script_gap_batch.py,"Follow POKROV release-gate honesty, app-first/client canon where relevant, explicit operator intent for live changes, and no secret logging or unsupported provider/store/RU-readiness claims.",OPS-SCRIPT-FOCUSED-001: tests/test_remote_script_gap_batch.py,Retest passed,"PASS: OPS-SCRIPT-FOCUSED-001 (314 passed, 6 warnings).",,No code fix required in this pass.,Retest passed,"Live execution requires SSH/host access; local automated tests cover only safe composition, parsing, or dry-run behavior when present.",Keep mapped test refs current when script behavior changes.,2026-06-27
OPS-SCRIPT-057,Scripts and Ops,generated from scripts/manifest.yaml,OPS-SCRIPT-057,Remote diagnostics and maintenance,python scripts/remote_audit_paid_node_coverage.py,Remote Audit Paid Node Coverage,"As a POKROV operator, I can run `python scripts/remote_audit_paid_node_coverage.py` to run the remote audit paid node coverage operator workflow.","`python scripts/remote_audit_paid_node_coverage.py` should inspect or maintain the targeted remote host without logging secrets, and should report access failures as blocked rather than implying readiness.",scripts/manifest.yaml active[57]; scripts/remote_audit_paid_node_coverage.py; main() present; argparse detected; tests: tests/test_remote_script_gap_batch.py,"Follow POKROV release-gate honesty, app-first/client canon where relevant, explicit operator intent for live changes, and no secret logging or unsupported provider/store/RU-readiness claims.",OPS-SCRIPT-FOCUSED-001: tests/test_remote_script_gap_batch.py,Retest passed,"PASS: OPS-SCRIPT-FOCUSED-001 (314 passed, 6 warnings).",,No code fix required in this pass.,Retest passed,"Live execution requires SSH/host access; local automated tests cover only safe composition, parsing, or dry-run behavior when present.",Keep mapped test refs current when script behavior changes.,2026-06-27
OPS-SCRIPT-058,Scripts and Ops,generated from scripts/manifest.yaml,OPS-SCRIPT-058,Remote deploy and node operations,python scripts/remote_apply_node_qdisc.py,Remote Apply Node Qdisc,"As a POKROV operator, I can run `python scripts/remote_apply_node_qdisc.py` to run the remote apply node qdisc operator workflow.","`python scripts/remote_apply_node_qdisc.py` should require explicit operator intent and access details, apply only the targeted remote deployment/node change, and expose dry-run or safe failure behavior where the script supports it.",scripts/manifest.yaml active[58]; scripts/remote_apply_node_qdisc.py; main() present; argparse detected; tests: tests/test_qdisc_scripts.py,"Follow POKROV release-gate honesty, app-first/client canon where relevant, explicit operator intent for live changes, and no secret logging or unsupported provider/store/RU-readiness claims.",OPS-SCRIPT-FOCUSED-001: tests/test_qdisc_scripts.py,Retest passed,"PASS: OPS-SCRIPT-FOCUSED-001 (314 passed, 6 warnings).",,No code fix required in this pass.,Retest passed,"Live execution requires SSH/host access; local automated tests cover only safe composition, parsing, or dry-run behavior when present.",Keep mapped test refs current when script behavior changes.,2026-06-27
OPS-SCRIPT-059,Scripts and Ops,generated from scripts/manifest.yaml,OPS-SCRIPT-059,Remote deploy and node operations,python scripts/remote_apply_transport_front.py,Remote Apply Transport Front,"As a POKROV operator, I can run `python scripts/remote_apply_transport_front.py` to run the remote apply transport front operator workflow.","`python scripts/remote_apply_transport_front.py` should require explicit operator intent and access details, apply only the targeted remote deployment/node change, and expose dry-run or safe failure behavior where the script supports it.",scripts/manifest.yaml active[59]; scripts/remote_apply_transport_front.py; main() present; argparse detected; tests: tests/test_remote_apply_transport_front.py,"Follow POKROV release-gate honesty, app-first/client canon where relevant, explicit operator intent for live changes, and no secret logging or unsupported provider/store/RU-readiness claims.",OPS-SCRIPT-FOCUSED-001: tests/test_remote_apply_transport_front.py,Retest passed,"PASS: OPS-SCRIPT-FOCUSED-001 (314 passed, 6 warnings).",,No code fix required in this pass.,Retest passed,"Live execution requires SSH/host access; local automated tests cover only safe composition, parsing, or dry-run behavior when present.",Keep mapped test refs current when script behavior changes.,2026-06-27
OPS-SCRIPT-060,Scripts and Ops,generated from scripts/manifest.yaml,OPS-SCRIPT-060,Remote deploy and node operations,python scripts/remote_brain_apply_release_handoff.py,Remote Brain Apply Release Handoff,"As a POKROV operator, I can run `python scripts/remote_brain_apply_release_handoff.py` to run the remote brain apply release handoff operator workflow.","`python scripts/remote_brain_apply_release_handoff.py` should require explicit operator intent and access details, apply only the targeted remote deployment/node change, and expose dry-run or safe failure behavior where the script supports it.",scripts/manifest.yaml active[60]; scripts/remote_brain_apply_release_handoff.py; main() present; argparse detected; tests/test_release_orchestrator.py; tests/test_remote_brain_apply_release_handoff.py; tests/test_release_orchestrator.py; tests/test_remote_brain_apply_release_handoff.py; tests/test_release_orchestrator.py; tests/test_remote_brain_apply_release_handoff.py; tests/test_release_orchestrator.py; tests/test_remote_brain_apply_release_handoff.py; tests/test_release_orchestrator.py; tests/test_remote_brain_apply_release_handoff.py; tests/test_release_orchestrator.py; tests/test_remote_brain_apply_release_handoff.py; tests: tests/test_public_beta_launch_decision.py; tests/test_release_orchestrator.py; tests/test_remote_brain_apply_release_handoff.py,"Follow POKROV release-gate honesty, app-first/client canon where relevant, explicit operator intent for live changes, and no secret logging or unsupported provider/store/RU-readiness claims.",OPS-SCRIPT-FOCUSED-001: tests/test_public_beta_launch_decision.py; tests/test_release_orchestrator.py; tests/test_remote_brain_apply_release_handoff.py,Retest passed,"PASS: OPS-SCRIPT-FOCUSED-001 (314 passed, 6 warnings).",,No code fix required in this pass.,Retest passed,"Live execution requires SSH/host access; local automated tests cover only safe composition, parsing, or dry-run behavior when present.",Keep mapped test refs current when script behavior changes.,2026-06-27
OPS-SCRIPT-061,Scripts and Ops,generated from scripts/manifest.yaml,OPS-SCRIPT-061,Remote diagnostics and maintenance,python scripts/remote_check_brain_panel.py,Remote Check Brain Panel,"As a POKROV operator, I can run `python scripts/remote_check_brain_panel.py` to run the remote check brain panel operator workflow.","`python scripts/remote_check_brain_panel.py` should inspect or maintain the targeted remote host without logging secrets, and should report access failures as blocked rather than implying readiness.",scripts/manifest.yaml active[61]; scripts/remote_check_brain_panel.py; main() present; argparse not detected; tests: tests/test_remote_script_gap_batch.py,"Follow POKROV release-gate honesty, app-first/client canon where relevant, explicit operator intent for live changes, and no secret logging or unsupported provider/store/RU-readiness claims.",OPS-SCRIPT-FOCUSED-001: tests/test_remote_script_gap_batch.py,Retest passed,"PASS: OPS-SCRIPT-FOCUSED-001 (314 passed, 6 warnings).",,No code fix required in this pass.,Retest passed,"Live execution requires SSH/host access; local automated tests cover only safe composition, parsing, or dry-run behavior when present.",Keep mapped test refs current when script behavior changes.,2026-06-27
OPS-SCRIPT-062,Scripts and Ops,generated from scripts/manifest.yaml,OPS-SCRIPT-062,Remote deploy and node operations,python scripts/remote_configure_brain_for_vless_443.py,Remote Configure Brain For Vless 443,"As a POKROV operator, I can run `python scripts/remote_configure_brain_for_vless_443.py` to run the remote configure brain for vless 443 operator workflow.","`python scripts/remote_configure_brain_for_vless_443.py` should require explicit operator intent and access details, apply only the targeted remote deployment/node change, and expose dry-run or safe failure behavior where the script supports it.",scripts/manifest.yaml active[62]; scripts/remote_configure_brain_for_vless_443.py; main() present; argparse detected; tests: tests/test_remote_script_gap_batch.py,"Follow POKROV release-gate honesty, app-first/client canon where relevant, explicit operator intent for live changes, and no secret logging or unsupported provider/store/RU-readiness claims.",OPS-SCRIPT-FOCUSED-001: tests/test_remote_script_gap_batch.py,Retest passed,"PASS: OPS-SCRIPT-FOCUSED-001 (314 passed, 6 warnings).",REMOTE-CONFIG-001 closed: panel path was printed despite redaction wording.,Fixed: output now reports panel path length instead of the path value.,Retest passed,"Live execution requires SSH/host access; local automated tests cover only safe composition, parsing, or dry-run behavior when present.",Keep mapped test refs current when script behavior changes.,2026-06-27
OPS-SCRIPT-063,Scripts and Ops,generated from scripts/manifest.yaml,OPS-SCRIPT-063,Remote deploy and node operations,python scripts/remote_deploy_brain_portal_code.py,Remote Deploy Brain Portal Code,"As a POKROV operator, I can run `python scripts/remote_deploy_brain_portal_code.py` to run the remote deploy brain portal code operator workflow.","`python scripts/remote_deploy_brain_portal_code.py` should require explicit operator intent and access details, apply only the targeted remote deployment/node change, and expose dry-run or safe failure behavior where the script supports it.",scripts/manifest.yaml active[63]; scripts/remote_deploy_brain_portal_code.py; main() present; argparse detected; tests: tests/test_remote_deploy_brain_portal_code.py,"Follow POKROV release-gate honesty, app-first/client canon where relevant, explicit operator intent for live changes, and no secret logging or unsupported provider/store/RU-readiness claims.",OPS-SCRIPT-FOCUSED-001: tests/test_remote_deploy_brain_portal_code.py,Retest passed,"PASS: OPS-SCRIPT-FOCUSED-001 (314 passed, 6 warnings).",,No code fix required in this pass.,Retest passed,"Live execution requires SSH/host access; local automated tests cover only safe composition, parsing, or dry-run behavior when present.",Keep mapped test refs current when script behavior changes.,2026-06-27
OPS-SCRIPT-064,Scripts and Ops,generated from scripts/manifest.yaml,OPS-SCRIPT-064,Remote deploy and node operations,python scripts/remote_deploy_brain_static_sites.py,Remote Deploy Brain Static Sites,"As a POKROV operator, I can run `python scripts/remote_deploy_brain_static_sites.py` to run the remote deploy brain static sites operator workflow.","`python scripts/remote_deploy_brain_static_sites.py` should require explicit operator intent and access details, apply only the targeted remote deployment/node change, and expose dry-run or safe failure behavior where the script supports it.",scripts/manifest.yaml active[64]; scripts/remote_deploy_brain_static_sites.py; main() present; argparse detected; tests/test_static_deploy_cache_bust.py; tests/test_static_deploy_cache_bust.py; tests/test_static_deploy_cache_bust.py; tests/test_static_deploy_cache_bust.py; tests/test_static_deploy_cache_bust.py; tests/test_static_deploy_cache_bust.py; tests: tests/test_remote_deploy_brain_static_sites.py; tests/test_static_deploy_cache_bust.py,"Follow POKROV release-gate honesty, app-first/client canon where relevant, explicit operator intent for live changes, and no secret logging or unsupported provider/store/RU-readiness claims.",OPS-SCRIPT-FOCUSED-001: tests/test_remote_deploy_brain_static_sites.py; tests/test_static_deploy_cache_bust.py,Retest passed,"PASS: OPS-SCRIPT-FOCUSED-001 (314 passed, 6 warnings).",,No code fix required in this pass.,Retest passed,"Live execution requires SSH/host access; local automated tests cover only safe composition, parsing, or dry-run behavior when present.",Keep mapped test refs current when script behavior changes.,2026-06-27
OPS-SCRIPT-065,Scripts and Ops,generated from scripts/manifest.yaml,OPS-SCRIPT-065,Remote diagnostics and maintenance,python scripts/remote_find_panel_service.py,Remote Find Panel Service,"As a POKROV operator, I can run `python scripts/remote_find_panel_service.py` to run the remote find panel service operator workflow.","`python scripts/remote_find_panel_service.py` should inspect or maintain the targeted remote host without logging secrets, and should report access failures as blocked rather than implying readiness.",scripts/manifest.yaml active[65]; scripts/remote_find_panel_service.py; main() present; argparse not detected; tests: tests/test_remote_script_gap_batch.py,"Follow POKROV release-gate honesty, app-first/client canon where relevant, explicit operator intent for live changes, and no secret logging or unsupported provider/store/RU-readiness claims.",OPS-SCRIPT-FOCUSED-001: tests/test_remote_script_gap_batch.py,Retest passed,"PASS: OPS-SCRIPT-FOCUSED-001 (314 passed, 6 warnings).",,No code fix required in this pass.,Retest passed,"Live execution requires SSH/host access; local automated tests cover only safe composition, parsing, or dry-run behavior when present.",Keep mapped test refs current when script behavior changes.,2026-06-27
OPS-SCRIPT-066,Scripts and Ops,generated from scripts/manifest.yaml,OPS-SCRIPT-066,Remote diagnostics and maintenance,python scripts/remote_grant_all_users_days.py,Remote Grant All Users Days,"As a POKROV operator, I can run `python scripts/remote_grant_all_users_days.py` to run the remote grant all users days operator workflow.","`python scripts/remote_grant_all_users_days.py` should inspect or maintain the targeted remote host without logging secrets, and should report access failures as blocked rather than implying readiness.",scripts/manifest.yaml active[66]; scripts/remote_grant_all_users_days.py; main() present; argparse detected; tests: tests/test_remote_script_gap_batch.py,"Follow POKROV release-gate honesty, app-first/client canon where relevant, explicit operator intent for live changes, and no secret logging or unsupported provider/store/RU-readiness claims.",OPS-SCRIPT-FOCUSED-001: tests/test_remote_script_gap_batch.py,Retest passed,"PASS: OPS-SCRIPT-FOCUSED-001 (314 passed, 6 warnings).",,No code fix required in this pass.,Retest passed,"Live execution requires SSH/host access; local automated tests cover only safe composition, parsing, or dry-run behavior when present.",Keep mapped test refs current when script behavior changes.,2026-06-27
OPS-SCRIPT-067,Scripts and Ops,generated from scripts/manifest.yaml,OPS-SCRIPT-067,Remote diagnostics and maintenance,python scripts/remote_grep_brain_xui_sh.py,Remote Grep Brain Xui Sh,"As a POKROV operator, I can run `python scripts/remote_grep_brain_xui_sh.py` to run the remote grep brain xui sh operator workflow.","`python scripts/remote_grep_brain_xui_sh.py` should inspect or maintain the targeted remote host without logging secrets, and should report access failures as blocked rather than implying readiness.",scripts/manifest.yaml active[67]; scripts/remote_grep_brain_xui_sh.py; main() present; argparse not detected; tests: tests/test_remote_script_gap_batch.py,"Follow POKROV release-gate honesty, app-first/client canon where relevant, explicit operator intent for live changes, and no secret logging or unsupported provider/store/RU-readiness claims.",OPS-SCRIPT-FOCUSED-001: tests/test_remote_script_gap_batch.py,Retest passed,"PASS: OPS-SCRIPT-FOCUSED-001 (314 passed, 6 warnings).",,No code fix required in this pass.,Retest passed,"Live execution requires SSH/host access; local automated tests cover only safe composition, parsing, or dry-run behavior when present.",Keep mapped test refs current when script behavior changes.,2026-06-27
OPS-SCRIPT-068,Scripts and Ops,generated from scripts/manifest.yaml,OPS-SCRIPT-068,Remote diagnostics and maintenance,python scripts/remote_inspect_brain_subscription_hosts.py,Remote Inspect Brain Subscription Hosts,"As a POKROV operator, I can run `python scripts/remote_inspect_brain_subscription_hosts.py` to run the remote inspect brain subscription hosts operator workflow.","`python scripts/remote_inspect_brain_subscription_hosts.py` should inspect or maintain the targeted remote host without logging secrets, and should report access failures as blocked rather than implying readiness.",scripts/manifest.yaml active[68]; scripts/remote_inspect_brain_subscription_hosts.py; main() present; argparse detected; tests: tests/test_remote_script_gap_batch.py,"Follow POKROV release-gate honesty, app-first/client canon where relevant, explicit operator intent for live changes, and no secret logging or unsupported provider/store/RU-readiness claims.",OPS-SCRIPT-FOCUSED-001: tests/test_remote_script_gap_batch.py,Retest passed,"PASS: OPS-SCRIPT-FOCUSED-001 (314 passed, 6 warnings).",REMOTE-SUB-HOST-001 closed: remote command failures previously returned success.,Fixed: non-zero remote subscription inspection now exits fail-closed.,Retest passed,"Live execution requires SSH/host access; local automated tests cover only safe composition, parsing, or dry-run behavior when present.",Keep mapped test refs current when script behavior changes.,2026-06-27
OPS-SCRIPT-069,Scripts and Ops,generated from scripts/manifest.yaml,OPS-SCRIPT-069,Remote deploy and node operations,python scripts/remote_install_feedbackbot_service.py,Remote Install Feedbackbot Service,"As a POKROV operator, I can run `python scripts/remote_install_feedbackbot_service.py` to run the remote install feedbackbot service operator workflow.","`python scripts/remote_install_feedbackbot_service.py` should require explicit operator intent and access details, apply only the targeted remote deployment/node change, and expose dry-run or safe failure behavior where the script supports it.",scripts/manifest.yaml active[69]; scripts/remote_install_feedbackbot_service.py; main() present; argparse detected; tests: tests/test_remote_script_gap_batch.py,"Follow POKROV release-gate honesty, app-first/client canon where relevant, explicit operator intent for live changes, and no secret logging or unsupported provider/store/RU-readiness claims.",OPS-SCRIPT-FOCUSED-001: tests/test_remote_script_gap_batch.py,Retest passed,"PASS: OPS-SCRIPT-FOCUSED-001 (314 passed, 6 warnings).",,No code fix required in this pass.,Retest passed,"Live execution requires SSH/host access; local automated tests cover only safe composition, parsing, or dry-run behavior when present.",Keep mapped test refs current when script behavior changes.,2026-06-27
OPS-SCRIPT-070,Scripts and Ops,generated from scripts/manifest.yaml,OPS-SCRIPT-070,Remote deploy and node operations,python scripts/remote_install_free_per_ip_limiter.py,Remote Install Free Per Ip Limiter,"As a POKROV operator, I can run `python scripts/remote_install_free_per_ip_limiter.py` to run the remote install free per ip limiter operator workflow.","`python scripts/remote_install_free_per_ip_limiter.py` should require explicit operator intent and access details, apply only the targeted remote deployment/node change, and expose dry-run or safe failure behavior where the script supports it.",scripts/manifest.yaml active[70]; scripts/remote_install_free_per_ip_limiter.py; main() present; argparse detected; tests: tests/test_remote_script_gap_batch.py,"Follow POKROV release-gate honesty, app-first/client canon where relevant, explicit operator intent for live changes, and no secret logging or unsupported provider/store/RU-readiness claims.",OPS-SCRIPT-FOCUSED-001: tests/test_remote_script_gap_batch.py,Retest passed,"PASS: OPS-SCRIPT-FOCUSED-001 (314 passed, 6 warnings).",,No code fix required in this pass.,Retest passed,"Live execution requires SSH/host access; local automated tests cover only safe composition, parsing, or dry-run behavior when present.",Keep mapped test refs current when script behavior changes.,2026-06-27
OPS-SCRIPT-071,Scripts and Ops,generated from scripts/manifest.yaml,OPS-SCRIPT-071,Remote deploy and node operations,python scripts/remote_install_mtproto_proxy.py,Remote Install Mtproto Proxy,"As a POKROV operator, I can run `python scripts/remote_install_mtproto_proxy.py` to run the remote install mtproto proxy operator workflow.","`python scripts/remote_install_mtproto_proxy.py` should require explicit operator intent and access details, apply only the targeted remote deployment/node change, and expose dry-run or safe failure behavior where the script supports it.",scripts/manifest.yaml active[71]; scripts/remote_install_mtproto_proxy.py; main() present; argparse detected; tests: tests/test_remote_install_mtproto_proxy.py,"Follow POKROV release-gate honesty, app-first/client canon where relevant, explicit operator intent for live changes, and no secret logging or unsupported provider/store/RU-readiness claims.",OPS-SCRIPT-FOCUSED-001: tests/test_remote_install_mtproto_proxy.py,Retest passed,"PASS: OPS-SCRIPT-FOCUSED-001 (314 passed, 6 warnings).",,No code fix required in this pass.,Retest passed,"Live execution requires SSH/host access; local automated tests cover only safe composition, parsing, or dry-run behavior when present.",Keep mapped test refs current when script behavior changes.,2026-06-27
OPS-SCRIPT-072,Scripts and Ops,generated from scripts/manifest.yaml,OPS-SCRIPT-072,Remote deploy and node operations,python scripts/remote_install_mini_canary_stack.py,Remote Install Mini Canary Stack,"As a POKROV operator, I can run `python scripts/remote_install_mini_canary_stack.py` to run the remote install mini canary stack operator workflow.","`python scripts/remote_install_mini_canary_stack.py` should require explicit operator intent and access details, apply only the targeted remote deployment/node change, and expose dry-run or safe failure behavior where the script supports it.",scripts/manifest.yaml active[72]; scripts/remote_install_mini_canary_stack.py; main() present; argparse detected; tests: tests/test_remote_install_mini_canary_stack.py,"Follow POKROV release-gate honesty, app-first/client canon where relevant, explicit operator intent for live changes, and no secret logging or unsupported provider/store/RU-readiness claims.",OPS-SCRIPT-FOCUSED-001: tests/test_remote_install_mini_canary_stack.py,Retest passed,"PASS: OPS-SCRIPT-FOCUSED-001 (314 passed, 6 warnings).",,No code fix required in this pass.,Retest passed,"Live execution requires SSH/host access; local automated tests cover only safe composition, parsing, or dry-run behavior when present.",Keep mapped test refs current when script behavior changes.,2026-06-27
OPS-SCRIPT-073,Scripts and Ops,generated from scripts/manifest.yaml,OPS-SCRIPT-073,Remote deploy and node operations,python scripts/remote_install_node_metrics_timer.py,Remote Install Node Metrics Timer,"As a POKROV operator, I can run `python scripts/remote_install_node_metrics_timer.py` to run the remote install node metrics timer operator workflow.","`python scripts/remote_install_node_metrics_timer.py` should require explicit operator intent and access details, apply only the targeted remote deployment/node change, and expose dry-run or safe failure behavior where the script supports it.",scripts/manifest.yaml active[73]; scripts/remote_install_node_metrics_timer.py; main() present; argparse detected; tests: tests/test_remote_script_gap_batch.py,"Follow POKROV release-gate honesty, app-first/client canon where relevant, explicit operator intent for live changes, and no secret logging or unsupported provider/store/RU-readiness claims.",OPS-SCRIPT-FOCUSED-001: tests/test_remote_script_gap_batch.py,Retest passed,"PASS: OPS-SCRIPT-FOCUSED-001 (314 passed, 6 warnings).",,No code fix required in this pass.,Retest passed,"Live execution requires SSH/host access; local automated tests cover only safe composition, parsing, or dry-run behavior when present.",Keep mapped test refs current when script behavior changes.,2026-06-27
OPS-SCRIPT-074,Scripts and Ops,generated from scripts/manifest.yaml,OPS-SCRIPT-074,Remote deploy and node operations,python scripts/remote_install_node_observer.py,Remote Install Node Observer,"As a POKROV operator, I can run `python scripts/remote_install_node_observer.py` to run the remote install node observer operator workflow.","`python scripts/remote_install_node_observer.py` should require explicit operator intent and access details, apply only the targeted remote deployment/node change, and expose dry-run or safe failure behavior where the script supports it.",scripts/manifest.yaml active[74]; scripts/remote_install_node_observer.py; main() present; argparse detected; tests: tests/test_remote_script_gap_batch.py,"Follow POKROV release-gate honesty, app-first/client canon where relevant, explicit operator intent for live changes, and no secret logging or unsupported provider/store/RU-readiness claims.",OPS-SCRIPT-FOCUSED-001: tests/test_remote_script_gap_batch.py,Retest passed,"PASS: OPS-SCRIPT-FOCUSED-001 (314 passed, 6 warnings).",,No code fix required in this pass.,Retest passed,"Live execution requires SSH/host access; local automated tests cover only safe composition, parsing, or dry-run behavior when present.",Keep mapped test refs current when script behavior changes.,2026-06-27
OPS-SCRIPT-075,Scripts and Ops,generated from scripts/manifest.yaml,OPS-SCRIPT-075,Remote deploy and node operations,python scripts/remote_install_xui_service.py,Remote Install Xui Service,"As a POKROV operator, I can run `python scripts/remote_install_xui_service.py` to run the remote install xui service operator workflow.","`python scripts/remote_install_xui_service.py` should require explicit operator intent and access details, apply only the targeted remote deployment/node change, and expose dry-run or safe failure behavior where the script supports it.",scripts/manifest.yaml active[75]; scripts/remote_install_xui_service.py; main() present; argparse detected; tests: tests/test_remote_script_gap_batch.py,"Follow POKROV release-gate honesty, app-first/client canon where relevant, explicit operator intent for live changes, and no secret logging or unsupported provider/store/RU-readiness claims.",OPS-SCRIPT-FOCUSED-001: tests/test_remote_script_gap_batch.py,Retest passed,"PASS: OPS-SCRIPT-FOCUSED-001 (314 passed, 6 warnings).",,No code fix required in this pass.,Retest passed,"Live execution requires SSH/host access; local automated tests cover only safe composition, parsing, or dry-run behavior when present.",Keep mapped test refs current when script behavior changes.,2026-06-27
OPS-SCRIPT-076,Scripts and Ops,generated from scripts/manifest.yaml,OPS-SCRIPT-076,Remote diagnostics and maintenance,python scripts/remote_manage_xui.py,Remote Manage Xui,"As a POKROV operator, I can run `python scripts/remote_manage_xui.py` to run the remote manage xui operator workflow.","`python scripts/remote_manage_xui.py` should inspect or maintain the targeted remote host without logging secrets, and should report access failures as blocked rather than implying readiness.",scripts/manifest.yaml active[76]; scripts/remote_manage_xui.py; main() present; argparse detected; tests: tests/test_remote_script_gap_batch.py,"Follow POKROV release-gate honesty, app-first/client canon where relevant, explicit operator intent for live changes, and no secret logging or unsupported provider/store/RU-readiness claims.",OPS-SCRIPT-FOCUSED-001: tests/test_remote_script_gap_batch.py,Retest passed,"PASS: OPS-SCRIPT-FOCUSED-001 (314 passed, 6 warnings).",,No code fix required in this pass.,Retest passed,"Live execution requires SSH/host access; local automated tests cover only safe composition, parsing, or dry-run behavior when present.",Keep mapped test refs current when script behavior changes.,2026-06-27
OPS-SCRIPT-077,Scripts and Ops,generated from scripts/manifest.yaml,OPS-SCRIPT-077,Remote diagnostics and maintenance,python scripts/remote_node_qdisc_smoke.py,Remote Node Qdisc Smoke,"As a POKROV operator, I can run `python scripts/remote_node_qdisc_smoke.py` to run the remote node qdisc smoke operator workflow.","`python scripts/remote_node_qdisc_smoke.py` should inspect or maintain the targeted remote host without logging secrets, and should report access failures as blocked rather than implying readiness.",scripts/manifest.yaml active[77]; scripts/remote_node_qdisc_smoke.py; main() present; argparse detected; tests/test_release_orchestrator.py; tests/test_release_orchestrator.py; tests/test_release_orchestrator.py; tests/test_release_orchestrator.py; tests/test_release_orchestrator.py; tests/test_release_orchestrator.py; tests: tests/test_qdisc_scripts.py; tests/test_release_orchestrator.py,"Follow POKROV release-gate honesty, app-first/client canon where relevant, explicit operator intent for live changes, and no secret logging or unsupported provider/store/RU-readiness claims.",OPS-SCRIPT-FOCUSED-001: tests/test_qdisc_scripts.py; tests/test_release_orchestrator.py,Retest passed,"PASS: OPS-SCRIPT-FOCUSED-001 (314 passed, 6 warnings).",,No code fix required in this pass.,Retest passed,"Live execution requires SSH/host access; local automated tests cover only safe composition, parsing, or dry-run behavior when present.",Keep mapped test refs current when script behavior changes.,2026-06-27
OPS-SCRIPT-078,Scripts and Ops,generated from scripts/manifest.yaml,OPS-SCRIPT-078,Remote deploy and node operations,python scripts/remote_prepare_brain_public.py,Remote Prepare Brain Public,"As a POKROV operator, I can run `python scripts/remote_prepare_brain_public.py` to run the remote prepare brain public operator workflow.","`python scripts/remote_prepare_brain_public.py` should require explicit operator intent and access details, apply only the targeted remote deployment/node change, and expose dry-run or safe failure behavior where the script supports it.",scripts/manifest.yaml active[78]; scripts/remote_prepare_brain_public.py; main() present; argparse detected; tests: tests/test_remote_script_gap_batch.py,"Follow POKROV release-gate honesty, app-first/client canon where relevant, explicit operator intent for live changes, and no secret logging or unsupported provider/store/RU-readiness claims.",OPS-SCRIPT-FOCUSED-001: tests/test_remote_script_gap_batch.py,Retest passed,"PASS: OPS-SCRIPT-FOCUSED-001 (314 passed, 6 warnings).",,No code fix required in this pass.,Retest passed,"Live execution requires SSH/host access; local automated tests cover only safe composition, parsing, or dry-run behavior when present.",Keep mapped test refs current when script behavior changes.,2026-06-27
OPS-SCRIPT-079,Scripts and Ops,generated from scripts/manifest.yaml,OPS-SCRIPT-079,Remote deploy and node operations,python scripts/remote_setup_pl_free_8443.py,Remote Setup Pl Free 8443,"As a POKROV operator, I can run `python scripts/remote_setup_pl_free_8443.py` to run the remote setup pl free 8443 operator workflow.","`python scripts/remote_setup_pl_free_8443.py` should require explicit operator intent and access details, apply only the targeted remote deployment/node change, and expose dry-run or safe failure behavior where the script supports it.",scripts/manifest.yaml active[79]; scripts/remote_setup_pl_free_8443.py; main() present; argparse detected; tests: tests/test_remote_script_gap_batch.py,"Follow POKROV release-gate honesty, app-first/client canon where relevant, explicit operator intent for live changes, and no secret logging or unsupported provider/store/RU-readiness claims.",OPS-SCRIPT-FOCUSED-001: tests/test_remote_script_gap_batch.py,Retest passed,"PASS: OPS-SCRIPT-FOCUSED-001 (314 passed, 6 warnings).",,No code fix required in this pass.,Retest passed,"Live execution requires SSH/host access; local automated tests cover only safe composition, parsing, or dry-run behavior when present.",Keep mapped test refs current when script behavior changes.,2026-06-27
OPS-SCRIPT-080,Scripts and Ops,generated from scripts/manifest.yaml,OPS-SCRIPT-080,Remote deploy and node operations,python scripts/remote_start_brain_bot.py,Remote Start Brain Bot,"As a POKROV operator, I can run `python scripts/remote_start_brain_bot.py` to run the remote start brain bot operator workflow.","`python scripts/remote_start_brain_bot.py` should require explicit operator intent and access details, apply only the targeted remote deployment/node change, and expose dry-run or safe failure behavior where the script supports it.",scripts/manifest.yaml active[80]; scripts/remote_start_brain_bot.py; main() present; argparse detected; tests: tests/test_remote_script_gap_batch.py,"Follow POKROV release-gate honesty, app-first/client canon where relevant, explicit operator intent for live changes, and no secret logging or unsupported provider/store/RU-readiness claims.",OPS-SCRIPT-FOCUSED-001: tests/test_remote_script_gap_batch.py,Retest passed,"PASS: OPS-SCRIPT-FOCUSED-001 (314 passed, 6 warnings).",,No code fix required in this pass.,Retest passed,"Live execution requires SSH/host access; local automated tests cover only safe composition, parsing, or dry-run behavior when present.",Keep mapped test refs current when script behavior changes.,2026-06-27
OPS-SCRIPT-081,Scripts and Ops,generated from scripts/manifest.yaml,OPS-SCRIPT-081,Remote diagnostics and maintenance,python scripts/remote_strings_brain_xui.py,Remote Strings Brain Xui,"As a POKROV operator, I can run `python scripts/remote_strings_brain_xui.py` to run the remote strings brain xui operator workflow.","`python scripts/remote_strings_brain_xui.py` should inspect or maintain the targeted remote host without logging secrets, and should report access failures as blocked rather than implying readiness.",scripts/manifest.yaml active[81]; scripts/remote_strings_brain_xui.py; main() present; argparse not detected; tests: tests/test_remote_script_gap_batch.py,"Follow POKROV release-gate honesty, app-first/client canon where relevant, explicit operator intent for live changes, and no secret logging or unsupported provider/store/RU-readiness claims.",OPS-SCRIPT-FOCUSED-001: tests/test_remote_script_gap_batch.py,Retest passed,"PASS: OPS-SCRIPT-FOCUSED-001 (314 passed, 6 warnings).",,No code fix required in this pass.,Retest passed,"Live execution requires SSH/host access; local automated tests cover only safe composition, parsing, or dry-run behavior when present.",Keep mapped test refs current when script behavior changes.,2026-06-27
OPS-SCRIPT-082,Scripts and Ops,generated from scripts/manifest.yaml,OPS-SCRIPT-082,Remote deploy and node operations,python scripts/remote_switch_bot_tokens.py,Remote Switch Bot Tokens,"As a POKROV operator, I can run `python scripts/remote_switch_bot_tokens.py` to run the remote switch bot tokens operator workflow.","`python scripts/remote_switch_bot_tokens.py` should require explicit operator intent and access details, apply only the targeted remote deployment/node change, and expose dry-run or safe failure behavior where the script supports it.",scripts/manifest.yaml active[82]; scripts/remote_switch_bot_tokens.py; main() present; argparse detected; tests: tests/test_remote_switch_bot_tokens.py,"Follow POKROV release-gate honesty, app-first/client canon where relevant, explicit operator intent for live changes, and no secret logging or unsupported provider/store/RU-readiness claims.",OPS-SCRIPT-FOCUSED-001: tests/test_remote_switch_bot_tokens.py,Retest passed,"PASS: OPS-SCRIPT-FOCUSED-001 (314 passed, 6 warnings).",,No code fix required in this pass.,Retest passed,"Live execution requires SSH/host access; local automated tests cover only safe composition, parsing, or dry-run behavior when present.",Keep mapped test refs current when script behavior changes.,2026-06-27
OPS-SCRIPT-083,Scripts and Ops,generated from scripts/manifest.yaml,OPS-SCRIPT-083,Remote diagnostics and maintenance,python scripts/remote_sync_users_to_nodes.py,Remote Sync Users To Nodes,"As a POKROV operator, I can run `python scripts/remote_sync_users_to_nodes.py` to run the remote sync users to nodes operator workflow.","`python scripts/remote_sync_users_to_nodes.py` should inspect or maintain the targeted remote host without logging secrets, and should report access failures as blocked rather than implying readiness.",scripts/manifest.yaml active[83]; scripts/remote_sync_users_to_nodes.py; main() present; argparse detected; tests: tests/test_remote_script_gap_batch.py,"Follow POKROV release-gate honesty, app-first/client canon where relevant, explicit operator intent for live changes, and no secret logging or unsupported provider/store/RU-readiness claims.",OPS-SCRIPT-FOCUSED-001: tests/test_remote_script_gap_batch.py,Retest passed,"PASS: OPS-SCRIPT-FOCUSED-001 (314 passed, 6 warnings).",,No code fix required in this pass.,Retest passed,"Live execution requires SSH/host access; local automated tests cover only safe composition, parsing, or dry-run behavior when present.",Keep mapped test refs current when script behavior changes.,2026-06-27
OPS-SCRIPT-084,Scripts and Ops,generated from scripts/manifest.yaml,OPS-SCRIPT-084,Remote diagnostics and maintenance,python scripts/remote_transport_front_smoke.py,Remote Transport Front Smoke,"As a POKROV operator, I can run `python scripts/remote_transport_front_smoke.py` to run the remote transport front smoke operator workflow.","`python scripts/remote_transport_front_smoke.py` should inspect or maintain the targeted remote host without logging secrets, and should report access failures as blocked rather than implying readiness.",scripts/manifest.yaml active[84]; scripts/remote_transport_front_smoke.py; main() present; argparse detected; tests: tests/test_remote_transport_front_smoke.py,"Follow POKROV release-gate honesty, app-first/client canon where relevant, explicit operator intent for live changes, and no secret logging or unsupported provider/store/RU-readiness claims.",OPS-SCRIPT-FOCUSED-001: tests/test_remote_transport_front_smoke.py,Retest passed,"PASS: OPS-SCRIPT-FOCUSED-001 (314 passed, 6 warnings).",,No code fix required in this pass.,Retest passed,"Live execution requires SSH/host access; local automated tests cover only safe composition, parsing, or dry-run behavior when present.",Keep mapped test refs current when script behavior changes.,2026-06-27
OPS-SCRIPT-085,Scripts and Ops,generated from scripts/manifest.yaml,OPS-SCRIPT-085,Remote diagnostics and maintenance,python scripts/remote_xui_db_tables_brain.py,Remote Xui Db Tables Brain,"As a POKROV operator, I can run `python scripts/remote_xui_db_tables_brain.py` to run the remote xui db tables brain operator workflow.","`python scripts/remote_xui_db_tables_brain.py` should inspect or maintain the targeted remote host without logging secrets, and should report access failures as blocked rather than implying readiness.",scripts/manifest.yaml active[85]; scripts/remote_xui_db_tables_brain.py; main() present; argparse not detected; tests: tests/test_remote_script_gap_batch.py,"Follow POKROV release-gate honesty, app-first/client canon where relevant, explicit operator intent for live changes, and no secret logging or unsupported provider/store/RU-readiness claims.",OPS-SCRIPT-FOCUSED-001: tests/test_remote_script_gap_batch.py,Retest passed,"PASS: OPS-SCRIPT-FOCUSED-001 (314 passed, 6 warnings).",,No code fix required in this pass.,Retest passed,"Live execution requires SSH/host access; local automated tests cover only safe composition, parsing, or dry-run behavior when present.",Keep mapped test refs current when script behavior changes.,2026-06-27
OPS-SCRIPT-086,Scripts and Ops,generated from scripts/manifest.yaml,OPS-SCRIPT-086,Remote diagnostics and maintenance,python scripts/remote_xui_help_brain.py,Remote Xui Help Brain,"As a POKROV operator, I can run `python scripts/remote_xui_help_brain.py` to run the remote xui help brain operator workflow.","`python scripts/remote_xui_help_brain.py` should inspect or maintain the targeted remote host without logging secrets, and should report access failures as blocked rather than implying readiness.",scripts/manifest.yaml active[86]; scripts/remote_xui_help_brain.py; main() present; argparse not detected; tests: tests/test_remote_script_gap_batch.py,"Follow POKROV release-gate honesty, app-first/client canon where relevant, explicit operator intent for live changes, and no secret logging or unsupported provider/store/RU-readiness claims.",OPS-SCRIPT-FOCUSED-001: tests/test_remote_script_gap_batch.py,Retest passed,"PASS: OPS-SCRIPT-FOCUSED-001 (314 passed, 6 warnings).",,No code fix required in this pass.,Retest passed,"Live execution requires SSH/host access; local automated tests cover only safe composition, parsing, or dry-run behavior when present.",Keep mapped test refs current when script behavior changes.,2026-06-27
OPS-SCRIPT-087,Scripts and Ops,generated from scripts/manifest.yaml,OPS-SCRIPT-087,Remote diagnostics and maintenance,python scripts/remote_xui_logs.py,Remote Xui Logs,"As a POKROV operator, I can run `python scripts/remote_xui_logs.py` to run the remote xui logs operator workflow.","`python scripts/remote_xui_logs.py` should inspect or maintain the targeted remote host without logging secrets, and should report access failures as blocked rather than implying readiness.",scripts/manifest.yaml active[87]; scripts/remote_xui_logs.py; main() present; argparse not detected; tests: tests/test_remote_script_gap_batch.py,"Follow POKROV release-gate honesty, app-first/client canon where relevant, explicit operator intent for live changes, and no secret logging or unsupported provider/store/RU-readiness claims.",OPS-SCRIPT-FOCUSED-001: tests/test_remote_script_gap_batch.py,Retest passed,"PASS: OPS-SCRIPT-FOCUSED-001 (314 passed, 6 warnings).",,No code fix required in this pass.,Retest passed,"Live execution requires SSH/host access; local automated tests cover only safe composition, parsing, or dry-run behavior when present.",Keep mapped test refs current when script behavior changes.,2026-06-27
OPS-SCRIPT-088,Scripts and Ops,generated from scripts/manifest.yaml,OPS-SCRIPT-088,Remote diagnostics and maintenance,python scripts/remote_xui_setting_show.py,Remote Xui Setting Show,"As a POKROV operator, I can run `python scripts/remote_xui_setting_show.py` to run the remote xui setting show operator workflow.","`python scripts/remote_xui_setting_show.py` should inspect or maintain the targeted remote host without logging secrets, and should report access failures as blocked rather than implying readiness.",scripts/manifest.yaml active[88]; scripts/remote_xui_setting_show.py; main() present; argparse not detected; tests: tests/test_remote_script_gap_batch.py,"Follow POKROV release-gate honesty, app-first/client canon where relevant, explicit operator intent for live changes, and no secret logging or unsupported provider/store/RU-readiness claims.",OPS-SCRIPT-FOCUSED-001: tests/test_remote_script_gap_batch.py,Retest passed,"PASS: OPS-SCRIPT-FOCUSED-001 (314 passed, 6 warnings).",,No code fix required in this pass.,Retest passed,"Live execution requires SSH/host access; local automated tests cover only safe composition, parsing, or dry-run behavior when present.",Keep mapped test refs current when script behavior changes.,2026-06-27
OPS-SCRIPT-089,Scripts and Ops,generated from scripts/manifest.yaml,OPS-SCRIPT-089,Remote diagnostics and maintenance,python scripts/remote_xui_settings_brain.py,Remote Xui Settings Brain,"As a POKROV operator, I can run `python scripts/remote_xui_settings_brain.py` to run the remote xui settings brain operator workflow.","`python scripts/remote_xui_settings_brain.py` should inspect or maintain the targeted remote host without logging secrets, and should report access failures as blocked rather than implying readiness.",scripts/manifest.yaml active[89]; scripts/remote_xui_settings_brain.py; main() present; argparse not detected; tests: tests/test_remote_script_gap_batch.py,"Follow POKROV release-gate honesty, app-first/client canon where relevant, explicit operator intent for live changes, and no secret logging or unsupported provider/store/RU-readiness claims.",OPS-SCRIPT-FOCUSED-001: tests/test_remote_script_gap_batch.py,Retest passed,"PASS: OPS-SCRIPT-FOCUSED-001 (314 passed, 6 warnings).",,No code fix required in this pass.,Retest passed,"Live execution requires SSH/host access; local automated tests cover only safe composition, parsing, or dry-run behavior when present.",Keep mapped test refs current when script behavior changes.,2026-06-27
OPS-SCRIPT-090,Scripts and Ops,generated from scripts/manifest.yaml,OPS-SCRIPT-090,"Smoke, audit, and diagnostics",python scripts/ru_probe_runner.py,Ru Probe Runner,"As a POKROV operator, I can run `python scripts/ru_probe_runner.py` to run the ru probe runner operator workflow.",`python scripts/ru_probe_runner.py` should produce a bounded local or operator-facing verification result with redacted sensitive data and clear PASS/FAIL/BLOCKED semantics.,scripts/manifest.yaml active[90]; scripts/ru_probe_runner.py; main() present; argparse detected; tests: tests/test_ru_probe_runner.py,"Follow POKROV release-gate honesty, app-first/client canon where relevant, explicit operator intent for live changes, and no secret logging or unsupported provider/store/RU-readiness claims.",OPS-SCRIPT-FOCUSED-001: tests/test_ru_probe_runner.py,Retest passed,"PASS: OPS-SCRIPT-FOCUSED-001 (314 passed, 6 warnings).",,No code fix required in this pass.,Retest passed,,Keep mapped test refs current when script behavior changes.,2026-06-27
OPS-SCRIPT-091,Scripts and Ops,generated from scripts/manifest.yaml,OPS-SCRIPT-091,"Smoke, audit, and diagnostics",python scripts/runtime_app_download_smoke.py,Runtime App Download Smoke,"As a POKROV operator, I can run `python scripts/runtime_app_download_smoke.py` to Compatibility wrapper for the runtime client app download smoke gate.",`python scripts/runtime_app_download_smoke.py` should produce a bounded local or operator-facing verification result with redacted sensitive data and clear PASS/FAIL/BLOCKED semantics.,scripts/manifest.yaml active[91]; scripts/runtime_app_download_smoke.py; main() present; argparse not detected; tests/test_public_beta_external_access_preflight.py; tests/test_release_gate_check.py; tests/test_runtime_app_download_smoke.py; tests/test_public_beta_external_access_preflight.py; tests/test_release_gate_check.py; tests/test_runtime_app_download_smoke.py; tests/test_public_beta_external_access_preflight.py; tests/test_release_gate_check.py; tests/test_runtime_app_download_smoke.py; tests/test_public_beta_external_access_preflight.py; tests/test_release_gate_check.py; tests/test_runtime_app_download_smoke.py; tests/test_public_beta_external_access_preflight.py; tests/test_release_gate_check.py; tests/test_runtime_app_download_smoke.py; tests/test_public_beta_external_access_preflight.py; tests/test_release_gate_check.py; tests/test_runtime_app_download_smoke.py; tests: tests/test_brain_runtime_app_download_smoke.py; tests/test_public_beta_external_access_preflight.py; tests/test_release_gate_check.py; tests/test_runtime_app_download_smoke.py,"Follow POKROV release-gate honesty, app-first/client canon where relevant, explicit operator intent for live changes, and no secret logging or unsupported provider/store/RU-readiness claims.",OPS-SCRIPT-FOCUSED-001: tests/test_brain_runtime_app_download_smoke.py; tests/test_public_beta_external_access_preflight.py; tests/test_release_gate_check.py; tests/test_runtime_app_download_smoke.py,Retest passed,"PASS: OPS-SCRIPT-FOCUSED-001 (314 passed, 6 warnings).",,No code fix required in this pass.,Retest passed,,Keep mapped test refs current when script behavior changes.,2026-06-27
OPS-SCRIPT-092,Scripts and Ops,generated from scripts/manifest.yaml,OPS-SCRIPT-092,Node and control-plane operations,python scripts/seed_nodes_from_facts.py,Seed Nodes From Facts,"As a POKROV operator, I can run `python scripts/seed_nodes_from_facts.py` to run the seed nodes from facts operator workflow.","`python scripts/seed_nodes_from_facts.py` should read repo/canon node inputs, validate control-plane assumptions, and avoid changing node pools or routing policy outside the documented POKROV access model.",scripts/manifest.yaml active[92]; scripts/seed_nodes_from_facts.py; main() present; argparse detected; tests: tests/test_ops_script_gap_batch.py,"Follow POKROV release-gate honesty, app-first/client canon where relevant, explicit operator intent for live changes, and no secret logging or unsupported provider/store/RU-readiness claims.",OPS-SCRIPT-FOCUSED-001: tests/test_ops_script_gap_batch.py,Retest passed,"PASS: OPS-SCRIPT-FOCUSED-001 (314 passed, 6 warnings).",,No code fix required in this pass.,Retest passed,,Keep mapped test refs current when script behavior changes.,2026-06-27
OPS-SCRIPT-093,Scripts and Ops,generated from scripts/manifest.yaml,OPS-SCRIPT-093,"Smoke, audit, and diagnostics",python scripts/smoke_client_apps.py,Smoke Client Apps,"As a POKROV operator, I can run `python scripts/smoke_client_apps.py` to Smoke check for client app links exposed by /api/client/apps.",`python scripts/smoke_client_apps.py` should produce a bounded local or operator-facing verification result with redacted sensitive data and clear PASS/FAIL/BLOCKED semantics.,scripts/manifest.yaml active[93]; scripts/smoke_client_apps.py; main() present; argparse detected; tests/test_smoke_client_apps.py; tests/test_smoke_client_apps.py; tests/test_smoke_client_apps.py; tests/test_smoke_client_apps.py; tests/test_smoke_client_apps.py; tests/test_smoke_client_apps.py; tests: tests/test_release_gate_check.py; tests/test_smoke_client_apps.py,"Follow POKROV release-gate honesty, app-first/client canon where relevant, explicit operator intent for live changes, and no secret logging or unsupported provider/store/RU-readiness claims.",OPS-SCRIPT-FOCUSED-001: tests/test_release_gate_check.py; tests/test_smoke_client_apps.py,Retest passed,"PASS: OPS-SCRIPT-FOCUSED-001 (314 passed, 6 warnings).",,No code fix required in this pass.,Retest passed,,Keep mapped test refs current when script behavior changes.,2026-06-27
OPS-SCRIPT-094,Scripts and Ops,generated from scripts/manifest.yaml,OPS-SCRIPT-094,"Data, migration, and cleanup",python scripts/sync_shared_surface_facts.py,Sync Shared Surface Facts,"As a POKROV operator, I can run `python scripts/sync_shared_surface_facts.py` to run the sync shared surface facts operator workflow.","`python scripts/sync_shared_surface_facts.py` should preserve data safety, require explicit apply/destination intent for destructive changes, and leave rollback/audit evidence where applicable.",scripts/manifest.yaml active[94]; scripts/sync_shared_surface_facts.py; main() present; argparse detected; tests: tests/test_shared_surface_facts.py,"Follow POKROV release-gate honesty, app-first/client canon where relevant, explicit operator intent for live changes, and no secret logging or unsupported provider/store/RU-readiness claims.",OPS-SCRIPT-FOCUSED-001: tests/test_shared_surface_facts.py,Retest passed,"PASS: OPS-SCRIPT-FOCUSED-001 (314 passed, 6 warnings).",,No code fix required in this pass.,Retest passed,,Keep mapped test refs current when script behavior changes.,2026-06-27
OPS-SCRIPT-095,Scripts and Ops,generated from scripts/manifest.yaml,OPS-SCRIPT-095,"Smoke, audit, and diagnostics",python scripts/ui_visual_smoke.py,Ui Visual Smoke,"As a POKROV operator, I can run `python scripts/ui_visual_smoke.py` to run the ui visual smoke operator workflow.",`python scripts/ui_visual_smoke.py` should produce a bounded local or operator-facing verification result with redacted sensitive data and clear PASS/FAIL/BLOCKED semantics.,scripts/manifest.yaml active[95]; scripts/ui_visual_smoke.py; main() present; argparse detected; tests: tests/test_ui_visual_smoke.py,"Follow POKROV release-gate honesty, app-first/client canon where relevant, explicit operator intent for live changes, and no secret logging or unsupported provider/store/RU-readiness claims.",OPS-SCRIPT-FOCUSED-001: tests/test_ui_visual_smoke.py,Retest passed,"PASS: OPS-SCRIPT-FOCUSED-001 (314 passed, 6 warnings).",,No code fix required in this pass.,Retest passed,,Keep mapped test refs current when script behavior changes.,2026-06-27
OPS-SCRIPT-096,Scripts and Ops,generated from scripts/manifest.yaml,OPS-SCRIPT-096,"Smoke, audit, and diagnostics",python scripts/verify_brain_ready.py,Verify Brain Ready,"As a POKROV operator, I can run `python scripts/verify_brain_ready.py` to run the verify brain ready operator workflow.",`python scripts/verify_brain_ready.py` should produce a bounded local or operator-facing verification result with redacted sensitive data and clear PASS/FAIL/BLOCKED semantics.,scripts/manifest.yaml active[96]; scripts/verify_brain_ready.py; main() present; argparse detected; tests/test_verify_brain_ready.py; tests/test_verify_brain_ready.py; tests/test_verify_brain_ready.py; tests/test_verify_brain_ready.py; tests/test_verify_brain_ready.py; tests/test_verify_brain_ready.py; tests: tests/test_public_beta_launch_decision.py; tests/test_verify_brain_ready.py,"Follow POKROV release-gate honesty, app-first/client canon where relevant, explicit operator intent for live changes, and no secret logging or unsupported provider/store/RU-readiness claims.",OPS-SCRIPT-FOCUSED-001: tests/test_public_beta_launch_decision.py; tests/test_verify_brain_ready.py,Retest passed,"PASS: OPS-SCRIPT-FOCUSED-001 (314 passed, 6 warnings).",,No code fix required in this pass.,Retest passed,,Keep mapped test refs current when script behavior changes.,2026-06-27
OPS-SCRIPT-097,Scripts and Ops,generated from scripts/manifest.yaml,OPS-SCRIPT-097,"Data, migration, and cleanup",python scripts/generate_code_function_inventory.py,Generate Code Function Inventory,"As a POKROV operator, I can run `python scripts/generate_code_function_inventory.py` to regenerate the low-level code function inventory.","`python scripts/generate_code_function_inventory.py` should produce a bounded CSV inventory of active source symbols across the root repo and active POKROV-app client lane, with parse errors visible and generated/test/build artifacts excluded.",scripts/manifest.yaml active[97]; scripts/generate_code_function_inventory.py; main() present; argparse detected; tests: tests/test_code_function_inventory.py,"Follow POKROV release-gate honesty, keep generated inventory diffable, exclude secrets/build artifacts, and do not infer live/provider/device readiness from inventory-only rows.",OPS-SCRIPT-FOCUSED-001: tests/test_code_function_inventory.py,Retest passed,"PASS: OPS-SCRIPT-FOCUSED-001 (314 passed, 6 warnings).",,No code fix required in this pass.,Retest passed,,Keep mapped test refs current when script behavior changes.,2026-06-27
OPS-SCRIPT-098,Scripts and Ops,generated from scripts/manifest.yaml,OPS-SCRIPT-098,"Smoke, audit, and diagnostics",python scripts/app_bot_parity_smoke.py,App Bot Parity Smoke,"As a POKROV operator, I can run `python scripts/app_bot_parity_smoke.py` to verify static app/bot/cabinet parity contracts and see which live parity checks remain manual.","`python scripts/app_bot_parity_smoke.py` should produce a bounded PASS/FAIL/MANUAL_OWNER_TEST report for app-first API, client bootstrap, cabinet/support, Telegram bonus, safe redeem, and bot entrypoint parity without logging secrets or claiming live account evidence.",scripts/manifest.yaml active[98]; scripts/app_bot_parity_smoke.py; main() present; argparse detected; tests: tests/test_app_bot_parity_smoke.py,"Follow POKROV app-first/client canon, release-gate honesty, and explicit MANUAL_OWNER_TEST labels for live Telegram/account checks.",OPS-SCRIPT-FOCUSED-001: tests/test_app_bot_parity_smoke.py,Retest passed,"PASS: OPS-SCRIPT-FOCUSED-001 (314 passed, 6 warnings).",,No code fix required in this pass.,Retest passed,Live Telegram/account parity checks remain MANUAL_OWNER_TEST inside the script report.,Keep mapped test refs current when script behavior changes.,2026-06-27
OPS-SCRIPT-099,Scripts and Ops,generated from scripts/manifest.yaml,OPS-SCRIPT-099,"Smoke, audit, and diagnostics",python scripts/audit_story_test_evidence.py,Audit Story Test Evidence,"As a POKROV operator, I can run `python scripts/audit_story_test_evidence.py` to classify every canonical user-story row by the strength of its test evidence.","`python scripts/audit_story_test_evidence.py` should produce a bounded CSV that validates referenced test files, separates direct automated mappings from imported workbook pass evidence, flags manual owner gates, and exposes stale or weak mappings without changing product-status claims.",scripts/manifest.yaml active[99]; scripts/audit_story_test_evidence.py; main() present; argparse detected; tests: tests/test_story_test_evidence_audit.py,Do not infer live/provider/device/RU readiness from local evidence; keep imported workbook pass evidence distinct from direct automated test-file mappings.,OPS-SCRIPT-FOCUSED-001: tests/test_story_test_evidence_audit.py,Retest passed,"PASS: OPS-SCRIPT-FOCUSED-001 (314 passed, 6 warnings).",,No code fix required in this pass.,Retest passed,,Use the evidence audit to map imported story rows to direct scenario tests or explicit manual gates.,2026-06-27
OPS-SCRIPT-100,Scripts and Ops,generated from scripts/manifest.yaml,OPS-SCRIPT-100,Release gates and handoff,python scripts/brain_payment_email_readiness.py,Brain Payment Email Readiness,"As a POKROV operator, I can run `python scripts/brain_payment_email_readiness.py` to build the brain-origin payment and email readiness report.","`python scripts/brain_payment_email_readiness.py` should produce a redacted brain-origin payment/email readiness report for Lava.top checkout and paid-key email delivery, separating configured evidence from access-blocked live checks.",scripts/manifest.yaml active[100]; scripts/brain_payment_email_readiness.py; main() present; argparse detected; tests: tests/test_brain_payment_email_readiness.py,Keep Lava.top/email beta evidence separate from production payment maturity; redact secrets and label live provider checks as blocked/manual when access is unavailable.,OPS-SCRIPT-MANIFEST-002: tests/test_brain_payment_email_readiness.py,Retest passed,PASS: OPS-SCRIPT-MANIFEST-002 (113 passed).,,No code fix required in this pass.,Retest passed,Live brain/provider execution requires SSH/provider access and is not implied by local tests.,Keep mapped test refs current when script behavior changes.,2026-06-27
OPS-SCRIPT-101,Scripts and Ops,generated from scripts/manifest.yaml,OPS-SCRIPT-101,Release gates and handoff,python scripts/brain_runtime_app_download_smoke.py,Brain Runtime App Download Smoke,"As a POKROV operator, I can run `python scripts/brain_runtime_app_download_smoke.py` to run the brain-origin runtime app-download smoke.","`python scripts/brain_runtime_app_download_smoke.py` should check brain-origin runtime app download metadata, release URLs, and Lava.top-only provider policy without claiming current-origin or RU-origin readiness.",scripts/manifest.yaml active[101]; scripts/brain_runtime_app_download_smoke.py; main() present; argparse detected; tests: tests/test_brain_runtime_app_download_smoke.py,Keep public binary delivery on GitHub Releases and distinguish brain-origin checks from owner install/connect and RU-origin gates.,OPS-SCRIPT-MANIFEST-002: tests/test_brain_runtime_app_download_smoke.py,Retest passed,PASS: OPS-SCRIPT-MANIFEST-002 (113 passed).,,No code fix required in this pass.,Retest passed,Live brain-origin execution remains access-gated outside the local test harness.,Keep mapped test refs current when script behavior changes.,2026-06-27
OPS-SCRIPT-102,Scripts and Ops,generated from scripts/manifest.yaml,OPS-SCRIPT-102,"Smoke, audit, and diagnostics",python scripts/brain_telegram_bot_menu_check.py,Brain Telegram Bot Menu Check,"As a POKROV operator, I can run `python scripts/brain_telegram_bot_menu_check.py` to check public Telegram bot command/menu configuration from brain.","`python scripts/brain_telegram_bot_menu_check.py` should verify public command payloads and WebApp menu button configuration for the main Telegram bot, reporting mismatches without logging bot tokens.",scripts/manifest.yaml active[102]; scripts/brain_telegram_bot_menu_check.py; main() present; argparse detected; tests: tests/test_brain_telegram_bot_menu_check.py,Use POKROV public bot/cabinet URLs and never print Telegram tokens or raw auth headers.,OPS-SCRIPT-MANIFEST-002: tests/test_brain_telegram_bot_menu_check.py,Retest passed,PASS: OPS-SCRIPT-MANIFEST-002 (113 passed).,,No code fix required in this pass.,Retest passed,Live Telegram API access remains operator-controlled.,Keep mapped test refs current when script behavior changes.,2026-06-27
OPS-SCRIPT-103,Scripts and Ops,generated from scripts/manifest.yaml,OPS-SCRIPT-103,"Data, migration, and cleanup",python scripts/migrate_sqlite_to_postgres.py,Migrate SQLite To Postgres,"As a POKROV operator, I can run `python scripts/migrate_sqlite_to_postgres.py` to run the one-shot SQLite to PostgreSQL data migration.","`python scripts/migrate_sqlite_to_postgres.py` should copy shared model tables from SQLite into PostgreSQL, fail closed when database URLs are invalid or missing, and optionally truncate the target before migration.",scripts/manifest.yaml active[103]; scripts/migrate_sqlite_to_postgres.py; main() present; argparse detected; tests: tests/test_postgres_operator_scripts.py,Treat migration as owner-approved data-changing work; keep backups and do not infer production cutover success from local validation.,OPS-SCRIPT-MANIFEST-002: tests/test_postgres_operator_scripts.py,Retest passed,PASS: OPS-SCRIPT-MANIFEST-002 (113 passed).,,No code fix required in this pass.,Retest passed,Actual data migration requires explicit owner/operator approval and current backups.,Keep mapped test refs current when script behavior changes.,2026-06-27
OPS-SCRIPT-104,Scripts and Ops,generated from scripts/manifest.yaml,OPS-SCRIPT-104,Release gates and handoff,python scripts/paid_checkout_launch_evidence_check.py,Paid Checkout Launch Evidence Check,"As a POKROV operator, I can run `python scripts/paid_checkout_launch_evidence_check.py` to classify paid-checkout launch evidence.","`python scripts/paid_checkout_launch_evidence_check.py` should classify Lava.top/payment-email launch evidence and report missing live, reconciliation, or provider-readiness requirements without stronger production claims.",scripts/manifest.yaml active[104]; scripts/paid_checkout_launch_evidence_check.py; main() present; argparse detected; tests: tests/test_paid_checkout_launch_evidence_check.py,"Lava.top beta proof is allowed; refund, chargeback, reconciliation, provider-change, and production maturity claims need separate evidence.",OPS-SCRIPT-MANIFEST-002: tests/test_paid_checkout_launch_evidence_check.py,Retest passed,PASS: OPS-SCRIPT-MANIFEST-002 (113 passed).,,No code fix required in this pass.,Retest passed,,Keep mapped test refs current when script behavior changes.,2026-06-27
OPS-SCRIPT-105,Scripts and Ops,generated from scripts/manifest.yaml,OPS-SCRIPT-105,Release gates and handoff,python scripts/payment_email_readiness_smoke.py,Payment Email Readiness Smoke,"As a POKROV operator, I can run `python scripts/payment_email_readiness_smoke.py` to smoke-check payment and email readiness environment.","`python scripts/payment_email_readiness_smoke.py` should validate the local/provider environment requirements for Lava.top paid checkout and email delivery, returning a bounded readiness report.",scripts/manifest.yaml active[105]; scripts/payment_email_readiness_smoke.py; main() present; argparse detected; tests: tests/test_payment_email_readiness_smoke.py,"Do not print provider secrets, SMTP credentials, or unsupported payment readiness claims.",OPS-SCRIPT-MANIFEST-002: tests/test_payment_email_readiness_smoke.py,Retest passed,PASS: OPS-SCRIPT-MANIFEST-002 (113 passed).,,No code fix required in this pass.,Retest passed,,Keep mapped test refs current when script behavior changes.,2026-06-27
OPS-SCRIPT-106,Scripts and Ops,generated from scripts/manifest.yaml,OPS-SCRIPT-106,Release gates and handoff,python scripts/prepare_github_release_plan.py,Prepare Github Release Plan,"As a POKROV operator, I can run `python scripts/prepare_github_release_plan.py` to prepare the GitHub release asset publication plan.","`python scripts/prepare_github_release_plan.py` should validate release artifacts, hashes, handoff metadata, and gh CLI readiness before publication, producing operator commands without uploading by default.",scripts/manifest.yaml active[106]; scripts/prepare_github_release_plan.py; main() present; argparse detected; tests: tests/test_prepare_github_release_plan.py,Keep public binary delivery on GitHub Releases and do not claim signed/trusted/store availability from plan-only output.,OPS-SCRIPT-MANIFEST-002: tests/test_prepare_github_release_plan.py,Retest passed,PASS: OPS-SCRIPT-MANIFEST-002 (113 passed).,,No code fix required in this pass.,Retest passed,,Keep mapped test refs current when script behavior changes.,2026-06-27
OPS-SCRIPT-107,Scripts and Ops,generated from scripts/manifest.yaml,OPS-SCRIPT-107,Release gates and handoff,python scripts/public_beta_external_access_preflight.py,Public Beta External Access Preflight,"As a POKROV operator, I can run `python scripts/public_beta_external_access_preflight.py` to run public beta external access preflight checks.","`python scripts/public_beta_external_access_preflight.py` should classify public beta access gates for app downloads, Lava.top/email readiness, GitHub release access, Android audit evidence, and manual owner checks.",scripts/manifest.yaml active[107]; scripts/public_beta_external_access_preflight.py; main() present; argparse detected; tests: tests/test_public_beta_external_access_preflight.py,"Separate local, brain-origin, current-origin, RU-origin, owner device, provider, and signing/store gates.",OPS-SCRIPT-MANIFEST-002: tests/test_public_beta_external_access_preflight.py,Retest passed,PASS: OPS-SCRIPT-MANIFEST-002 (113 passed).,,No code fix required in this pass.,Retest passed,Owner device/provider/RU-origin checks remain manual or access-blocked unless current evidence exists.,Keep mapped test refs current when script behavior changes.,2026-06-27
OPS-SCRIPT-108,Scripts and Ops,generated from scripts/manifest.yaml,OPS-SCRIPT-108,Release gates and handoff,python scripts/public_beta_launch_decision.py,Public Beta Launch Decision,"As a POKROV operator, I can run `python scripts/public_beta_launch_decision.py` to build the public beta launch decision report.","`python scripts/public_beta_launch_decision.py` should combine release-gate artifacts into a GO/NO-GO beta decision, preserving accepted skips and blocking unsupported stable/store/RU-origin claims.",scripts/manifest.yaml active[108]; scripts/public_beta_launch_decision.py; main() present; argparse detected; tests: tests/test_public_beta_launch_decision.py,Use only current redacted evidence and explicit owner skip labels for gates that require live access or physical devices.,OPS-SCRIPT-MANIFEST-002: tests/test_public_beta_launch_decision.py,Retest passed,PASS: OPS-SCRIPT-MANIFEST-002 (113 passed).,,No code fix required in this pass.,Retest passed,,Keep mapped test refs current when script behavior changes.,2026-06-27
OPS-SCRIPT-109,Scripts and Ops,generated from scripts/manifest.yaml,OPS-SCRIPT-109,Release gates and handoff,python scripts/public_beta_post_deploy_probe.py,Public Beta Post Deploy Probe,"As a POKROV operator, I can run `python scripts/public_beta_post_deploy_probe.py` to probe post-deploy public beta surfaces.","`python scripts/public_beta_post_deploy_probe.py` should probe deployed public beta surfaces, runtime app metadata, payment/email readiness, and release-status payloads while reporting access blockers explicitly.",scripts/manifest.yaml active[109]; scripts/public_beta_post_deploy_probe.py; main() present; argparse detected; tests: tests/test_public_beta_post_deploy_probe.py,"Do not convert post-deploy local/brain checks into stable release, store, trusted signing, physical-device, or RU-origin claims.",OPS-SCRIPT-MANIFEST-002: tests/test_public_beta_post_deploy_probe.py,Retest passed,PASS: OPS-SCRIPT-MANIFEST-002 (113 passed).,,No code fix required in this pass.,Retest passed,Live deployment/provider checks require current deployed environment access.,Keep mapped test refs current when script behavior changes.,2026-06-27
OPS-SCRIPT-110,Scripts and Ops,generated from scripts/manifest.yaml,OPS-SCRIPT-110,Release gates and handoff,python scripts/publish_github_release_assets.py,Publish Github Release Assets,"As a POKROV operator, I can run `python scripts/publish_github_release_assets.py` to publish verified GitHub release assets.","`python scripts/publish_github_release_assets.py` should publish APK/EXE/ZIP/manifest/checksum assets only after local plan and evidence checks pass, using gh CLI/token authentication.",scripts/manifest.yaml active[110]; scripts/publish_github_release_assets.py; main() present; argparse detected; tests: tests/test_publish_github_release_assets.py,"Keep assets on GitHub Releases, do not commit binaries, and do not claim store/trusted signing from GitHub asset publication.",OPS-SCRIPT-MANIFEST-002: tests/test_publish_github_release_assets.py,Retest passed,PASS: OPS-SCRIPT-MANIFEST-002 (113 passed).,,No code fix required in this pass.,Retest passed,Actual publication requires GitHub auth and owner-approved release target.,Keep mapped test refs current when script behavior changes.,2026-06-27
OPS-SCRIPT-111,Scripts and Ops,generated from scripts/manifest.yaml,OPS-SCRIPT-111,Remote deploy and node operations,python scripts/remote_apply_ru_bridge_relay.py,Remote Apply RU Bridge Relay,"As a POKROV operator, I can run `python scripts/remote_apply_ru_bridge_relay.py` to apply or plan the RU bridge relay configuration.","`python scripts/remote_apply_ru_bridge_relay.py` should plan/apply the owner-approved emergency RU bridge relay path, sync active UUIDs, preserve mini Xray Reality config, restrict targets, and update rollout metadata only with explicit apply flags.",scripts/manifest.yaml active[111]; scripts/remote_apply_ru_bridge_relay.py; main() present; argparse detected; tests: tests/test_remote_apply_ru_bridge_relay.py,RU bridge tooling does not prove RU-origin readiness; live apply requires SSH access and explicit operator intent.,OPS-SCRIPT-MANIFEST-002: tests/test_remote_apply_ru_bridge_relay.py,Retest passed,PASS: OPS-SCRIPT-MANIFEST-002 (113 passed).,,No code fix required in this pass.,Retest passed,Live SSH apply is owner/operator controlled; local tests use fake SSH/SFTP.,Keep mapped test refs current when script behavior changes.,2026-06-27
OPS-SCRIPT-112,Scripts and Ops,generated from scripts/manifest.yaml,OPS-SCRIPT-112,Remote diagnostics and maintenance,python scripts/remote_check_postgres.py,Remote Check Postgres,"As a POKROV operator, I can run `python scripts/remote_check_postgres.py` to check PostgreSQL availability on brain.","`python scripts/remote_check_postgres.py` should run read-only brain checks for psql availability, PostgreSQL service status, enablement, and port binding, then close SSH without exposing credentials.",scripts/manifest.yaml active[112]; scripts/remote_check_postgres.py; main() present; argparse detected; tests: tests/test_postgres_operator_scripts.py,Read-only diagnostics only; live SSH access is required and secrets must stay out of output.,OPS-SCRIPT-MANIFEST-002: tests/test_postgres_operator_scripts.py,Retest passed,PASS: OPS-SCRIPT-MANIFEST-002 (113 passed).,,No code fix required in this pass.,Retest passed,Live SSH execution requires current brain access.,Keep mapped test refs current when script behavior changes.,2026-06-27
OPS-SCRIPT-113,Scripts and Ops,generated from scripts/manifest.yaml,OPS-SCRIPT-113,Remote diagnostics and maintenance,python scripts/remote_check_subscription_interval.py,Remote Check Subscription Interval,"As a POKROV operator, I can run `python scripts/remote_check_subscription_interval.py` to check subscription Profile-Update-Interval header from brain.",`python scripts/remote_check_subscription_interval.py` should fetch a sample active subscription token on brain and verify the public subscription response includes the expected Profile-Update-Interval header.,scripts/manifest.yaml active[113]; scripts/remote_check_subscription_interval.py; main() present; argparse detected; tests: tests/test_postgres_operator_scripts.py,"Validate domain input, avoid token disclosure, and keep the check read-only.",OPS-SCRIPT-MANIFEST-002: tests/test_postgres_operator_scripts.py,Retest passed,PASS: OPS-SCRIPT-MANIFEST-002 (113 passed).,,Hardened CLI input handling before classifying this operator script active.,Retest passed,Live SSH execution requires current brain access.,Keep mapped test refs current when script behavior changes.,2026-06-27
OPS-SCRIPT-114,Scripts and Ops,generated from scripts/manifest.yaml,OPS-SCRIPT-114,Manual user and subscription operations,python scripts/remote_inspect_user.py,Remote Inspect User,"As a POKROV operator, I can run `python scripts/remote_inspect_user.py` to inspect a user payment/support state snapshot on brain.","`python scripts/remote_inspect_user.py` should print bounded user, payment-attempt, and event rows for a requested Telegram id using quoted database arguments and closed SSH cleanup.",scripts/manifest.yaml active[114]; scripts/remote_inspect_user.py; main() present; argparse detected; tests: tests/test_postgres_operator_scripts.py,Operator-only diagnostics may expose account state; do not paste raw personal/payment output into public docs or widgets.,OPS-SCRIPT-MANIFEST-002: tests/test_postgres_operator_scripts.py,Retest passed,PASS: OPS-SCRIPT-MANIFEST-002 (113 passed).,,Hardened CLI input handling before classifying this operator script active.,Retest passed,Live SSH execution requires current brain access and a specific owner-approved tg-id.,Keep mapped test refs current when script behavior changes.,2026-06-27
OPS-SCRIPT-115,Scripts and Ops,generated from scripts/manifest.yaml,OPS-SCRIPT-115,Remote deploy and node operations,python scripts/remote_install_portal_worker_service.py,Remote Install Portal Worker Service,"As a POKROV operator, I can run `python scripts/remote_install_portal_worker_service.py` to install and restart portal-worker.service on brain.","`python scripts/remote_install_portal_worker_service.py` should verify remote worker files, write the systemd unit, optionally disable embedded workers, reload systemd, restart portal-worker, and print bounded status.",scripts/manifest.yaml active[115]; scripts/remote_install_portal_worker_service.py; main() present; argparse detected; tests: tests/test_postgres_operator_scripts.py,Live service changes require operator approval; output must not leak SSH secrets.,OPS-SCRIPT-MANIFEST-002: tests/test_postgres_operator_scripts.py,Retest passed,PASS: OPS-SCRIPT-MANIFEST-002 (113 passed).,,No code fix required in this pass.,Retest passed,Live SSH execution changes service state and requires explicit operator approval.,Keep mapped test refs current when script behavior changes.,2026-06-27
OPS-SCRIPT-116,Scripts and Ops,generated from scripts/manifest.yaml,OPS-SCRIPT-116,"Data, migration, and cleanup",python scripts/remote_postgres_cutover.py,Remote Postgres Cutover,"As a POKROV operator, I can run `python scripts/remote_postgres_cutover.py` to perform remote PostgreSQL cutover on brain.","`python scripts/remote_postgres_cutover.py` should install PostgreSQL, provision a bounded role/database, upload migration tooling, back up SQLite/env files, migrate data, update DATABASE_URL values, restart services, and mask generated DB passwords in output.",scripts/manifest.yaml active[116]; scripts/remote_postgres_cutover.py; main() present; argparse detected; tests: tests/test_postgres_operator_scripts.py,"Data-changing remote cutover requires backups, explicit owner approval, identifier validation, and no secret leakage in logs.",OPS-SCRIPT-MANIFEST-002: tests/test_postgres_operator_scripts.py,Retest passed,PASS: OPS-SCRIPT-MANIFEST-002 (113 passed).,,Hardened CLI input handling before classifying this operator script active.,Retest passed,Live execution changes database and services; local tests use fake SSH/SFTP only.,Keep mapped test refs current when script behavior changes.,2026-06-27
OPS-SCRIPT-117,Scripts and Ops,generated from scripts/manifest.yaml,OPS-SCRIPT-117,Manual user and subscription operations,python scripts/remote_reconcile_payment.py,Remote Reconcile Payment,"As a POKROV operator, I can run `python scripts/remote_reconcile_payment.py` to manually reconcile a missing paid purchase.","`python scripts/remote_reconcile_payment.py` should mark a matching payment attempt paid, update user payment flags, add a reconciliation event, verify state, and reject unsafe plan-code input before SSH.",scripts/manifest.yaml active[117]; scripts/remote_reconcile_payment.py; main() present; argparse detected; tests: tests/test_postgres_operator_scripts.py,Manual reconciliation is production-sensitive; require owner-approved tg-id/order context and keep SQL inputs bounded.,OPS-SCRIPT-MANIFEST-002: tests/test_postgres_operator_scripts.py,Retest passed,PASS: OPS-SCRIPT-MANIFEST-002 (113 passed).,,Hardened CLI input handling before classifying this operator script active.,Retest passed,Live execution changes payment/account state and requires explicit owner approval.,Keep mapped test refs current when script behavior changes.,2026-06-27
OPS-SCRIPT-118,Scripts and Ops,generated from scripts/manifest.yaml,OPS-SCRIPT-118,"Smoke, audit, and diagnostics",python scripts/text_integrity.py,Text Integrity,"As a POKROV operator, I can run `python scripts/text_integrity.py` to scan active text files for mojibake.",`python scripts/text_integrity.py` should scan active frontend/shared/copy/design text roots for likely mojibake while ignoring archives and generated/build folders.,scripts/manifest.yaml active[118]; scripts/text_integrity.py; main() present; argparse detected; tests: tests/test_frontend_text_integrity.py,Do not block retained archive evidence; use this as an active-surface text quality guard.,OPS-SCRIPT-MANIFEST-002: tests/test_frontend_text_integrity.py,Retest passed,PASS: OPS-SCRIPT-MANIFEST-002 (113 passed).,,No code fix required in this pass.,Retest passed,,Keep mapped test refs current when script behavior changes.,2026-06-27
OPS-SCRIPT-119,Scripts and Ops,generated from scripts/manifest.yaml,OPS-SCRIPT-119,Release gates and handoff,python scripts/validate_android_physical_audit_evidence.py,Validate Android Physical Audit Evidence,"As a POKROV operator, I can run `python scripts/validate_android_physical_audit_evidence.py` to validate Android physical audit evidence payloads.","`python scripts/validate_android_physical_audit_evidence.py` should validate operator-supplied Android physical-device audit JSON evidence, rejecting emulator/incomplete payloads and preserving manual gate honesty.",scripts/manifest.yaml active[119]; scripts/validate_android_physical_audit_evidence.py; main() present; argparse detected; tests: tests/test_validate_android_physical_audit_evidence.py,Physical-device audit proof remains owner/manual unless current raw evidence is attached; do not infer app-store or trusted-signing readiness.,OPS-SCRIPT-MANIFEST-002: tests/test_validate_android_physical_audit_evidence.py,Retest passed,PASS: OPS-SCRIPT-MANIFEST-002 (113 passed).,,No code fix required in this pass.,Retest passed,Actual physical-device evidence collection remains an owner/operator test.,Keep mapped test refs current when script behavior changes.,2026-06-27
OPS-SCRIPT-120,Scripts and Ops,generated from scripts/manifest.yaml,OPS-SCRIPT-120,"Smoke, audit, and diagnostics",python scripts/generate_private_helper_coverage.py,Generate Private Helper Coverage,"As a POKROV operator, I can run `python scripts/generate_private_helper_coverage.py` to regenerate the private-helper coverage matrix for Q-001.","`python scripts/generate_private_helper_coverage.py` should read the canonical code inventory and symbol coverage audit, then write bounded CSV/Markdown private-helper coverage artifacts without changing product runtime state.",scripts/manifest.yaml active[120]; scripts/generate_private_helper_coverage.py; main() present; argparse detected; tests: tests/test_code_function_inventory.py,Do not claim one-test-per-private-helper coverage from the generated matrix; Q-001 still requires owner policy selection before completion.,PRIVATE-HELPER-COVERAGE-001: tests/test_code_function_inventory.py,Retest passed,PASS: PRIVATE-HELPER-COVERAGE-001 (3 passed).,,No code fix required in this pass.,Retest passed,,Keep mapped test refs current when private-helper coverage generation changes.,2026-06-27
OPS-SCRIPT-121,Scripts and Ops,generated from scripts/manifest.yaml,OPS-SCRIPT-121,"Smoke, audit, and diagnostics",python scripts/generate_defect_fix_retest_ledger.py,Generate Defect Fix Retest Ledger,"As a POKROV operator, I can run `python scripts/generate_defect_fix_retest_ledger.py` to regenerate the defect/fix/retest ledger.","`python scripts/generate_defect_fix_retest_ledger.py` should read the canonical tracker and story evidence audit, then write bounded CSV/Markdown defect/fix/retest artifacts without changing product runtime state.",scripts/manifest.yaml active[121]; scripts/generate_defect_fix_retest_ledger.py; main() present; argparse detected; tests: tests/test_story_test_evidence_audit.py,Do not claim owner-gated checks passed from this ledger; it only summarizes local documented defect rows and retest proof.,DEFECT-FIX-RETEST-LEDGER-001: tests/test_story_test_evidence_audit.py,Retest passed,PASS: DEFECT-FIX-RETEST-LEDGER-001 (targeted guards passed).,,No code fix required in this pass.,Retest passed,,Keep mapped test refs current when defect ledger generation changes.,2026-06-27
OPS-SCRIPT-122,Scripts and Ops,generated from scripts/manifest.yaml,OPS-SCRIPT-122,Manual user and subscription operations,python scripts/remote_audit_inactive_users.py,Remote Audit Inactive Users,"As a POKROV operator, I can run `python scripts/remote_audit_inactive_users.py` to inspect inactive/expired/blocked users by origin before cleanup.","`python scripts/remote_audit_inactive_users.py` should run a bounded read-only psql JSON query over SSH, quote database names safely, print candidate totals and samples, and make no destructive changes.",scripts/manifest.yaml active[64]; scripts/remote_audit_inactive_users.py; main() present; argparse detected; tests: tests/test_postgres_operator_scripts.py,Live SSH execution reads production user state and requires owner-approved operator context; do not turn audit output into deletion proof.,OWNER-Q004-ANSWERS-001: tests/test_postgres_operator_scripts.py,Retest passed,PASS: OWNER-Q004-ANSWERS-001 targeted/focused guards passed.,,No code fix required in this pass.,Retest passed,Live SSH execution reads production user state and requires owner-approved operator context.,Keep mapped test refs current when inactive-user audit behavior changes.,2026-06-28
OPS-SCRIPT-123,Scripts and Ops,generated from scripts/manifest.yaml,OPS-SCRIPT-123,Manual user and subscription operations,python scripts/remote_cleanup_inactive_users.py,Remote Cleanup Inactive Users,"As a POKROV operator, I can run `python scripts/remote_cleanup_inactive_users.py` to dry-run and then explicitly confirm cleanup of inactive users on brain.","`python scripts/remote_cleanup_inactive_users.py` should keep dry-run non-destructive, require the confirmation phrase before `--apply`, create a backup before purge, load panel env before DB imports, and purge only bounded candidate users.",scripts/manifest.yaml active[66]; scripts/remote_cleanup_inactive_users.py; main() present; argparse detected; tests: tests/test_postgres_operator_scripts.py,Live SSH execution can delete production users and requires owner approval plus confirmation phrase; do not run apply mode during local audit.,OWNER-Q004-ANSWERS-001: tests/test_postgres_operator_scripts.py,Retest passed,PASS: OWNER-Q004-ANSWERS-001 targeted/focused guards passed.,,No code fix required in this pass.,Retest passed,Live SSH execution can delete production users and requires owner approval plus confirmation phrase.,Keep mapped test refs current when inactive-user cleanup behavior changes.,2026-06-28
