entry_id,entry_type,subsystem,trigger_or_path,handler_or_component,code_evidence,coverage_tier,story_or_route_ref_count,story_or_route_refs,test_ref_count,test_refs,evidence_basis,next_action,updated_at
API-001,fastapi_route,Backend API,GET /api/health,health,portal_bot/api.py:5309,direct_route_test_ref,1,BACKEND-API-001,2,C:\Users\kiwun\Documents\ai\POKROV-app\packages\app_shell\test\app_first_runtime_bootstrap_test.dart; tests\test_remote_deploy_brain_static_sites.py,FastAPI route maps to backend route coverage with direct test refs.,Keep route coverage current when endpoint behavior changes.,2026-07-05
API-002,fastapi_route,Backend API,POST /api/internal/observer/batches,api_internal_observer_batches,portal_bot/api.py:5314,direct_route_test_ref,1,BACKEND-API-002,2,tests\test_collect_xray_observer.py; tests\test_observer_api.py,FastAPI route maps to backend route coverage with direct test refs.,Keep route coverage current when endpoint behavior changes.,2026-07-05
API-003,fastapi_route,Backend API,GET /api/public/plans,public_plans,portal_bot/api.py:5364,direct_route_test_ref,1,BACKEND-API-003,2,tests\test_api_payments_callbacks.py; webapp\e2e\cabinet-flow.spec.ts,FastAPI route maps to backend route coverage with direct test refs.,Keep route coverage current when endpoint behavior changes.,2026-07-05
API-004,fastapi_route,Backend API,GET /api/public/catalog,public_catalog,portal_bot/api.py:5375,direct_route_test_ref,1,BACKEND-API-004,1,tests\test_backend_route_gap_coverage.py,FastAPI route maps to backend route coverage with direct test refs.,Keep route coverage current when endpoint behavior changes.,2026-07-05
API-005,fastapi_route,Backend API,GET /api/public/live-updates,public_live_updates,portal_bot/api.py:5385,direct_route_test_ref,1,BACKEND-API-005,1,tests\test_api_payments_callbacks.py,FastAPI route maps to backend route coverage with direct test refs.,Keep route coverage current when endpoint behavior changes.,2026-07-05
API-006,fastapi_route,Backend API,POST /api/auth/telegram/web-login,auth_telegram_web_login,portal_bot/api.py:5427,direct_route_test_ref,1,BACKEND-API-006,1,tests\test_api_auth_and_tickets.py,FastAPI route maps to backend route coverage with direct test refs.,Keep route coverage current when endpoint behavior changes.,2026-07-05
API-007,fastapi_route,Backend API,GET /api/auth/telegram/oidc/start,auth_telegram_oidc_start,portal_bot/api.py:5474,direct_route_test_ref,1,BACKEND-API-007,2,portal_bot\tests\test_telegram_oidc_auth.py; webapp\e2e\oidc-fallback.spec.ts,FastAPI route maps to backend route coverage with direct test refs.,Keep route coverage current when endpoint behavior changes.,2026-07-05
API-008,fastapi_route,Backend API,POST /api/auth/telegram/oidc/finish,auth_telegram_oidc_finish,portal_bot/api.py:5488,direct_route_test_ref,1,BACKEND-API-008,1,portal_bot\tests\test_telegram_oidc_auth.py,FastAPI route maps to backend route coverage with direct test refs.,Keep route coverage current when endpoint behavior changes.,2026-07-05
API-009,fastapi_route,Backend API,GET /api/auth/email/status,auth_email_status,portal_bot/api.py:5523,direct_route_test_ref,1,BACKEND-API-009,5,portal_bot\tests\test_email_auth.py; tests\test_public_beta_post_deploy_probe.py; webapp\e2e\admin-gate.spec.ts; webapp\e2e\cabinet-flow.spec.ts; webapp\e2e\settings-email-link.spec.ts,FastAPI route maps to backend route coverage with direct test refs.,Keep route coverage current when endpoint behavior changes.,2026-07-05
API-010,fastapi_route,Backend API,POST /api/auth/email/register,auth_email_register,portal_bot/api.py:5528,direct_route_test_ref,1,BACKEND-API-010,2,portal_bot\tests\test_email_auth.py; webapp\e2e\settings-email-link.spec.ts,FastAPI route maps to backend route coverage with direct test refs.,Keep route coverage current when endpoint behavior changes.,2026-07-05
API-011,fastapi_route,Backend API,POST /api/auth/email/verify,auth_email_verify,portal_bot/api.py:5578,direct_route_test_ref,1,BACKEND-API-011,2,portal_bot\tests\test_email_auth.py; webapp\e2e\settings-email-link.spec.ts,FastAPI route maps to backend route coverage with direct test refs.,Keep route coverage current when endpoint behavior changes.,2026-07-05
API-012,fastapi_route,Backend API,POST /api/auth/email/login,auth_email_login,portal_bot/api.py:5620,direct_route_test_ref,1,BACKEND-API-012,2,portal_bot\tests\test_email_auth.py; webapp\e2e\settings-email-link.spec.ts,FastAPI route maps to backend route coverage with direct test refs.,Keep route coverage current when endpoint behavior changes.,2026-07-05
API-013,fastapi_route,Backend API,POST /api/auth/email/recovery/start,auth_email_recovery_start,portal_bot/api.py:5666,direct_route_test_ref,1,BACKEND-API-013,1,portal_bot\tests\test_email_auth.py,FastAPI route maps to backend route coverage with direct test refs.,Keep route coverage current when endpoint behavior changes.,2026-07-05
API-014,fastapi_route,Backend API,POST /api/auth/email/recovery/finish,auth_email_recovery_finish,portal_bot/api.py:5702,direct_route_test_ref,1,BACKEND-API-014,1,portal_bot\tests\test_email_auth.py,FastAPI route maps to backend route coverage with direct test refs.,Keep route coverage current when endpoint behavior changes.,2026-07-05
API-015,fastapi_route,Backend API,GET /api/auth/session,auth_session,portal_bot/api.py:5750,direct_route_test_ref,1,BACKEND-API-015,7,portal_bot\tests\test_app_first_api.py; portal_bot\tests\test_email_auth.py; portal_bot\tests\test_telegram_oidc_auth.py; tests\test_api_auth_and_tickets.py; tests\test_api_lifecycle_smoke.py; webapp\e2e\cabinet-flow.spec.ts; webapp\e2e\settings-email-link.spec.ts,FastAPI route maps to backend route coverage with direct test refs.,Keep route coverage current when endpoint behavior changes.,2026-07-05
API-016,fastapi_route,Backend API,POST /api/client/session/start-trial,client_start_trial,portal_bot/api.py:5805,direct_route_test_ref,1,BACKEND-API-016,8,C:\Users\kiwun\Documents\ai\POKROV-app\packages\app_shell\test\app_first_runtime_bootstrap_test.dart; portal_bot\tests\test_app_first_api.py; portal_bot\tests\test_email_auth.py; tests\test_api_lifecycle_smoke.py; tests\test_api_p0_extensions.py; tests\test_client_ui_api_additions.py; tests\test_network_rollout_api.py; tests\test_smart_connect_api.py,FastAPI route maps to backend route coverage with direct test refs.,Keep route coverage current when endpoint behavior changes.,2026-07-05
API-017,fastapi_route,Backend API,GET /api/client/route-policy,client_route_policy,portal_bot/api.py:5929,direct_route_test_ref,1,BACKEND-API-017,2,C:\Users\kiwun\Documents\ai\POKROV-app\packages\app_shell\test\app_first_runtime_bootstrap_test.dart; portal_bot\tests\test_app_first_api.py,FastAPI route maps to backend route coverage with direct test refs.,Keep route coverage current when endpoint behavior changes.,2026-07-05
API-018,fastapi_route,Backend API,POST /api/client/route-policy,client_update_route_policy,portal_bot/api.py:5946,direct_route_test_ref,1,BACKEND-API-018,2,C:\Users\kiwun\Documents\ai\POKROV-app\packages\app_shell\test\app_first_runtime_bootstrap_test.dart; portal_bot\tests\test_app_first_api.py,FastAPI route maps to backend route coverage with direct test refs.,Keep route coverage current when endpoint behavior changes.,2026-07-05
API-019,fastapi_route,Backend API,GET /api/client/locations,client_locations_catalog,portal_bot/api.py:6372,direct_route_test_ref,1,BACKEND-API-019,2,C:\Users\kiwun\Documents\ai\POKROV-app\packages\app_shell\test\app_first_runtime_bootstrap_test.dart; tests\test_client_ui_api_additions.py,FastAPI route maps to backend route coverage with direct test refs.,Keep route coverage current when endpoint behavior changes.,2026-07-05
API-020,fastapi_route,Backend API,GET /api/client/subscription,client_subscription,portal_bot/api.py:6468,direct_route_test_ref,1,BACKEND-API-020,2,C:\Users\kiwun\Documents\ai\POKROV-app\packages\app_shell\test\app_first_runtime_bootstrap_test.dart; tests\test_client_ui_api_additions.py,FastAPI route maps to backend route coverage with direct test refs.,Keep route coverage current when endpoint behavior changes.,2026-07-05
API-021,fastapi_route,Backend API,GET /api/client/devices,client_devices,portal_bot/api.py:6496,direct_route_test_ref,1,BACKEND-API-021,2,C:\Users\kiwun\Documents\ai\POKROV-app\packages\app_shell\test\app_first_runtime_bootstrap_test.dart; tests\test_client_ui_api_additions.py,FastAPI route maps to backend route coverage with direct test refs.,Keep route coverage current when endpoint behavior changes.,2026-07-05
API-022,fastapi_route,Backend API,DELETE /api/client/devices/{device_id},client_device_revoke,portal_bot/api.py:6519,direct_route_test_ref,1,BACKEND-API-022,2,C:\Users\kiwun\Documents\ai\POKROV-app\packages\app_shell\test\app_first_runtime_bootstrap_test.dart; tests\test_client_ui_api_additions.py,FastAPI route maps to backend route coverage with direct test refs.,Keep route coverage current when endpoint behavior changes.,2026-07-05
API-023,fastapi_route,Backend API,GET /api/client/notifications,client_notifications,portal_bot/api.py:6537,direct_route_test_ref,1,BACKEND-API-023,2,C:\Users\kiwun\Documents\ai\POKROV-app\packages\app_shell\test\app_first_runtime_bootstrap_test.dart; tests\test_client_ui_api_additions.py,FastAPI route maps to backend route coverage with direct test refs.,Keep route coverage current when endpoint behavior changes.,2026-07-05
API-024,fastapi_route,Backend API,POST /api/client/notifications/read,client_notifications_read,portal_bot/api.py:6561,direct_route_test_ref,1,BACKEND-API-024,2,C:\Users\kiwun\Documents\ai\POKROV-app\packages\app_shell\test\app_first_runtime_bootstrap_test.dart; tests\test_client_ui_api_additions.py,FastAPI route maps to backend route coverage with direct test refs.,Keep route coverage current when endpoint behavior changes.,2026-07-05
API-025,fastapi_route,Backend API,POST /api/client/push/register,client_push_register,portal_bot/api.py:6586,direct_route_test_ref,1,BACKEND-API-025,2,C:\Users\kiwun\Documents\ai\POKROV-app\packages\app_shell\test\app_first_runtime_bootstrap_test.dart; tests\test_client_ui_api_additions.py,FastAPI route maps to backend route coverage with direct test refs.,Keep route coverage current when endpoint behavior changes.,2026-07-05
API-026,fastapi_route,Backend API,POST /api/client/support/assistant,client_support_assistant,portal_bot/api.py:6616,direct_route_test_ref,1,BACKEND-API-026,2,C:\Users\kiwun\Documents\ai\POKROV-app\packages\app_shell\test\app_first_runtime_bootstrap_test.dart; tests\test_client_ui_api_additions.py,FastAPI route maps to backend route coverage with direct test refs.,Keep route coverage current when endpoint behavior changes.,2026-07-05
API-027,fastapi_route,Backend API,GET /api/client/profile/managed,client_managed_profile,portal_bot/api.py:6678,direct_route_test_ref,1,BACKEND-API-027,4,C:\Users\kiwun\Documents\ai\POKROV-app\packages\app_shell\test\app_first_runtime_bootstrap_test.dart; portal_bot\tests\test_app_first_api.py; tests\test_network_rollout_api.py; tests\test_smart_connect_api.py,FastAPI route maps to backend route coverage with direct test refs.,Keep route coverage current when endpoint behavior changes.,2026-07-05
API-028,fastapi_route,Backend API,GET /api/client/promo-slots,client_promo_slots,portal_bot/api.py:6787,direct_route_test_ref,1,BACKEND-API-028,2,C:\Users\kiwun\Documents\ai\POKROV-app\packages\app_shell\test\app_first_runtime_bootstrap_test.dart; tests\test_api_p0_extensions.py,FastAPI route maps to backend route coverage with direct test refs.,Keep route coverage current when endpoint behavior changes.,2026-07-05
API-029,fastapi_route,Backend API,POST /api/client/nodes/latency-samples,client_nodes_latency_samples,portal_bot/api.py:6815,direct_route_test_ref,1,BACKEND-API-029,2,C:\Users\kiwun\Documents\ai\POKROV-app\packages\app_shell\test\app_first_runtime_bootstrap_test.dart; tests\test_smart_connect_api.py,FastAPI route maps to backend route coverage with direct test refs.,Keep route coverage current when endpoint behavior changes.,2026-07-05
API-030,fastapi_route,Backend API,GET /api/client/warp/status,client_warp_status,portal_bot/api.py:7002,direct_route_test_ref,1,BACKEND-API-030,2,C:\Users\kiwun\Documents\ai\POKROV-app\packages\app_shell\test\app_first_runtime_bootstrap_test.dart; tests\test_network_rollout_api.py,FastAPI route maps to backend route coverage with direct test refs.,Keep route coverage current when endpoint behavior changes.,2026-07-05
API-031,fastapi_route,Backend API,POST /api/client/warp/consent,client_warp_consent,portal_bot/api.py:7011,direct_route_test_ref,1,BACKEND-API-031,2,C:\Users\kiwun\Documents\ai\POKROV-app\packages\app_shell\test\app_first_runtime_bootstrap_test.dart; tests\test_network_rollout_api.py,FastAPI route maps to backend route coverage with direct test refs.,Keep route coverage current when endpoint behavior changes.,2026-07-05
API-032,fastapi_route,Backend API,POST /api/client/warp/revoke,client_warp_revoke,portal_bot/api.py:7052,direct_route_test_ref,1,BACKEND-API-032,1,tests\test_network_rollout_api.py,FastAPI route maps to backend route coverage with direct test refs.,Keep route coverage current when endpoint behavior changes.,2026-07-05
API-033,fastapi_route,Backend API,POST /api/client/warp/rotate,client_warp_rotate,portal_bot/api.py:7079,direct_route_test_ref,1,BACKEND-API-033,1,tests\test_network_rollout_api.py,FastAPI route maps to backend route coverage with direct test refs.,Keep route coverage current when endpoint behavior changes.,2026-07-05
API-034,fastapi_route,Backend API,POST /api/client/warp/events,client_warp_events,portal_bot/api.py:7136,direct_route_test_ref,1,BACKEND-API-034,2,C:\Users\kiwun\Documents\ai\POKROV-app\packages\app_shell\test\app_first_runtime_bootstrap_test.dart; tests\test_network_rollout_api.py,FastAPI route maps to backend route coverage with direct test refs.,Keep route coverage current when endpoint behavior changes.,2026-07-05
API-035,fastapi_route,Backend API,POST /api/client/telegram/link,client_telegram_link_start,portal_bot/api.py:7165,direct_route_test_ref,1,BACKEND-API-035,3,C:\Users\kiwun\Documents\ai\POKROV-app\packages\app_shell\test\app_first_runtime_bootstrap_test.dart; portal_bot\tests\test_app_first_api.py; webapp\e2e\settings-email-link.spec.ts,FastAPI route maps to backend route coverage with direct test refs.,Keep route coverage current when endpoint behavior changes.,2026-07-05
API-036,fastapi_route,Backend API,GET /api/payments/providers,rub_payment_providers,portal_bot/api.py:7519,direct_route_test_ref,1,BACKEND-API-036,5,tests\test_api_payments_callbacks.py; tests\test_public_beta_post_deploy_probe.py; tests\test_ui_visual_smoke.py; webapp\e2e\admin-gate.spec.ts; webapp\e2e\cabinet-flow.spec.ts,FastAPI route maps to backend route coverage with direct test refs.,Keep route coverage current when endpoint behavior changes.,2026-07-05
API-037,fastapi_route,Backend API,POST /api/payments/orders/create,rub_order_create,portal_bot/api.py:7524,direct_route_test_ref,1,BACKEND-API-037,1,tests\test_api_payments_callbacks.py,FastAPI route maps to backend route coverage with direct test refs.,Keep route coverage current when endpoint behavior changes.,2026-07-05
API-038,fastapi_route,Backend API,POST /api/payments/orders/create-public,rub_order_create_public,portal_bot/api.py:7554,direct_route_test_ref,1,BACKEND-API-038,1,tests\test_api_payments_callbacks.py,FastAPI route maps to backend route coverage with direct test refs.,Keep route coverage current when endpoint behavior changes.,2026-07-05
API-039,fastapi_route,Backend API,POST /api/payments/freekassa/orders/create,freekassa_order_create,portal_bot/api.py:7605,direct_route_test_ref,1,BACKEND-API-039,3,tests\test_api_lifecycle_smoke.py; tests\test_api_payments_callbacks.py; tests\test_freekassa_staging_smoke.py,FastAPI route maps to backend route coverage with direct test refs.,Keep route coverage current when endpoint behavior changes.,2026-07-05
API-040,fastapi_route,Backend API,POST /api/payments/freekassa/orders/create-public,freekassa_order_create_public,portal_bot/api.py:7624,direct_route_test_ref,1,BACKEND-API-040,3,tests\test_api_lifecycle_smoke.py; tests\test_api_payments_callbacks.py; tests\test_freekassa_staging_smoke.py,FastAPI route maps to backend route coverage with direct test refs.,Keep route coverage current when endpoint behavior changes.,2026-07-05
API-041,fastapi_route,Backend API,GET /api/payments/freekassa/orders/{order_id},freekassa_order_get,portal_bot/api.py:7639,direct_route_test_ref,1,BACKEND-API-041,3,tests\test_api_lifecycle_smoke.py; tests\test_api_payments_callbacks.py; tests\test_freekassa_staging_smoke.py,FastAPI route maps to backend route coverage with direct test refs.,Keep route coverage current when endpoint behavior changes.,2026-07-05
API-042,fastapi_route,Backend API,POST /api/payments/freekassa/orders/{order_id}/refund,freekassa_order_refund,portal_bot/api.py:7666,direct_route_test_ref,1,BACKEND-API-042,3,tests\test_api_lifecycle_smoke.py; tests\test_api_payments_callbacks.py; tests\test_freekassa_staging_smoke.py,FastAPI route maps to backend route coverage with direct test refs.,Keep route coverage current when endpoint behavior changes.,2026-07-05
API-043,fastapi_route,Backend API,GET /api/payments/freekassa/currencies,freekassa_currencies,portal_bot/api.py:7690,direct_route_test_ref,1,BACKEND-API-043,1,tests\test_api_payments_callbacks.py,FastAPI route maps to backend route coverage with direct test refs.,Keep route coverage current when endpoint behavior changes.,2026-07-05
API-044,fastapi_route,Backend API,GET /api/payments/freekassa/currencies/{currency}/status,freekassa_currency_status,portal_bot/api.py:7701,direct_route_test_ref,1,BACKEND-API-044,1,tests\test_api_payments_callbacks.py,FastAPI route maps to backend route coverage with direct test refs.,Keep route coverage current when endpoint behavior changes.,2026-07-05
API-045,fastapi_route,Backend API,GET /api/admin/metrics/status,admin_metrics_status,portal_bot/api.py:7979,direct_route_test_ref,1,BACKEND-API-045,3,tests\test_api_auth_and_tickets.py; tests\test_api_p0_extensions.py; webapp\e2e\admin-gate.spec.ts,FastAPI route maps to backend route coverage with direct test refs.,Keep route coverage current when endpoint behavior changes.,2026-07-05
API-046,fastapi_route,Backend API,GET /api/admin/funnel/summary,admin_funnel_summary,portal_bot/api.py:7995,direct_route_test_ref,1,BACKEND-API-046,1,tests\test_backend_route_gap_coverage.py,FastAPI route maps to backend route coverage with direct test refs.,Keep route coverage current when endpoint behavior changes.,2026-07-05
API-047,fastapi_route,Backend API,GET /api/admin/nodes/traffic,admin_nodes_traffic,portal_bot/api.py:8250,direct_route_test_ref,1,BACKEND-API-047,2,tests\test_api_auth_and_tickets.py; webapp\e2e\admin-gate.spec.ts,FastAPI route maps to backend route coverage with direct test refs.,Keep route coverage current when endpoint behavior changes.,2026-07-05
API-048,fastapi_route,Backend API,GET /api/admin/metrics/timeseries,admin_metrics_timeseries,portal_bot/api.py:8299,direct_route_test_ref,1,BACKEND-API-048,2,tests\test_api_auth_and_tickets.py; webapp\e2e\admin-gate.spec.ts,FastAPI route maps to backend route coverage with direct test refs.,Keep route coverage current when endpoint behavior changes.,2026-07-05
API-049,fastapi_route,Backend API,GET /api/reviews,featured_reviews,portal_bot/api.py:8404,direct_route_test_ref,1,BACKEND-API-049,3,tests\test_api_p0_extensions.py; tests\test_public_copy_guardrails.py; tests\test_reviews_username_masking.py,FastAPI route maps to backend route coverage with direct test refs.,Keep route coverage current when endpoint behavior changes.,2026-07-05
API-050,fastapi_route,Backend API,GET /api/public/social-proof,public_social_proof,portal_bot/api.py:8430,direct_route_test_ref,1,BACKEND-API-050,1,tests\test_api_p0_extensions.py,FastAPI route maps to backend route coverage with direct test refs.,Keep route coverage current when endpoint behavior changes.,2026-07-05
API-051,fastapi_route,Backend API,POST /api/events,api_track_event,portal_bot/api.py:8454,direct_route_test_ref,1,BACKEND-API-051,2,tests\test_api_auth_and_tickets.py; tests\test_api_p0_extensions.py,FastAPI route maps to backend route coverage with direct test refs.,Keep route coverage current when endpoint behavior changes.,2026-07-05
API-052,fastapi_route,Backend API,POST /api/funnel/events,api_track_funnel_event,portal_bot/api.py:8471,direct_route_test_ref,1,BACKEND-API-052,1,tests\test_backend_route_gap_coverage.py,FastAPI route maps to backend route coverage with direct test refs.,Keep route coverage current when endpoint behavior changes.,2026-07-05
API-053,fastapi_route,Backend API,POST /api/connect/confirm,api_connect_confirm,portal_bot/api.py:8517,direct_route_test_ref,1,BACKEND-API-053,1,tests\test_backend_route_gap_coverage.py,FastAPI route maps to backend route coverage with direct test refs.,Keep route coverage current when endpoint behavior changes.,2026-07-05
API-054,fastapi_route,Backend API,POST /api/pay/attempts/start,api_pay_attempt_start,portal_bot/api.py:8525,direct_route_test_ref,1,BACKEND-API-054,1,tests\test_api_p0_extensions.py,FastAPI route maps to backend route coverage with direct test refs.,Keep route coverage current when endpoint behavior changes.,2026-07-05
API-055,fastapi_route,Backend API,GET /api/offers/active,api_active_offer,portal_bot/api.py:8553,direct_route_test_ref,1,BACKEND-API-055,1,tests\test_api_p0_extensions.py,FastAPI route maps to backend route coverage with direct test refs.,Keep route coverage current when endpoint behavior changes.,2026-07-05
API-056,fastapi_route,Backend API,POST /api/offers/{offer_id}/accept,api_accept_offer,portal_bot/api.py:8560,direct_route_test_ref,1,BACKEND-API-056,1,tests\test_api_p0_extensions.py,FastAPI route maps to backend route coverage with direct test refs.,Keep route coverage current when endpoint behavior changes.,2026-07-05
API-057,fastapi_route,Backend API,GET /api/points,api_points,portal_bot/api.py:8570,direct_route_test_ref,1,BACKEND-API-057,1,tests\test_api_p0_extensions.py,FastAPI route maps to backend route coverage with direct test refs.,Keep route coverage current when endpoint behavior changes.,2026-07-05
API-058,fastapi_route,Backend API,GET /api/network/probe,api_network_probe,portal_bot/api.py:8593,direct_route_test_ref,1,BACKEND-API-058,1,tests\test_api_p0_extensions.py,FastAPI route maps to backend route coverage with direct test refs.,Keep route coverage current when endpoint behavior changes.,2026-07-05
API-059,fastapi_route,Backend API,GET /api/user/{tg_id},user_data,portal_bot/api.py:8608,direct_route_test_ref,1,BACKEND-API-059,9,portal_bot\tests\test_app_first_api.py; portal_bot\tests\test_email_auth.py; tests\test_api_auth_and_tickets.py; tests\test_api_lifecycle_smoke.py; tests\test_api_p0_extensions.py; tests\test_network_rollout_api.py; webapp\e2e\admin-gate.spec.ts; webapp\e2e\cabinet-flow.spec.ts; webapp\e2e\settings-email-link.spec.ts,FastAPI route maps to backend route coverage with direct test refs.,Keep route coverage current when endpoint behavior changes.,2026-07-05
API-060,fastapi_route,Backend API,GET /api/dashboard,dashboard_snapshot,portal_bot/api.py:8836,direct_route_test_ref,1,BACKEND-API-060,8,portal_bot\tests\test_app_first_api.py; tests\test_api_auth_and_tickets.py; tests\test_api_lifecycle_smoke.py; tests\test_api_p0_extensions.py; tests\test_network_rollout_api.py; webapp\e2e\admin-gate.spec.ts; webapp\e2e\cabinet-flow.spec.ts; webapp\e2e\settings-email-link.spec.ts,FastAPI route maps to backend route coverage with direct test refs.,Keep route coverage current when endpoint behavior changes.,2026-07-05
API-061,fastapi_route,Backend API,GET /api/client/apps,client_apps,portal_bot/api.py:8948,direct_route_test_ref,1,BACKEND-API-061,4,tests\test_api_p0_extensions.py; tests\test_public_beta_launch_decision.py; webapp\e2e\admin-gate.spec.ts; webapp\e2e\cabinet-flow.spec.ts,FastAPI route maps to backend route coverage with direct test refs.,Keep route coverage current when endpoint behavior changes.,2026-07-05
API-062,fastapi_route,Backend API,GET /api/nodes/status,nodes_status,portal_bot/api.py:9046,direct_route_test_ref,1,BACKEND-API-062,1,webapp\e2e\cabinet-flow.spec.ts,FastAPI route maps to backend route coverage with direct test refs.,Keep route coverage current when endpoint behavior changes.,2026-07-05
API-063,fastapi_route,Backend API,POST /api/nodes/diagnostics/run,nodes_run_diagnostics,portal_bot/api.py:9076,direct_route_test_ref,1,BACKEND-API-063,1,tests\test_api_auth_and_tickets.py,FastAPI route maps to backend route coverage with direct test refs.,Keep route coverage current when endpoint behavior changes.,2026-07-05
API-064,fastapi_route,Backend API,GET /api/bonuses,bonuses,portal_bot/api.py:9106,direct_route_test_ref,1,BACKEND-API-064,6,C:\Users\kiwun\Documents\ai\POKROV-app\packages\app_shell\test\app_first_runtime_bootstrap_test.dart; C:\Users\kiwun\Documents\ai\POKROV-app\packages\app_shell\test\pokrov_seed_app_test.dart; portal_bot\tests\test_app_first_api.py; tests\test_api_auth_and_tickets.py; tests\test_api_lifecycle_smoke.py; webapp\e2e\cabinet-flow.spec.ts,FastAPI route maps to backend route coverage with direct test refs.,Keep route coverage current when endpoint behavior changes.,2026-07-05
API-065,fastapi_route,Backend API,GET /api/bonuses/summary,bonuses_summary,portal_bot/api.py:9498,direct_route_test_ref,1,BACKEND-API-065,2,C:\Users\kiwun\Documents\ai\POKROV-app\packages\app_shell\test\app_first_runtime_bootstrap_test.dart; portal_bot\tests\test_app_first_api.py,FastAPI route maps to backend route coverage with direct test refs.,Keep route coverage current when endpoint behavior changes.,2026-07-05
API-066,fastapi_route,Backend API,GET /api/bonuses/referral/summary,bonuses_referral_summary,portal_bot/api.py:9512,direct_route_test_ref,1,BACKEND-API-066,2,C:\Users\kiwun\Documents\ai\POKROV-app\packages\app_shell\test\app_first_runtime_bootstrap_test.dart; portal_bot\tests\test_app_first_api.py,FastAPI route maps to backend route coverage with direct test refs.,Keep route coverage current when endpoint behavior changes.,2026-07-05
API-067,fastapi_route,Backend API,GET /api/bonuses/history,bonuses_history,portal_bot/api.py:9526,direct_route_test_ref,1,BACKEND-API-067,2,C:\Users\kiwun\Documents\ai\POKROV-app\packages\app_shell\test\app_first_runtime_bootstrap_test.dart; portal_bot\tests\test_app_first_api.py,FastAPI route maps to backend route coverage with direct test refs.,Keep route coverage current when endpoint behavior changes.,2026-07-05
API-068,fastapi_route,Backend API,GET /api/bonuses/wheel/state,bonuses_wheel_state,portal_bot/api.py:9544,direct_route_test_ref,1,BACKEND-API-068,1,portal_bot\tests\test_app_first_api.py,FastAPI route maps to backend route coverage with direct test refs.,Keep route coverage current when endpoint behavior changes.,2026-07-05
API-069,fastapi_route,Backend API,POST /api/bonuses/wheel/spin,bonuses_wheel_spin,portal_bot/api.py:9558,direct_route_test_ref,1,BACKEND-API-069,3,C:\Users\kiwun\Documents\ai\POKROV-app\packages\app_shell\test\app_first_runtime_bootstrap_test.dart; C:\Users\kiwun\Documents\ai\POKROV-app\packages\app_shell\test\pokrov_seed_app_test.dart; portal_bot\tests\test_app_first_api.py,FastAPI route maps to backend route coverage with direct test refs.,Keep route coverage current when endpoint behavior changes.,2026-07-05
API-070,fastapi_route,Backend API,GET /api/bonuses/calendar,bonuses_calendar,portal_bot/api.py:9632,direct_route_test_ref,1,BACKEND-API-070,3,C:\Users\kiwun\Documents\ai\POKROV-app\packages\app_shell\test\app_first_runtime_bootstrap_test.dart; C:\Users\kiwun\Documents\ai\POKROV-app\packages\app_shell\test\pokrov_seed_app_test.dart; portal_bot\tests\test_app_first_api.py,FastAPI route maps to backend route coverage with direct test refs.,Keep route coverage current when endpoint behavior changes.,2026-07-05
API-071,fastapi_route,Backend API,POST /api/bonuses/calendar/checkin,bonuses_calendar_checkin,portal_bot/api.py:9646,direct_route_test_ref,1,BACKEND-API-071,3,C:\Users\kiwun\Documents\ai\POKROV-app\packages\app_shell\test\app_first_runtime_bootstrap_test.dart; C:\Users\kiwun\Documents\ai\POKROV-app\packages\app_shell\test\pokrov_seed_app_test.dart; portal_bot\tests\test_app_first_api.py,FastAPI route maps to backend route coverage with direct test refs.,Keep route coverage current when endpoint behavior changes.,2026-07-05
API-072,fastapi_route,Backend API,POST /api/channel/subscriber/check,channel_subscriber_check,portal_bot/api.py:9724,direct_route_test_ref,1,BACKEND-API-072,4,C:\Users\kiwun\Documents\ai\POKROV-app\packages\app_shell\test\app_first_runtime_bootstrap_test.dart; portal_bot\tests\test_app_first_api.py; webapp\e2e\cabinet-flow.spec.ts; webapp\e2e\settings-email-link.spec.ts,FastAPI route maps to backend route coverage with direct test refs.,Keep route coverage current when endpoint behavior changes.,2026-07-05
API-073,fastapi_route,Backend API,POST /api/bonuses/channel/claim,claim_channel_bonus,portal_bot/api.py:9747,direct_route_test_ref,1,BACKEND-API-073,5,C:\Users\kiwun\Documents\ai\POKROV-app\packages\app_shell\test\app_first_runtime_bootstrap_test.dart; portal_bot\tests\test_app_first_api.py; tests\test_api_auth_and_tickets.py; tests\test_api_lifecycle_smoke.py; webapp\e2e\cabinet-flow.spec.ts,FastAPI route maps to backend route coverage with direct test refs.,Keep route coverage current when endpoint behavior changes.,2026-07-05
API-074,fastapi_route,Backend API,POST /api/promo/redeem,promo_redeem,portal_bot/api.py:9776,direct_route_test_ref,1,BACKEND-API-074,2,tests\test_api_auth_and_tickets.py; tests\test_api_lifecycle_smoke.py,FastAPI route maps to backend route coverage with direct test refs.,Keep route coverage current when endpoint behavior changes.,2026-07-05
API-075,fastapi_route,Backend API,POST /api/bonuses/promo/redeem,bonuses_promo_redeem,portal_bot/api.py:9897,direct_route_test_ref,1,BACKEND-API-075,1,portal_bot\tests\test_app_first_api.py,FastAPI route maps to backend route coverage with direct test refs.,Keep route coverage current when endpoint behavior changes.,2026-07-05
API-076,fastapi_route,Backend API,POST /api/gift/redeem,gift_redeem,portal_bot/api.py:9912,direct_route_test_ref,1,BACKEND-API-076,2,tests\test_api_auth_and_tickets.py; tests\test_api_lifecycle_smoke.py,FastAPI route maps to backend route coverage with direct test refs.,Keep route coverage current when endpoint behavior changes.,2026-07-05
API-077,fastapi_route,Backend API,GET /api/access-keys/status/{key},access_key_status,portal_bot/api.py:9991,direct_route_test_ref,1,BACKEND-API-077,2,portal_bot\tests\test_app_first_api.py; webapp\e2e\admin-gate.spec.ts,FastAPI route maps to backend route coverage with direct test refs.,Keep route coverage current when endpoint behavior changes.,2026-07-05
API-078,fastapi_route,Backend API,POST /api/access-keys/redeem,access_key_redeem,portal_bot/api.py:10135,direct_route_test_ref,1,BACKEND-API-078,1,tests\test_api_auth_and_tickets.py,FastAPI route maps to backend route coverage with direct test refs.,Keep route coverage current when endpoint behavior changes.,2026-07-05
API-079,fastapi_route,Backend API,POST /api/redeem,unified_redeem,portal_bot/api.py:10150,direct_route_test_ref,1,BACKEND-API-079,2,C:\Users\kiwun\Documents\ai\POKROV-app\packages\app_shell\test\app_first_runtime_bootstrap_test.dart; portal_bot\tests\test_app_first_api.py,FastAPI route maps to backend route coverage with direct test refs.,Keep route coverage current when endpoint behavior changes.,2026-07-05
API-080,fastapi_route,Backend API,POST /api/client/cabinet-token,client_cabinet_token,portal_bot/api.py:10245,direct_route_test_ref,1,BACKEND-API-080,2,C:\Users\kiwun\Documents\ai\POKROV-app\packages\app_shell\test\app_first_runtime_bootstrap_test.dart; portal_bot\tests\test_app_first_api.py,FastAPI route maps to backend route coverage with direct test refs.,Keep route coverage current when endpoint behavior changes.,2026-07-05
API-081,fastapi_route,Backend API,POST /api/auth/cabinet-handoff/exchange,auth_cabinet_handoff_exchange,portal_bot/api.py:10297,direct_route_test_ref,1,BACKEND-API-081,2,portal_bot\tests\test_app_first_api.py; webapp\e2e\cabinet-flow.spec.ts,FastAPI route maps to backend route coverage with direct test refs.,Keep route coverage current when endpoint behavior changes.,2026-07-05
API-082,fastapi_route,Backend API,POST /api/reviews,create_review,portal_bot/api.py:10396,direct_route_test_ref,1,BACKEND-API-082,3,tests\test_api_p0_extensions.py; tests\test_public_copy_guardrails.py; tests\test_reviews_username_masking.py,FastAPI route maps to backend route coverage with direct test refs.,Keep route coverage current when endpoint behavior changes.,2026-07-05
API-083,fastapi_route,Backend API,POST /api/feedback,create_feedback,portal_bot/api.py:10422,direct_route_test_ref,1,BACKEND-API-083,1,tests\test_api_p0_extensions.py,FastAPI route maps to backend route coverage with direct test refs.,Keep route coverage current when endpoint behavior changes.,2026-07-05
API-084,fastapi_route,Backend API,GET /api/tickets,get_tickets,portal_bot/api.py:10457,direct_route_test_ref,1,BACKEND-API-084,7,C:\Users\kiwun\Documents\ai\POKROV-app\packages\app_shell\test\app_first_runtime_bootstrap_test.dart; C:\Users\kiwun\Documents\ai\POKROV-app\packages\app_shell\test\assistant_contract_test.dart; portal_bot\tests\test_app_first_api.py; tests\test_api_auth_and_tickets.py; tests\test_api_lifecycle_smoke.py; tests\test_client_ui_api_additions.py; webapp\e2e\cabinet-flow.spec.ts,FastAPI route maps to backend route coverage with direct test refs.,Keep route coverage current when endpoint behavior changes.,2026-07-05
API-085,fastapi_route,Backend API,POST /api/tickets/uploads,upload_ticket_attachment,portal_bot/api.py:10473,direct_route_test_ref,1,BACKEND-API-085,2,tests\test_api_auth_and_tickets.py; webapp\e2e\cabinet-flow.spec.ts,FastAPI route maps to backend route coverage with direct test refs.,Keep route coverage current when endpoint behavior changes.,2026-07-05
API-086,fastapi_route,Backend API,POST /api/tickets,create_user_ticket,portal_bot/api.py:10500,direct_route_test_ref,1,BACKEND-API-086,7,C:\Users\kiwun\Documents\ai\POKROV-app\packages\app_shell\test\app_first_runtime_bootstrap_test.dart; C:\Users\kiwun\Documents\ai\POKROV-app\packages\app_shell\test\assistant_contract_test.dart; portal_bot\tests\test_app_first_api.py; tests\test_api_auth_and_tickets.py; tests\test_api_lifecycle_smoke.py; tests\test_client_ui_api_additions.py; webapp\e2e\cabinet-flow.spec.ts,FastAPI route maps to backend route coverage with direct test refs.,Keep route coverage current when endpoint behavior changes.,2026-07-05
API-087,fastapi_route,Backend API,GET /api/tickets/{ticket_id},get_ticket,portal_bot/api.py:10538,direct_route_test_ref,1,BACKEND-API-087,7,C:\Users\kiwun\Documents\ai\POKROV-app\packages\app_shell\test\app_first_runtime_bootstrap_test.dart; C:\Users\kiwun\Documents\ai\POKROV-app\packages\app_shell\test\assistant_contract_test.dart; portal_bot\tests\test_app_first_api.py; tests\test_api_auth_and_tickets.py; tests\test_api_lifecycle_smoke.py; tests\test_client_ui_api_additions.py; webapp\e2e\cabinet-flow.spec.ts,FastAPI route maps to backend route coverage with direct test refs.,Keep route coverage current when endpoint behavior changes.,2026-07-05
API-088,fastapi_route,Backend API,POST /api/tickets/{ticket_id}/messages,add_ticket_user_message,portal_bot/api.py:10555,direct_route_test_ref,1,BACKEND-API-088,7,C:\Users\kiwun\Documents\ai\POKROV-app\packages\app_shell\test\app_first_runtime_bootstrap_test.dart; C:\Users\kiwun\Documents\ai\POKROV-app\packages\app_shell\test\assistant_contract_test.dart; portal_bot\tests\test_app_first_api.py; tests\test_api_auth_and_tickets.py; tests\test_api_lifecycle_smoke.py; tests\test_client_ui_api_additions.py; webapp\e2e\cabinet-flow.spec.ts,FastAPI route maps to backend route coverage with direct test refs.,Keep route coverage current when endpoint behavior changes.,2026-07-05
API-089,fastapi_route,Backend API,GET /api/admin/summary,admin_summary,portal_bot/api.py:10602,direct_route_test_ref,1,BACKEND-API-089,4,portal_bot\tests\test_email_auth.py; tests\test_api_auth_and_tickets.py; tests\test_observer_api.py; webapp\e2e\admin-gate.spec.ts,FastAPI route maps to backend route coverage with direct test refs.,Keep route coverage current when endpoint behavior changes.,2026-07-05
API-090,fastapi_route,Backend API,GET /api/admin/payments/orders,admin_payment_orders,portal_bot/api.py:10970,direct_route_test_ref,1,BACKEND-API-090,2,tests\test_admin_payments_api.py; webapp\e2e\admin-gate.spec.ts,FastAPI route maps to backend route coverage with direct test refs.,Keep route coverage current when endpoint behavior changes.,2026-07-05
API-091,fastapi_route,Backend API,POST /api/admin/payments/orders/{provider}/{order_id}/reconcile,admin_payment_order_reconcile,portal_bot/api.py:11016,direct_route_test_ref,1,BACKEND-API-091,2,tests\test_admin_payments_api.py; webapp\e2e\admin-gate.spec.ts,FastAPI route maps to backend route coverage with direct test refs.,Keep route coverage current when endpoint behavior changes.,2026-07-05
API-092,fastapi_route,Backend API,GET /api/admin/users,admin_users,portal_bot/api.py:11067,direct_route_test_ref,1,BACKEND-API-092,3,tests\test_api_auth_and_tickets.py; tests\test_observer_api.py; webapp\e2e\admin-gate.spec.ts,FastAPI route maps to backend route coverage with direct test refs.,Keep route coverage current when endpoint behavior changes.,2026-07-05
API-093,fastapi_route,Backend API,GET /api/admin/users/{tg_id},admin_user_card,portal_bot/api.py:11377,direct_route_test_ref,1,BACKEND-API-093,3,tests\test_api_auth_and_tickets.py; tests\test_observer_api.py; webapp\e2e\admin-gate.spec.ts,FastAPI route maps to backend route coverage with direct test refs.,Keep route coverage current when endpoint behavior changes.,2026-07-05
API-094,fastapi_route,Backend API,POST /api/admin/users/manual,admin_create_manual_user,portal_bot/api.py:11495,direct_route_test_ref,1,BACKEND-API-094,1,tests\test_api_auth_and_tickets.py,FastAPI route maps to backend route coverage with direct test refs.,Keep route coverage current when endpoint behavior changes.,2026-07-05
API-095,fastapi_route,Backend API,POST /api/admin/users/{tg_id}/manual-extend,admin_extend_manual_user,portal_bot/api.py:11581,direct_route_test_ref,1,BACKEND-API-095,3,tests\test_api_auth_and_tickets.py; tests\test_observer_api.py; webapp\e2e\admin-gate.spec.ts,FastAPI route maps to backend route coverage with direct test refs.,Keep route coverage current when endpoint behavior changes.,2026-07-05
API-096,fastapi_route,Backend API,POST /api/admin/users/{tg_id}/manual/extend,admin_extend_manual_user,portal_bot/api.py:11581,direct_route_test_ref,1,BACKEND-API-096,3,tests\test_api_auth_and_tickets.py; tests\test_observer_api.py; webapp\e2e\admin-gate.spec.ts,FastAPI route maps to backend route coverage with direct test refs.,Keep route coverage current when endpoint behavior changes.,2026-07-05
API-097,fastapi_route,Backend API,POST /api/admin/users/{tg_id}/manual/block,admin_block_manual_user,portal_bot/api.py:11621,direct_route_test_ref,1,BACKEND-API-097,3,tests\test_api_auth_and_tickets.py; tests\test_observer_api.py; webapp\e2e\admin-gate.spec.ts,FastAPI route maps to backend route coverage with direct test refs.,Keep route coverage current when endpoint behavior changes.,2026-07-05
API-098,fastapi_route,Backend API,POST /api/admin/users/{tg_id}/manual/regenerate-token,admin_regenerate_manual_token,portal_bot/api.py:11654,direct_route_test_ref,1,BACKEND-API-098,3,tests\test_api_auth_and_tickets.py; tests\test_observer_api.py; webapp\e2e\admin-gate.spec.ts,FastAPI route maps to backend route coverage with direct test refs.,Keep route coverage current when endpoint behavior changes.,2026-07-05
API-099,fastapi_route,Backend API,POST /api/admin/users/{tg_id}/safe-delete,admin_safe_delete_test_user,portal_bot/api.py:11695,direct_route_test_ref,1,BACKEND-API-099,3,tests\test_api_auth_and_tickets.py; tests\test_observer_api.py; webapp\e2e\admin-gate.spec.ts,FastAPI route maps to backend route coverage with direct test refs.,Keep route coverage current when endpoint behavior changes.,2026-07-05
API-100,fastapi_route,Backend API,POST /api/admin/users/{tg_id}/delete-test-user,admin_delete_test_user_compat,portal_bot/api.py:11745,direct_route_test_ref,1,BACKEND-API-100,3,tests\test_api_auth_and_tickets.py; tests\test_observer_api.py; webapp\e2e\admin-gate.spec.ts,FastAPI route maps to backend route coverage with direct test refs.,Keep route coverage current when endpoint behavior changes.,2026-07-05
API-101,fastapi_route,Backend API,POST /api/admin/users/{tg_id}/keys/{node_code}/toggle,admin_user_key_toggle,portal_bot/api.py:11757,direct_route_test_ref,1,BACKEND-API-101,3,tests\test_api_auth_and_tickets.py; tests\test_observer_api.py; webapp\e2e\admin-gate.spec.ts,FastAPI route maps to backend route coverage with direct test refs.,Keep route coverage current when endpoint behavior changes.,2026-07-05
API-102,fastapi_route,Backend API,POST /api/admin/users/{tg_id}/keys/{node_code}/reset-traffic,admin_user_key_reset_traffic,portal_bot/api.py:11809,direct_route_test_ref,1,BACKEND-API-102,3,tests\test_api_auth_and_tickets.py; tests\test_observer_api.py; webapp\e2e\admin-gate.spec.ts,FastAPI route maps to backend route coverage with direct test refs.,Keep route coverage current when endpoint behavior changes.,2026-07-05
API-103,fastapi_route,Backend API,POST /api/admin/users/{tg_id}/keys/{node_code}/resync-subid,admin_user_key_resync_subid,portal_bot/api.py:11851,direct_route_test_ref,1,BACKEND-API-103,3,tests\test_api_auth_and_tickets.py; tests\test_observer_api.py; webapp\e2e\admin-gate.spec.ts,FastAPI route maps to backend route coverage with direct test refs.,Keep route coverage current when endpoint behavior changes.,2026-07-05
API-104,fastapi_route,Backend API,GET /api/admin/users/{tg_id}/key-history,admin_user_key_history,portal_bot/api.py:11905,direct_route_test_ref,1,BACKEND-API-104,3,tests\test_api_auth_and_tickets.py; tests\test_observer_api.py; webapp\e2e\admin-gate.spec.ts,FastAPI route maps to backend route coverage with direct test refs.,Keep route coverage current when endpoint behavior changes.,2026-07-05
API-105,fastapi_route,Backend API,GET /api/admin/users/{tg_id}/key-limits,admin_user_key_limits_get,portal_bot/api.py:11936,direct_route_test_ref,1,BACKEND-API-105,3,tests\test_api_auth_and_tickets.py; tests\test_observer_api.py; webapp\e2e\admin-gate.spec.ts,FastAPI route maps to backend route coverage with direct test refs.,Keep route coverage current when endpoint behavior changes.,2026-07-05
API-106,fastapi_route,Backend API,PUT /api/admin/users/{tg_id}/key-limits/{node_code},admin_user_key_limits_put,portal_bot/api.py:11952,direct_route_test_ref,1,BACKEND-API-106,3,tests\test_api_auth_and_tickets.py; tests\test_observer_api.py; webapp\e2e\admin-gate.spec.ts,FastAPI route maps to backend route coverage with direct test refs.,Keep route coverage current when endpoint behavior changes.,2026-07-05
API-107,fastapi_route,Backend API,GET /api/admin/users/{tg_id}/risk,admin_user_risk_get,portal_bot/api.py:12029,direct_route_test_ref,1,BACKEND-API-107,3,tests\test_api_auth_and_tickets.py; tests\test_observer_api.py; webapp\e2e\admin-gate.spec.ts,FastAPI route maps to backend route coverage with direct test refs.,Keep route coverage current when endpoint behavior changes.,2026-07-05
API-108,fastapi_route,Backend API,GET /api/admin/users/{tg_id}/loyalty,admin_user_loyalty_get,portal_bot/api.py:12049,direct_route_test_ref,1,BACKEND-API-108,3,tests\test_api_auth_and_tickets.py; tests\test_observer_api.py; webapp\e2e\admin-gate.spec.ts,FastAPI route maps to backend route coverage with direct test refs.,Keep route coverage current when endpoint behavior changes.,2026-07-05
API-109,fastapi_route,Backend API,POST /api/admin/users/{tg_id}/loyalty/grant,admin_user_loyalty_grant,portal_bot/api.py:12062,direct_route_test_ref,1,BACKEND-API-109,3,tests\test_api_auth_and_tickets.py; tests\test_observer_api.py; webapp\e2e\admin-gate.spec.ts,FastAPI route maps to backend route coverage with direct test refs.,Keep route coverage current when endpoint behavior changes.,2026-07-05
API-110,fastapi_route,Backend API,POST /api/admin/users/{tg_id}/presets/run,admin_user_preset_run,portal_bot/api.py:12110,direct_route_test_ref,1,BACKEND-API-110,3,tests\test_api_auth_and_tickets.py; tests\test_observer_api.py; webapp\e2e\admin-gate.spec.ts,FastAPI route maps to backend route coverage with direct test refs.,Keep route coverage current when endpoint behavior changes.,2026-07-05
API-111,fastapi_route,Backend API,POST /api/admin/users/keys/bulk-action,admin_users_keys_bulk_action,portal_bot/api.py:12228,direct_route_test_ref,1,BACKEND-API-111,1,tests\test_api_auth_and_tickets.py,FastAPI route maps to backend route coverage with direct test refs.,Keep route coverage current when endpoint behavior changes.,2026-07-05
API-112,fastapi_route,Backend API,GET /api/admin/audit,admin_audit_log,portal_bot/api.py:12331,direct_route_test_ref,1,BACKEND-API-112,1,webapp\e2e\admin-gate.spec.ts,FastAPI route maps to backend route coverage with direct test refs.,Keep route coverage current when endpoint behavior changes.,2026-07-05
API-113,fastapi_route,Backend API,POST /api/admin/users/{tg_id}/message,admin_user_message,portal_bot/api.py:12371,direct_route_test_ref,1,BACKEND-API-113,3,tests\test_api_auth_and_tickets.py; tests\test_observer_api.py; webapp\e2e\admin-gate.spec.ts,FastAPI route maps to backend route coverage with direct test refs.,Keep route coverage current when endpoint behavior changes.,2026-07-05
API-114,fastapi_route,Backend API,POST /api/admin/broadcast,admin_broadcast,portal_bot/api.py:12386,direct_route_test_ref,1,BACKEND-API-114,1,tests\test_backend_route_gap_coverage.py,FastAPI route maps to backend route coverage with direct test refs.,Keep route coverage current when endpoint behavior changes.,2026-07-05
API-115,fastapi_route,Backend API,GET /api/admin/promos,admin_promos,portal_bot/api.py:12435,direct_route_test_ref,1,BACKEND-API-115,3,tests\test_api_auth_and_tickets.py; tests\test_api_lifecycle_smoke.py; webapp\e2e\admin-gate.spec.ts,FastAPI route maps to backend route coverage with direct test refs.,Keep route coverage current when endpoint behavior changes.,2026-07-05
API-116,fastapi_route,Backend API,POST /api/admin/promos,admin_promos_create,portal_bot/api.py:12466,direct_route_test_ref,1,BACKEND-API-116,3,tests\test_api_auth_and_tickets.py; tests\test_api_lifecycle_smoke.py; webapp\e2e\admin-gate.spec.ts,FastAPI route maps to backend route coverage with direct test refs.,Keep route coverage current when endpoint behavior changes.,2026-07-05
API-117,fastapi_route,Backend API,PATCH /api/admin/promos/{code},admin_promos_update,portal_bot/api.py:12494,direct_route_test_ref,1,BACKEND-API-117,3,tests\test_api_auth_and_tickets.py; tests\test_api_lifecycle_smoke.py; webapp\e2e\admin-gate.spec.ts,FastAPI route maps to backend route coverage with direct test refs.,Keep route coverage current when endpoint behavior changes.,2026-07-05
API-118,fastapi_route,Backend API,DELETE /api/admin/promos/{code},admin_promos_delete,portal_bot/api.py:12533,direct_route_test_ref,1,BACKEND-API-118,3,tests\test_api_auth_and_tickets.py; tests\test_api_lifecycle_smoke.py; webapp\e2e\admin-gate.spec.ts,FastAPI route maps to backend route coverage with direct test refs.,Keep route coverage current when endpoint behavior changes.,2026-07-05
API-119,fastapi_route,Backend API,GET /api/admin/plans,admin_plans,portal_bot/api.py:12550,direct_route_test_ref,1,BACKEND-API-119,2,tests\test_api_payments_callbacks.py; webapp\e2e\admin-gate.spec.ts,FastAPI route maps to backend route coverage with direct test refs.,Keep route coverage current when endpoint behavior changes.,2026-07-05
API-120,fastapi_route,Backend API,POST /api/admin/plans,admin_plans_create,portal_bot/api.py:12561,direct_route_test_ref,1,BACKEND-API-120,2,tests\test_api_payments_callbacks.py; webapp\e2e\admin-gate.spec.ts,FastAPI route maps to backend route coverage with direct test refs.,Keep route coverage current when endpoint behavior changes.,2026-07-05
API-121,fastapi_route,Backend API,PATCH /api/admin/plans/{code},admin_plans_update,portal_bot/api.py:12593,direct_route_test_ref,1,BACKEND-API-121,2,tests\test_api_payments_callbacks.py; webapp\e2e\admin-gate.spec.ts,FastAPI route maps to backend route coverage with direct test refs.,Keep route coverage current when endpoint behavior changes.,2026-07-05
API-122,fastapi_route,Backend API,DELETE /api/admin/plans/{code},admin_plans_delete,portal_bot/api.py:12628,direct_route_test_ref,1,BACKEND-API-122,2,tests\test_api_payments_callbacks.py; webapp\e2e\admin-gate.spec.ts,FastAPI route maps to backend route coverage with direct test refs.,Keep route coverage current when endpoint behavior changes.,2026-07-05
API-123,fastapi_route,Backend API,GET /api/admin/live-updates,admin_live_updates,portal_bot/api.py:12645,direct_route_test_ref,1,BACKEND-API-123,2,tests\test_api_payments_callbacks.py; webapp\e2e\admin-gate.spec.ts,FastAPI route maps to backend route coverage with direct test refs.,Keep route coverage current when endpoint behavior changes.,2026-07-05
API-124,fastapi_route,Backend API,POST /api/admin/live-updates,admin_live_updates_create,portal_bot/api.py:12681,direct_route_test_ref,1,BACKEND-API-124,2,tests\test_api_payments_callbacks.py; webapp\e2e\admin-gate.spec.ts,FastAPI route maps to backend route coverage with direct test refs.,Keep route coverage current when endpoint behavior changes.,2026-07-05
API-125,fastapi_route,Backend API,PATCH /api/admin/live-updates/{update_id},admin_live_updates_update,portal_bot/api.py:12720,direct_route_test_ref,1,BACKEND-API-125,2,tests\test_api_payments_callbacks.py; webapp\e2e\admin-gate.spec.ts,FastAPI route maps to backend route coverage with direct test refs.,Keep route coverage current when endpoint behavior changes.,2026-07-05
API-126,fastapi_route,Backend API,DELETE /api/admin/live-updates/{update_id},admin_live_updates_delete,portal_bot/api.py:12759,direct_route_test_ref,1,BACKEND-API-126,2,tests\test_api_payments_callbacks.py; webapp\e2e\admin-gate.spec.ts,FastAPI route maps to backend route coverage with direct test refs.,Keep route coverage current when endpoint behavior changes.,2026-07-05
API-127,fastapi_route,Backend API,GET /api/admin/start-links,admin_start_links,portal_bot/api.py:12775,direct_route_test_ref,1,BACKEND-API-127,2,tests\test_api_auth_and_tickets.py; webapp\e2e\admin-gate.spec.ts,FastAPI route maps to backend route coverage with direct test refs.,Keep route coverage current when endpoint behavior changes.,2026-07-05
API-128,fastapi_route,Backend API,POST /api/admin/start-links,admin_start_links_create,portal_bot/api.py:12804,direct_route_test_ref,1,BACKEND-API-128,2,tests\test_api_auth_and_tickets.py; webapp\e2e\admin-gate.spec.ts,FastAPI route maps to backend route coverage with direct test refs.,Keep route coverage current when endpoint behavior changes.,2026-07-05
API-129,fastapi_route,Backend API,PATCH /api/admin/start-links/{link_id},admin_start_links_update,portal_bot/api.py:12834,direct_route_test_ref,1,BACKEND-API-129,2,tests\test_api_auth_and_tickets.py; webapp\e2e\admin-gate.spec.ts,FastAPI route maps to backend route coverage with direct test refs.,Keep route coverage current when endpoint behavior changes.,2026-07-05
API-130,fastapi_route,Backend API,DELETE /api/admin/start-links/{link_id},admin_start_links_delete,portal_bot/api.py:12866,direct_route_test_ref,1,BACKEND-API-130,2,tests\test_api_auth_and_tickets.py; webapp\e2e\admin-gate.spec.ts,FastAPI route maps to backend route coverage with direct test refs.,Keep route coverage current when endpoint behavior changes.,2026-07-05
API-131,fastapi_route,Backend API,GET /api/admin/wheel-config,admin_wheel_config_get,portal_bot/api.py:12883,direct_route_test_ref,1,BACKEND-API-131,2,tests\test_api_auth_and_tickets.py; webapp\e2e\admin-gate.spec.ts,FastAPI route maps to backend route coverage with direct test refs.,Keep route coverage current when endpoint behavior changes.,2026-07-05
API-132,fastapi_route,Backend API,PUT /api/admin/wheel-config,admin_wheel_config_put,portal_bot/api.py:12894,direct_route_test_ref,1,BACKEND-API-132,2,tests\test_api_auth_and_tickets.py; webapp\e2e\admin-gate.spec.ts,FastAPI route maps to backend route coverage with direct test refs.,Keep route coverage current when endpoint behavior changes.,2026-07-05
API-133,fastapi_route,Backend API,GET /api/admin/network-rollout-config,admin_network_rollout_config_get,portal_bot/api.py:12912,direct_route_test_ref,1,BACKEND-API-133,2,tests\test_network_rollout_api.py; webapp\e2e\admin-gate.spec.ts,FastAPI route maps to backend route coverage with direct test refs.,Keep route coverage current when endpoint behavior changes.,2026-07-05
API-134,fastapi_route,Backend API,PUT /api/admin/network-rollout-config,admin_network_rollout_config_put,portal_bot/api.py:12922,direct_route_test_ref,1,BACKEND-API-134,2,tests\test_network_rollout_api.py; webapp\e2e\admin-gate.spec.ts,FastAPI route maps to backend route coverage with direct test refs.,Keep route coverage current when endpoint behavior changes.,2026-07-05
API-135,fastapi_route,Backend API,PUT /api/admin/client/warp/material,admin_client_warp_material_put,portal_bot/api.py:12943,direct_route_test_ref,1,BACKEND-API-135,1,tests\test_network_rollout_api.py,FastAPI route maps to backend route coverage with direct test refs.,Keep route coverage current when endpoint behavior changes.,2026-07-05
API-136,fastapi_route,Backend API,GET /api/admin/client/warp/summary,admin_client_warp_summary,portal_bot/api.py:13080,direct_route_test_ref,1,BACKEND-API-136,1,tests\test_network_rollout_api.py,FastAPI route maps to backend route coverage with direct test refs.,Keep route coverage current when endpoint behavior changes.,2026-07-05
API-137,fastapi_route,Backend API,GET /api/admin/promo-slots,admin_promo_slots_get,portal_bot/api.py:13090,direct_route_test_ref,1,BACKEND-API-137,1,webapp\e2e\admin-gate.spec.ts,FastAPI route maps to backend route coverage with direct test refs.,Keep route coverage current when endpoint behavior changes.,2026-07-05
API-138,fastapi_route,Backend API,PUT /api/admin/promo-slots,admin_promo_slots_put,portal_bot/api.py:13116,direct_route_test_ref,1,BACKEND-API-138,1,webapp\e2e\admin-gate.spec.ts,FastAPI route maps to backend route coverage with direct test refs.,Keep route coverage current when endpoint behavior changes.,2026-07-05
API-139,fastapi_route,Backend API,POST /api/admin/campaign-links/build,admin_campaign_links_build,portal_bot/api.py:13135,direct_route_test_ref,1,BACKEND-API-139,2,tests\test_api_auth_and_tickets.py; webapp\e2e\admin-gate.spec.ts,FastAPI route maps to backend route coverage with direct test refs.,Keep route coverage current when endpoint behavior changes.,2026-07-05
API-140,fastapi_route,Backend API,GET /api/admin/referrals/pending,admin_referrals_pending,portal_bot/api.py:13188,direct_route_test_ref,1,BACKEND-API-140,1,tests\test_backend_route_gap_coverage.py,FastAPI route maps to backend route coverage with direct test refs.,Keep route coverage current when endpoint behavior changes.,2026-07-05
API-141,fastapi_route,Backend API,POST /api/admin/referrals/process,admin_referrals_process,portal_bot/api.py:13222,direct_route_test_ref,1,BACKEND-API-141,1,tests\test_backend_route_gap_coverage.py,FastAPI route maps to backend route coverage with direct test refs.,Keep route coverage current when endpoint behavior changes.,2026-07-05
API-142,fastapi_route,Backend API,GET /api/admin/loyalty-config,admin_loyalty_config_get,portal_bot/api.py:13234,direct_route_test_ref,1,BACKEND-API-142,1,tests\test_api_auth_and_tickets.py,FastAPI route maps to backend route coverage with direct test refs.,Keep route coverage current when endpoint behavior changes.,2026-07-05
API-143,fastapi_route,Backend API,PUT /api/admin/loyalty-config,admin_loyalty_config_put,portal_bot/api.py:13244,direct_route_test_ref,1,BACKEND-API-143,1,tests\test_api_auth_and_tickets.py,FastAPI route maps to backend route coverage with direct test refs.,Keep route coverage current when endpoint behavior changes.,2026-07-05
API-144,fastapi_route,Backend API,GET /api/admin/campaigns,admin_campaigns_get,portal_bot/api.py:13258,direct_route_test_ref,1,BACKEND-API-144,1,tests\test_backend_route_gap_coverage.py,FastAPI route maps to backend route coverage with direct test refs.,Keep route coverage current when endpoint behavior changes.,2026-07-05
API-145,fastapi_route,Backend API,POST /api/admin/campaigns,admin_campaigns_create,portal_bot/api.py:13295,direct_route_test_ref,1,BACKEND-API-145,1,tests\test_backend_route_gap_coverage.py,FastAPI route maps to backend route coverage with direct test refs.,Keep route coverage current when endpoint behavior changes.,2026-07-05
API-146,fastapi_route,Backend API,PATCH /api/admin/campaigns/{campaign_id},admin_campaigns_patch,portal_bot/api.py:13334,direct_route_test_ref,1,BACKEND-API-146,1,tests\test_backend_route_gap_coverage.py,FastAPI route maps to backend route coverage with direct test refs.,Keep route coverage current when endpoint behavior changes.,2026-07-05
API-147,fastapi_route,Backend API,DELETE /api/admin/campaigns/{campaign_id},admin_campaigns_delete,portal_bot/api.py:13372,direct_route_test_ref,1,BACKEND-API-147,1,tests\test_backend_route_gap_coverage.py,FastAPI route maps to backend route coverage with direct test refs.,Keep route coverage current when endpoint behavior changes.,2026-07-05
API-148,fastapi_route,Backend API,GET /api/admin/templates,admin_templates,portal_bot/api.py:13389,direct_route_test_ref,1,BACKEND-API-148,1,tests\test_api_auth_and_tickets.py,FastAPI route maps to backend route coverage with direct test refs.,Keep route coverage current when endpoint behavior changes.,2026-07-05
API-149,fastapi_route,Backend API,POST /api/admin/templates,admin_templates_create,portal_bot/api.py:13406,direct_route_test_ref,1,BACKEND-API-149,1,tests\test_api_auth_and_tickets.py,FastAPI route maps to backend route coverage with direct test refs.,Keep route coverage current when endpoint behavior changes.,2026-07-05
API-150,fastapi_route,Backend API,PATCH /api/admin/templates/{key},admin_templates_update,portal_bot/api.py:13425,direct_route_test_ref,1,BACKEND-API-150,1,tests\test_api_auth_and_tickets.py,FastAPI route maps to backend route coverage with direct test refs.,Keep route coverage current when endpoint behavior changes.,2026-07-05
API-151,fastapi_route,Backend API,DELETE /api/admin/templates/{key},admin_templates_delete,portal_bot/api.py:13451,direct_route_test_ref,1,BACKEND-API-151,1,tests\test_api_auth_and_tickets.py,FastAPI route maps to backend route coverage with direct test refs.,Keep route coverage current when endpoint behavior changes.,2026-07-05
API-152,fastapi_route,Backend API,GET /api/admin/gift-codes,admin_gift_codes,portal_bot/api.py:13468,direct_route_test_ref,1,BACKEND-API-152,3,tests\test_api_auth_and_tickets.py; tests\test_api_lifecycle_smoke.py; webapp\e2e\admin-gate.spec.ts,FastAPI route maps to backend route coverage with direct test refs.,Keep route coverage current when endpoint behavior changes.,2026-07-05
API-153,fastapi_route,Backend API,POST /api/admin/access-keys/issue,admin_access_keys_issue,portal_bot/api.py:13494,direct_route_test_ref,1,BACKEND-API-153,1,webapp\e2e\admin-gate.spec.ts,FastAPI route maps to backend route coverage with direct test refs.,Keep route coverage current when endpoint behavior changes.,2026-07-05
API-154,fastapi_route,Backend API,POST /api/admin/gift-codes,admin_gift_codes_create,portal_bot/api.py:13533,direct_route_test_ref,1,BACKEND-API-154,3,tests\test_api_auth_and_tickets.py; tests\test_api_lifecycle_smoke.py; webapp\e2e\admin-gate.spec.ts,FastAPI route maps to backend route coverage with direct test refs.,Keep route coverage current when endpoint behavior changes.,2026-07-05
API-155,fastapi_route,Backend API,GET /api/admin/tickets,admin_tickets,portal_bot/api.py:13560,direct_route_test_ref,1,BACKEND-API-155,2,tests\test_api_auth_and_tickets.py; webapp\e2e\admin-gate.spec.ts,FastAPI route maps to backend route coverage with direct test refs.,Keep route coverage current when endpoint behavior changes.,2026-07-05
API-156,fastapi_route,Backend API,POST /api/admin/tickets/{ticket_id}/reply,admin_ticket_reply,portal_bot/api.py:13582,direct_route_test_ref,1,BACKEND-API-156,2,tests\test_api_auth_and_tickets.py; webapp\e2e\admin-gate.spec.ts,FastAPI route maps to backend route coverage with direct test refs.,Keep route coverage current when endpoint behavior changes.,2026-07-05
API-157,fastapi_route,Backend API,POST /api/admin/tickets/{ticket_id}/status,admin_ticket_status,portal_bot/api.py:13611,direct_route_test_ref,1,BACKEND-API-157,2,tests\test_api_auth_and_tickets.py; webapp\e2e\admin-gate.spec.ts,FastAPI route maps to backend route coverage with direct test refs.,Keep route coverage current when endpoint behavior changes.,2026-07-05
API-158,fastapi_route,Backend API,GET /api/admin/nodes/health,admin_nodes_health,portal_bot/api.py:13634,direct_route_test_ref,1,BACKEND-API-158,3,tests\test_api_auth_and_tickets.py; tests\test_observer_api.py; webapp\e2e\admin-gate.spec.ts,FastAPI route maps to backend route coverage with direct test refs.,Keep route coverage current when endpoint behavior changes.,2026-07-05
API-159,fastapi_route,Backend API,GET /api/admin/nodes/runtime,admin_nodes_runtime,portal_bot/api.py:13690,direct_route_test_ref,1,BACKEND-API-159,1,tests\test_backend_route_gap_coverage.py,FastAPI route maps to backend route coverage with direct test refs.,Keep route coverage current when endpoint behavior changes.,2026-07-05
API-160,fastapi_route,Backend API,GET /api/admin/nodes/drift,admin_nodes_drift,portal_bot/api.py:13718,direct_route_test_ref,1,BACKEND-API-160,1,tests\test_api_auth_and_tickets.py,FastAPI route maps to backend route coverage with direct test refs.,Keep route coverage current when endpoint behavior changes.,2026-07-05
API-161,fastapi_route,Backend API,POST /api/admin/nodes/sync,admin_nodes_sync,portal_bot/api.py:13731,direct_route_test_ref,1,BACKEND-API-161,1,tests\test_backend_route_gap_coverage.py,FastAPI route maps to backend route coverage with direct test refs.,Keep route coverage current when endpoint behavior changes.,2026-07-05
API-162,fastapi_route,Backend API,POST /api/admin/nodes/{node_code}/drain,admin_node_drain,portal_bot/api.py:13775,direct_route_test_ref,1,BACKEND-API-162,4,tests\test_api_auth_and_tickets.py; tests\test_backend_route_gap_coverage.py; tests\test_observer_api.py; webapp\e2e\admin-gate.spec.ts,FastAPI route maps to backend route coverage with direct test refs.,Keep route coverage current when endpoint behavior changes.,2026-07-05
API-163,fastapi_route,Backend API,POST /api/admin/nodes/{node_code}/enable,admin_node_enable,portal_bot/api.py:13803,direct_route_test_ref,1,BACKEND-API-163,4,tests\test_api_auth_and_tickets.py; tests\test_backend_route_gap_coverage.py; tests\test_observer_api.py; webapp\e2e\admin-gate.spec.ts,FastAPI route maps to backend route coverage with direct test refs.,Keep route coverage current when endpoint behavior changes.,2026-07-05
API-164,fastapi_route,Backend API,POST /api/admin/nodes/{node_code}/disable,admin_node_disable,portal_bot/api.py:13831,direct_route_test_ref,1,BACKEND-API-164,4,tests\test_api_auth_and_tickets.py; tests\test_backend_route_gap_coverage.py; tests\test_observer_api.py; webapp\e2e\admin-gate.spec.ts,FastAPI route maps to backend route coverage with direct test refs.,Keep route coverage current when endpoint behavior changes.,2026-07-05
API-165,fastapi_route,Backend API,POST /api/admin/nodes/{node_code}/resync,admin_node_resync,portal_bot/api.py:13865,direct_route_test_ref,1,BACKEND-API-165,4,tests\test_api_auth_and_tickets.py; tests\test_backend_route_gap_coverage.py; tests\test_observer_api.py; webapp\e2e\admin-gate.spec.ts,FastAPI route maps to backend route coverage with direct test refs.,Keep route coverage current when endpoint behavior changes.,2026-07-05
TG-HANDLER-001,aiogram_handler,Telegram bots,router.callback_query(F.data == 'noop'),noop,portal_bot\bot.py:2725,direct_story_test_ref,1,TELEGRAM_BOTS-TG-MAIN-002,3,tests/test_telegram_story_contracts.py; tests/test_bot_paywall.py; tests/test_app_bot_parity_smoke.py,Entrypoint maps to canonical story row(s) with direct test refs.,Keep story mapping current when handler/component behavior changes.,2026-07-05
TG-HANDLER-002,aiogram_handler,Telegram bots,router.message(CommandStart()),cmd_start,portal_bot\bot.py:3540,direct_story_test_ref,82,TELEGRAM_BOTS-TG-MAIN-001; TELEGRAM_BOTS-TG-MAIN-002; TELEGRAM_BOTS-TG-MAIN-003; TELEGRAM_BOTS-TG-MAIN-004; TELEGRAM_BOTS-TG-MAIN-005; TELEGRAM_BOTS-TG-MAIN-027; TELEGRAM_BOTS-TG-ADMIN-001; TELEGRAM_BOTS-TG-ADMIN-012; TELEGRAM_BOTS-TG-MAIN-033; TELEGRAM_BOTS-TG-SUPPORT-001; TELEGRAM_BOTS-TG-SUPPORT-002; TELEGRAM_BOTS-TG-FEEDBACK-001; TELEGRAM_BOTS-TG-LEGACY-001; WEBAPP-WEB-005; WEBAPP-WEB-014; WEBAPP-WEB-020; WEBAPP-ADM-018; MARKETING-ML-005; MARKETING-ML-008; MARKETING-ML-010; MARKETING-ML-013; MARKETING-ML-016; MARKETING-ML-036; MARKETING-ML-037; MARKETING-ML-038; MARKETING-ML-039; MARKETING-ML-040; MARKETING-ML-041; MARKETING-ML-042; MARKETING-ML-043; CLIENT_APP-US-002; CLIENT_APP-US-009; CLIENT_APP-US-015; CLIENT_APP-US-049; CLIENT_APP-US-055; CLIENT_APP-US-061; BACKEND-API-007; BACKEND-API-013; BACKEND-API-016; BACKEND-API-035; BACKEND-API-054; BACKEND-API-058; BACKEND-API-062; BACKEND-API-063; BACKEND-API-115; BACKEND-API-116; BACKEND-API-117; BACKEND-API-118; BACKEND-API-119; BACKEND-API-120; BACKEND-API-121; BACKEND-API-122; BACKEND-API-123; BACKEND-API-124; BACKEND-API-125; BACKEND-API-126; BACKEND-API-127; BACKEND-API-128; BACKEND-API-129; BACKEND-API-130; BACKEND-API-131; BACKEND-API-132; BACKEND-API-137; BACKEND-API-138; BACKEND-API-139; BACKEND-API-142; BACKEND-API-143; BACKEND-API-144; BACKEND-API-145; BACKEND-API-146; BACKEND-API-147; BACKEND-API-148; BACKEND-API-149; BACKEND-API-150; BACKEND-API-151; BACKEND-API-152; BACKEND-API-153; BACKEND-API-154; OPS-SCRIPT-080; OPS-SCRIPT-115; OPS-SCRIPT-116; OPS-SCRIPT-121,39,tests/test_telegram_story_contracts.py; tests/test_bot_paywall.py; tests/test_app_bot_parity_smoke.py; portal_bot/tests/test_telegram_oidc_auth.py; tests/test_api_auth_and_tickets.py; tests/test_feedbackbot_moderation.py; tests/test_reviews_username_masking.py; tests/test_backend_route_gap_coverage.py; tests/test_brain_telegram_bot_menu_check.py; tests/test_helpbot_lifecycle.py; tests/test_support_macros_contract.py; tests/test_pokrov_migration_defaults.py; webapp/e2e/cabinet-flow.spec.ts; webapp/e2e/telegram-login-refresh.spec.ts; webapp/e2e/oidc-fallback.spec.ts; tests/test_frontend_text_integrity.py; tests/test_api_payments_callbacks.py; webapp/e2e/settings-email-link.spec.ts; webapp/e2e/admin-gate.spec.ts; tests/test_admin_webapp_smoke.py; tests/test_marketing_story_contracts.py; tests/test_marketing_release_readiness.py; tests/test_public_copy_guardrails.py; tests/test_ui_visual_smoke.py; POKROV-app/packages/app_shell/test/pokrov_seed_app_test.dart; POKROV-app/packages/app_shell/test/app_first_runtime_bootstrap_test.dart; POKROV-app/packages/runtime_engine/test/runtime_engine_test.dart; POKROV-app/apps/windows_shell/test/widget_test.dart; POKROV-app/apps/windows_shell/test/windows_release_contract_test.dart; portal_bot/tests/test_email_auth.py; portal_bot/tests/test_app_first_api.py; tests/test_api_lifecycle_smoke.py; tests/test_api_p0_extensions.py; tests/test_client_ui_api_additions.py; tests/test_network_rollout_api.py; tests/test_smart_connect_api.py; tests/test_remote_script_gap_batch.py; tests/test_postgres_operator_scripts.py; tests/test_story_test_evidence_audit.py,Entrypoint maps to canonical story row(s) with direct test refs.,Keep story mapping current when handler/component behavior changes.,2026-07-05
TG-HANDLER-003,aiogram_handler,Telegram bots,router.callback_query(F.data == 'back'),back_to_main,portal_bot\bot.py:3828,direct_story_test_ref,225,TELEGRAM_BOTS-TG-MAIN-002; TELEGRAM_BOTS-TG-MAIN-009; TELEGRAM_BOTS-TG-MAIN-013; TELEGRAM_BOTS-TG-MAIN-018; TELEGRAM_BOTS-TG-MAIN-024; TELEGRAM_BOTS-TG-MAIN-025; TELEGRAM_BOTS-TG-MAIN-028; TELEGRAM_BOTS-TG-MAIN-030; TELEGRAM_BOTS-TG-ADMIN-001; TELEGRAM_BOTS-TG-ADMIN-005; TELEGRAM_BOTS-TG-ADMIN-006; TELEGRAM_BOTS-TG-ADMIN-012; TELEGRAM_BOTS-TG-MAIN-032; TELEGRAM_BOTS-TG-SUPPORT-001; TELEGRAM_BOTS-TG-SUPPORT-004; TELEGRAM_BOTS-TG-SUPPORT-006; TELEGRAM_BOTS-TG-FEEDBACK-001; TELEGRAM_BOTS-TG-FEEDBACK-002; TELEGRAM_BOTS-TG-LEGACY-001; WEBAPP-WEB-005; WEBAPP-WEB-008; WEBAPP-WEB-012; WEBAPP-WEB-013; WEBAPP-WEB-014; WEBAPP-WEB-021; WEBAPP-WEB-022; WEBAPP-ADM-002; WEBAPP-ADM-009; WEBAPP-ADM-016; WEBAPP-ADM-023; WEBAPP-ADM-024; WEBAPP-ADM-032; MARKETING-ML-007; MARKETING-ML-013; MARKETING-ML-034; MARKETING-ML-037; MARKETING-ML-038; MARKETING-ML-042; CLIENT_APP-US-005; CLIENT_APP-US-016; CLIENT_APP-US-018; CLIENT_APP-US-019; CLIENT_APP-US-023; CLIENT_APP-US-024; CLIENT_APP-US-031; CLIENT_APP-US-036; CLIENT_APP-US-039; CLIENT_APP-US-047; CLIENT_APP-US-048; CLIENT_APP-US-053; CLIENT_APP-US-054; CLIENT_APP-US-055; CLIENT_APP-US-056; CLIENT_APP-US-060; BACKEND-API-001; BACKEND-API-002; BACKEND-API-003; BACKEND-API-004; BACKEND-API-005; BACKEND-API-006; BACKEND-API-007; BACKEND-API-008; BACKEND-API-009; BACKEND-API-010; BACKEND-API-011; BACKEND-API-012; BACKEND-API-013; BACKEND-API-014; BACKEND-API-015; BACKEND-API-016; BACKEND-API-017; BACKEND-API-018; BACKEND-API-019; BACKEND-API-020; BACKEND-API-021; BACKEND-API-022; BACKEND-API-023; BACKEND-API-024; BACKEND-API-025; BACKEND-API-026; BACKEND-API-027; BACKEND-API-028; BACKEND-API-029; BACKEND-API-030; BACKEND-API-031; BACKEND-API-032; BACKEND-API-033; BACKEND-API-034; BACKEND-API-035; BACKEND-API-036; BACKEND-API-037; BACKEND-API-038; BACKEND-API-039; BACKEND-API-040; BACKEND-API-041; BACKEND-API-042; BACKEND-API-043; BACKEND-API-044; BACKEND-API-045; BACKEND-API-046; BACKEND-API-047; BACKEND-API-048; BACKEND-API-049; BACKEND-API-050; BACKEND-API-051; BACKEND-API-052; BACKEND-API-053; BACKEND-API-054; BACKEND-API-055; BACKEND-API-056; BACKEND-API-057; BACKEND-API-058; BACKEND-API-059; BACKEND-API-060; BACKEND-API-061; BACKEND-API-062; BACKEND-API-063; BACKEND-API-064; BACKEND-API-065; BACKEND-API-066; BACKEND-API-067; BACKEND-API-068; BACKEND-API-069; BACKEND-API-070; BACKEND-API-071; BACKEND-API-072; BACKEND-API-073; BACKEND-API-074; BACKEND-API-075; BACKEND-API-076; BACKEND-API-077; BACKEND-API-078; BACKEND-API-079; BACKEND-API-080; BACKEND-API-081; BACKEND-API-082; BACKEND-API-083; BACKEND-API-084; BACKEND-API-085; BACKEND-API-086; BACKEND-API-087; BACKEND-API-088; BACKEND-API-089; BACKEND-API-090; BACKEND-API-091; BACKEND-API-092; BACKEND-API-093; BACKEND-API-094; BACKEND-API-095; BACKEND-API-096; BACKEND-API-097; BACKEND-API-098; BACKEND-API-099; BACKEND-API-100; BACKEND-API-101; BACKEND-API-102; BACKEND-API-103; BACKEND-API-104; BACKEND-API-105; BACKEND-API-106; BACKEND-API-107; BACKEND-API-108; BACKEND-API-109; BACKEND-API-110; BACKEND-API-111; BACKEND-API-112; BACKEND-API-113; BACKEND-API-114; BACKEND-API-115; BACKEND-API-116; BACKEND-API-117; BACKEND-API-118; BACKEND-API-119; BACKEND-API-120; BACKEND-API-121; BACKEND-API-122; BACKEND-API-123; BACKEND-API-124; BACKEND-API-125; BACKEND-API-126; BACKEND-API-127; BACKEND-API-128; BACKEND-API-129; BACKEND-API-130; BACKEND-API-131; BACKEND-API-132; BACKEND-API-133; BACKEND-API-134; BACKEND-API-135; BACKEND-API-136; BACKEND-API-137; BACKEND-API-138; BACKEND-API-139; BACKEND-API-140; BACKEND-API-141; BACKEND-API-142; BACKEND-API-143; BACKEND-API-144; BACKEND-API-145; BACKEND-API-146; BACKEND-API-147; BACKEND-API-148; BACKEND-API-149; BACKEND-API-150; BACKEND-API-151; BACKEND-API-152; BACKEND-API-153; BACKEND-API-154; BACKEND-API-155; BACKEND-API-156; BACKEND-API-157; BACKEND-API-158; BACKEND-API-159; BACKEND-API-160; BACKEND-API-161; BACKEND-API-162; BACKEND-API-163; BACKEND-API-164; BACKEND-API-165; OPS-SCRIPT-006; OPS-SCRIPT-011; OPS-SCRIPT-069; OPS-SCRIPT-094; OPS-SCRIPT-116; OPS-SCRIPT-123,52,tests/test_telegram_story_contracts.py; tests/test_bot_paywall.py; tests/test_app_bot_parity_smoke.py; tests/test_api_payments_callbacks.py; tests/test_lavatop_payment_providers.py; portal_bot/tests/test_channel_bonus_service.py; tests/test_api_auth_and_tickets.py; tests/test_backend_route_gap_coverage.py; tests/test_helpbot_lifecycle.py; tests/test_feedbackbot_moderation.py; tests/test_reviews_username_masking.py; tests/test_worker_retention.py; tests/test_support_macros_contract.py; tests/test_pokrov_migration_defaults.py; webapp/e2e/cabinet-flow.spec.ts; webapp/e2e/telegram-login-refresh.spec.ts; webapp/e2e/oidc-fallback.spec.ts; tests/test_frontend_text_integrity.py; webapp/e2e/admin-gate.spec.ts; tests/test_admin_webapp_smoke.py; tests/test_admin_payments_api.py; tests/test_marketing_story_contracts.py; tests/test_marketing_release_readiness.py; tests/test_public_copy_guardrails.py; tests/test_ui_visual_smoke.py; POKROV-app/packages/app_shell/test/pokrov_seed_app_test.dart; POKROV-app/packages/app_shell/test/app_first_runtime_bootstrap_test.dart; POKROV-app/packages/app_shell/test/warp_lifecycle_contract_test.dart; POKROV-app/packages/app_shell/test/assistant_contract_test.dart; POKROV-app/packages/runtime_engine/test/runtime_engine_test.dart; POKROV-app/apps/android_shell/test/widget_test.dart; POKROV-app/apps/android_shell/test/android_manifest_test.dart; tests/test_remote_deploy_brain_static_sites.py; tests/test_collect_xray_observer.py; tests/test_observer_api.py; portal_bot/tests/test_telegram_oidc_auth.py; portal_bot/tests/test_email_auth.py; tests/test_public_beta_post_deploy_probe.py; webapp/e2e/settings-email-link.spec.ts; portal_bot/tests/test_app_first_api.py; tests/test_api_lifecycle_smoke.py; tests/test_api_p0_extensions.py; tests/test_client_ui_api_additions.py; tests/test_network_rollout_api.py; tests/test_smart_connect_api.py; tests/test_freekassa_staging_smoke.py; tests/test_public_beta_launch_decision.py; tests/test_ops_script_gap_batch.py; tests/test_cleanup_inventory.py; tests/test_remote_script_gap_batch.py; tests/test_shared_surface_facts.py; tests/test_postgres_operator_scripts.py,Entrypoint maps to canonical story row(s) with direct test refs.,Keep story mapping current when handler/component behavior changes.,2026-07-05
TG-HANDLER-004,aiogram_handler,Telegram bots,router.callback_query(F.data == 'charge'),show_tariffs,portal_bot\bot.py:3852,direct_story_test_ref,2,TELEGRAM_BOTS-TG-MAIN-006; TELEGRAM_BOTS-TG-MAIN-007,3,tests/test_telegram_story_contracts.py; tests/test_bot_paywall.py; tests/test_app_bot_parity_smoke.py,Entrypoint maps to canonical story row(s) with direct test refs.,Keep story mapping current when handler/component behavior changes.,2026-07-05
TG-HANDLER-005,aiogram_handler,Telegram bots,router.callback_query(F.data == 'charge_stars'),show_tariffs_stars,portal_bot\bot.py:3882,direct_story_test_ref,1,TELEGRAM_BOTS-TG-MAIN-007,3,tests/test_telegram_story_contracts.py; tests/test_bot_paywall.py; tests/test_app_bot_parity_smoke.py,Entrypoint maps to canonical story row(s) with direct test refs.,Keep story mapping current when handler/component behavior changes.,2026-07-05
TG-HANDLER-006,aiogram_handler,Telegram bots,router.callback_query(F.data == 'charge_long'),show_long_tariffs,portal_bot\bot.py:3898,direct_story_test_ref,2,TELEGRAM_BOTS-TG-MAIN-006; TELEGRAM_BOTS-TG-MAIN-007,3,tests/test_telegram_story_contracts.py; tests/test_bot_paywall.py; tests/test_app_bot_parity_smoke.py,Entrypoint maps to canonical story row(s) with direct test refs.,Keep story mapping current when handler/component behavior changes.,2026-07-05
TG-HANDLER-007,aiogram_handler,Telegram bots,router.callback_query(F.data == 'accept_tos'),accept_tos,portal_bot\bot.py:3918,direct_story_test_ref,2,TELEGRAM_BOTS-TG-MAIN-005; TELEGRAM_BOTS-TG-MAIN-006,3,tests/test_telegram_story_contracts.py; tests/test_bot_paywall.py; tests/test_app_bot_parity_smoke.py,Entrypoint maps to canonical story row(s) with direct test refs.,Keep story mapping current when handler/component behavior changes.,2026-07-05
TG-HANDLER-008,aiogram_handler,Telegram bots,router.callback_query(F.data == 'status'),show_status,portal_bot\bot.py:3974,direct_story_test_ref,53,TELEGRAM_BOTS-TG-MAIN-009; TELEGRAM_BOTS-TG-MAIN-012; TELEGRAM_BOTS-TG-MAIN-028; TELEGRAM_BOTS-TG-ADMIN-003; TELEGRAM_BOTS-TG-ADMIN-006; TELEGRAM_BOTS-TG-ADMIN-007; TELEGRAM_BOTS-TG-SUPPORT-002; TELEGRAM_BOTS-TG-SUPPORT-006; WEBAPP-WEB-009; WEBAPP-WEB-010; WEBAPP-WEB-015; WEBAPP-WEB-021; WEBAPP-ADM-005; WEBAPP-ADM-006; WEBAPP-ADM-009; WEBAPP-ADM-022; WEBAPP-ADM-024; WEBAPP-ADM-025; WEBAPP-ADM-026; WEBAPP-ADM-033; WEBAPP-ADM-034; MARKETING-ML-011; MARKETING-ML-030; MARKETING-ML-038; MARKETING-ML-039; MARKETING-ML-041; CLIENT_APP-US-013; CLIENT_APP-US-017; CLIENT_APP-US-033; CLIENT_APP-US-034; CLIENT_APP-US-037; CLIENT_APP-US-043; CLIENT_APP-US-051; CLIENT_APP-US-066; CLIENT_APP-US-067; BACKEND-API-009; BACKEND-API-010; BACKEND-API-011; BACKEND-API-012; BACKEND-API-013; BACKEND-API-014; BACKEND-API-030; BACKEND-API-044; BACKEND-API-045; BACKEND-API-062; BACKEND-API-077; BACKEND-API-155; BACKEND-API-156; BACKEND-API-157; OPS-SCRIPT-099; OPS-SCRIPT-109; OPS-SCRIPT-112; OPS-SCRIPT-115,35,tests/test_telegram_story_contracts.py; tests/test_bot_paywall.py; tests/test_app_bot_parity_smoke.py; tests/test_api_payments_callbacks.py; tests/test_lavatop_payment_providers.py; tests/test_backend_route_gap_coverage.py; tests/test_api_auth_and_tickets.py; tests/test_feedbackbot_moderation.py; tests/test_reviews_username_masking.py; tests/test_helpbot_lifecycle.py; tests/test_support_macros_contract.py; webapp/e2e/cabinet-flow.spec.ts; tests/test_frontend_text_integrity.py; portal_bot/tests/test_channel_bonus_service.py; webapp/e2e/admin-gate.spec.ts; tests/test_admin_webapp_smoke.py; tests/test_admin_payments_api.py; tests/test_marketing_story_contracts.py; tests/test_marketing_release_readiness.py; tests/test_public_copy_guardrails.py; tests/test_ui_visual_smoke.py; POKROV-app/packages/app_shell/test/pokrov_seed_app_test.dart; POKROV-app/packages/app_shell/test/warp_lifecycle_contract_test.dart; POKROV-app/packages/app_shell/test/app_first_runtime_bootstrap_test.dart; POKROV-app/packages/app_shell/test/ui_copy_contract_test.dart; POKROV-app/docs/operations/2026-06-13-pokrov-product-ui-plan-closure-audit.md; POKROV-app/docs/operations/cutover-readiness.md; portal_bot/tests/test_email_auth.py; tests/test_public_beta_post_deploy_probe.py; webapp/e2e/settings-email-link.spec.ts; tests/test_network_rollout_api.py; tests/test_api_p0_extensions.py; portal_bot/tests/test_app_first_api.py; tests/test_story_test_evidence_audit.py; tests/test_postgres_operator_scripts.py,Entrypoint maps to canonical story row(s) with direct test refs.,Keep story mapping current when handler/component behavior changes.,2026-07-05
TG-HANDLER-009,aiogram_handler,Telegram bots,router.callback_query(F.data == 'show_key'),show_key,portal_bot\bot.py:4049,direct_story_test_ref,2,TELEGRAM_BOTS-TG-MAIN-006; TELEGRAM_BOTS-TG-MAIN-013,3,tests/test_telegram_story_contracts.py; tests/test_bot_paywall.py; tests/test_app_bot_parity_smoke.py,Entrypoint maps to canonical story row(s) with direct test refs.,Keep story mapping current when handler/component behavior changes.,2026-07-05
TG-HANDLER-010,aiogram_handler,Telegram bots,router.callback_query(F.data == 'copy_key'),copy_key_callback,portal_bot\bot.py:4168,direct_story_test_ref,1,TELEGRAM_BOTS-TG-MAIN-013,3,tests/test_telegram_story_contracts.py; tests/test_bot_paywall.py; tests/test_app_bot_parity_smoke.py,Entrypoint maps to canonical story row(s) with direct test refs.,Keep story mapping current when handler/component behavior changes.,2026-07-05
TG-HANDLER-011,aiogram_handler,Telegram bots,router.callback_query(F.data == 'show_qr'),show_qr_code,portal_bot\bot.py:4176,direct_story_test_ref,1,TELEGRAM_BOTS-TG-MAIN-013,3,tests/test_telegram_story_contracts.py; tests/test_bot_paywall.py; tests/test_app_bot_parity_smoke.py,Entrypoint maps to canonical story row(s) with direct test refs.,Keep story mapping current when handler/component behavior changes.,2026-07-05
TG-HANDLER-012,aiogram_handler,Telegram bots,router.callback_query(F.data == 'share_access'),share_family_access,portal_bot\bot.py:4203,direct_story_test_ref,1,TELEGRAM_BOTS-TG-MAIN-013,3,tests/test_telegram_story_contracts.py; tests/test_bot_paywall.py; tests/test_app_bot_parity_smoke.py,Entrypoint maps to canonical story row(s) with direct test refs.,Keep story mapping current when handler/component behavior changes.,2026-07-05
TG-HANDLER-013,aiogram_handler,Telegram bots,router.callback_query(F.data == 'panic_menu'),panic_menu,portal_bot\bot.py:4218,direct_story_test_ref,1,TELEGRAM_BOTS-TG-MAIN-014,3,tests/test_telegram_story_contracts.py; tests/test_bot_paywall.py; tests/test_app_bot_parity_smoke.py,Entrypoint maps to canonical story row(s) with direct test refs.,Keep story mapping current when handler/component behavior changes.,2026-07-05
TG-HANDLER-014,aiogram_handler,Telegram bots,router.callback_query(F.data == 'panic_execute'),panic_execute,portal_bot\bot.py:4261,direct_story_test_ref,1,TELEGRAM_BOTS-TG-MAIN-014,3,tests/test_telegram_story_contracts.py; tests/test_bot_paywall.py; tests/test_app_bot_parity_smoke.py,Entrypoint maps to canonical story row(s) with direct test refs.,Keep story mapping current when handler/component behavior changes.,2026-07-05
TG-HANDLER-015,aiogram_handler,Telegram bots,router.callback_query(F.data == 'mtproto'),show_mtproto,portal_bot\bot.py:4315,direct_story_test_ref,1,OPS-SCRIPT-071,1,tests/test_remote_install_mtproto_proxy.py,Entrypoint maps to canonical story row(s) with direct test refs.,Keep story mapping current when handler/component behavior changes.,2026-07-05
TG-HANDLER-016,aiogram_handler,Telegram bots,router.callback_query(F.data == 'instruction'),show_instruction,portal_bot\bot.py:4324,direct_story_test_ref,3,TELEGRAM_BOTS-TG-MAIN-015; WEBAPP-WEB-020; MARKETING-ML-046,11,tests/test_telegram_story_contracts.py; tests/test_bot_paywall.py; tests/test_app_bot_parity_smoke.py; webapp/e2e/cabinet-flow.spec.ts; webapp/e2e/telegram-login-refresh.spec.ts; webapp/e2e/settings-email-link.spec.ts; tests/test_frontend_text_integrity.py; tests/test_marketing_story_contracts.py; tests/test_marketing_release_readiness.py; tests/test_public_copy_guardrails.py; tests/test_ui_visual_smoke.py,Entrypoint maps to canonical story row(s) with direct test refs.,Keep story mapping current when handler/component behavior changes.,2026-07-05
TG-HANDLER-017,aiogram_handler,Telegram bots,router.callback_query(F.data == 'confused_help'),confused_help,portal_bot\bot.py:4347,direct_story_test_ref,1,TELEGRAM_BOTS-TG-MAIN-017,3,tests/test_telegram_story_contracts.py; tests/test_bot_paywall.py; tests/test_app_bot_parity_smoke.py,Entrypoint maps to canonical story row(s) with direct test refs.,Keep story mapping current when handler/component behavior changes.,2026-07-05
TG-HANDLER-018,aiogram_handler,Telegram bots,router.callback_query(F.data == 'settings'),show_settings,portal_bot\bot.py:4366,direct_story_test_ref,8,TELEGRAM_BOTS-TG-MAIN-017; TELEGRAM_BOTS-TG-ADMIN-011; WEBAPP-WEB-018; WEBAPP-WEB-019; WEBAPP-WEB-020; WEBAPP-WEB-021; OPS-SCRIPT-088; OPS-SCRIPT-089,10,tests/test_telegram_story_contracts.py; tests/test_bot_paywall.py; tests/test_app_bot_parity_smoke.py; tests/test_api_auth_and_tickets.py; webapp/e2e/cabinet-flow.spec.ts; tests/test_frontend_text_integrity.py; webapp/e2e/settings-email-link.spec.ts; webapp/e2e/telegram-login-refresh.spec.ts; portal_bot/tests/test_channel_bonus_service.py; tests/test_remote_script_gap_batch.py,Entrypoint maps to canonical story row(s) with direct test refs.,Keep story mapping current when handler/component behavior changes.,2026-07-05
TG-HANDLER-019,aiogram_handler,Telegram bots,"router.callback_query(F.data.in_({'instr_ios', 'instr_android', 'instr_win', 'instr_mac'}))",instruction_platform,portal_bot\bot.py:4389,direct_story_test_ref,1,TELEGRAM_BOTS-TG-MAIN-015,3,tests/test_telegram_story_contracts.py; tests/test_bot_paywall.py; tests/test_app_bot_parity_smoke.py,Entrypoint maps to canonical story row(s) with direct test refs.,Keep story mapping current when handler/component behavior changes.,2026-07-05
TG-HANDLER-020,aiogram_handler,Telegram bots,router.callback_query(F.data == 'menu_bonuses'),menu_bonuses,portal_bot\bot.py:4440,direct_story_test_ref,1,TELEGRAM_BOTS-TG-MAIN-019,3,tests/test_telegram_story_contracts.py; tests/test_bot_paywall.py; tests/test_app_bot_parity_smoke.py,Entrypoint maps to canonical story row(s) with direct test refs.,Keep story mapping current when handler/component behavior changes.,2026-07-05
TG-HANDLER-021,aiogram_handler,Telegram bots,router.callback_query(F.data == 'menu_more'),menu_more,portal_bot\bot.py:4482,direct_story_test_ref,1,TELEGRAM_BOTS-TG-MAIN-024,3,tests/test_telegram_story_contracts.py; tests/test_bot_paywall.py; tests/test_app_bot_parity_smoke.py,Entrypoint maps to canonical story row(s) with direct test refs.,Keep story mapping current when handler/component behavior changes.,2026-07-05
TG-HANDLER-022,aiogram_handler,Telegram bots,router.callback_query(F.data == 'promo_help'),promo_help,portal_bot\bot.py:4520,direct_story_test_ref,1,TELEGRAM_BOTS-TG-MAIN-025,3,tests/test_telegram_story_contracts.py; tests/test_bot_paywall.py; tests/test_app_bot_parity_smoke.py,Entrypoint maps to canonical story row(s) with direct test refs.,Keep story mapping current when handler/component behavior changes.,2026-07-05
TG-HANDLER-023,aiogram_handler,Telegram bots,router.callback_query(F.data == 'gift_redeem_prompt'),gift_redeem_prompt,portal_bot\bot.py:4536,direct_story_test_ref,1,TELEGRAM_BOTS-TG-MAIN-024,3,tests/test_telegram_story_contracts.py; tests/test_bot_paywall.py; tests/test_app_bot_parity_smoke.py,Entrypoint maps to canonical story row(s) with direct test refs.,Keep story mapping current when handler/component behavior changes.,2026-07-05
TG-HANDLER-024,aiogram_handler,Telegram bots,router.callback_query(F.data == 'promo_activate_prompt'),promo_activate_prompt,portal_bot\bot.py:4552,direct_story_test_ref,1,TELEGRAM_BOTS-TG-MAIN-025,3,tests/test_telegram_story_contracts.py; tests/test_bot_paywall.py; tests/test_app_bot_parity_smoke.py,Entrypoint maps to canonical story row(s) with direct test refs.,Keep story mapping current when handler/component behavior changes.,2026-07-05
TG-HANDLER-025,aiogram_handler,Telegram bots,router.callback_query(F.data == 'review_start'),review_start,portal_bot\bot.py:4567,direct_story_test_ref,1,TELEGRAM_BOTS-TG-MAIN-027,5,tests/test_telegram_story_contracts.py; tests/test_bot_paywall.py; tests/test_app_bot_parity_smoke.py; tests/test_feedbackbot_moderation.py; tests/test_reviews_username_masking.py,Entrypoint maps to canonical story row(s) with direct test refs.,Keep story mapping current when handler/component behavior changes.,2026-07-05
TG-HANDLER-026,aiogram_handler,Telegram bots,router.callback_query(F.data == 'referral'),show_referral,portal_bot\bot.py:4600,direct_story_test_ref,29,TELEGRAM_BOTS-TG-MAIN-003; TELEGRAM_BOTS-TG-MAIN-019; TELEGRAM_BOTS-TG-MAIN-020; TELEGRAM_BOTS-TG-ADMIN-003; TELEGRAM_BOTS-TG-ADMIN-015; WEBAPP-ADM-018; WEBAPP-ADM-019; WEBAPP-ADM-020; CLIENT_APP-US-044; CLIENT_APP-US-045; CLIENT_APP-US-054; BACKEND-API-064; BACKEND-API-065; BACKEND-API-066; BACKEND-API-067; BACKEND-API-068; BACKEND-API-069; BACKEND-API-070; BACKEND-API-071; BACKEND-API-072; BACKEND-API-073; BACKEND-API-075; BACKEND-API-089; BACKEND-API-112; BACKEND-API-114; BACKEND-API-135; BACKEND-API-136; BACKEND-API-140; BACKEND-API-141,16,tests/test_telegram_story_contracts.py; tests/test_bot_paywall.py; tests/test_app_bot_parity_smoke.py; tests/test_api_auth_and_tickets.py; webapp/e2e/admin-gate.spec.ts; tests/test_admin_webapp_smoke.py; tests/test_backend_route_gap_coverage.py; POKROV-app/packages/app_shell/test/pokrov_seed_app_test.dart; POKROV-app/packages/app_shell/test/app_first_runtime_bootstrap_test.dart; portal_bot/tests/test_app_first_api.py; tests/test_api_lifecycle_smoke.py; webapp/e2e/cabinet-flow.spec.ts; webapp/e2e/settings-email-link.spec.ts; portal_bot/tests/test_email_auth.py; tests/test_observer_api.py; tests/test_network_rollout_api.py,Entrypoint maps to canonical story row(s) with direct test refs.,Keep story mapping current when handler/component behavior changes.,2026-07-05
TG-HANDLER-027,aiogram_handler,Telegram bots,router.callback_query(F.data == 'wheel'),show_wheel,portal_bot\bot.py:4638,direct_story_test_ref,20,TELEGRAM_BOTS-TG-MAIN-019; TELEGRAM_BOTS-TG-MAIN-021; TELEGRAM_BOTS-TG-ADMIN-001; TELEGRAM_BOTS-TG-ADMIN-011; WEBAPP-ADM-016; CLIENT_APP-US-044; CLIENT_APP-US-047; BACKEND-API-064; BACKEND-API-065; BACKEND-API-066; BACKEND-API-067; BACKEND-API-068; BACKEND-API-069; BACKEND-API-070; BACKEND-API-071; BACKEND-API-072; BACKEND-API-073; BACKEND-API-075; BACKEND-API-131; BACKEND-API-132,12,tests/test_telegram_story_contracts.py; tests/test_bot_paywall.py; tests/test_app_bot_parity_smoke.py; tests/test_api_auth_and_tickets.py; webapp/e2e/admin-gate.spec.ts; tests/test_admin_webapp_smoke.py; POKROV-app/packages/app_shell/test/pokrov_seed_app_test.dart; POKROV-app/packages/app_shell/test/app_first_runtime_bootstrap_test.dart; portal_bot/tests/test_app_first_api.py; tests/test_api_lifecycle_smoke.py; webapp/e2e/cabinet-flow.spec.ts; webapp/e2e/settings-email-link.spec.ts,Entrypoint maps to canonical story row(s) with direct test refs.,Keep story mapping current when handler/component behavior changes.,2026-07-05
TG-HANDLER-028,aiogram_handler,Telegram bots,router.callback_query(F.data == 'wheel_spin'),do_wheel_spin,portal_bot\bot.py:4703,direct_story_test_ref,2,TELEGRAM_BOTS-TG-MAIN-021; BACKEND-API-069,6,tests/test_telegram_story_contracts.py; tests/test_bot_paywall.py; tests/test_app_bot_parity_smoke.py; POKROV-app/packages/app_shell/test/app_first_runtime_bootstrap_test.dart; POKROV-app/packages/app_shell/test/pokrov_seed_app_test.dart; portal_bot/tests/test_app_first_api.py,Entrypoint maps to canonical story row(s) with direct test refs.,Keep story mapping current when handler/component behavior changes.,2026-07-05
TG-HANDLER-029,aiogram_handler,Telegram bots,router.callback_query(F.data == 'achievements'),show_achievements,portal_bot\bot.py:4788,direct_story_test_ref,4,TELEGRAM_BOTS-TG-MAIN-019; TELEGRAM_BOTS-TG-MAIN-021; TELEGRAM_BOTS-TG-MAIN-022; TELEGRAM_BOTS-TG-ADMIN-003,4,tests/test_telegram_story_contracts.py; tests/test_bot_paywall.py; tests/test_app_bot_parity_smoke.py; tests/test_api_auth_and_tickets.py,Entrypoint maps to canonical story row(s) with direct test refs.,Keep story mapping current when handler/component behavior changes.,2026-07-05
TG-HANDLER-030,aiogram_handler,Telegram bots,router.callback_query(F.data == 'streak'),show_streak,portal_bot\bot.py:4831,direct_story_test_ref,3,TELEGRAM_BOTS-TG-MAIN-019; TELEGRAM_BOTS-TG-MAIN-022; TELEGRAM_BOTS-TG-ADMIN-003,4,tests/test_telegram_story_contracts.py; tests/test_bot_paywall.py; tests/test_app_bot_parity_smoke.py; tests/test_api_auth_and_tickets.py,Entrypoint maps to canonical story row(s) with direct test refs.,Keep story mapping current when handler/component behavior changes.,2026-07-05
TG-HANDLER-031,aiogram_handler,Telegram bots,router.callback_query(F.data == 'buy_family_slot'),buy_family_slot,portal_bot\bot.py:4879,direct_story_test_ref,2,TELEGRAM_BOTS-TG-MAIN-007; TELEGRAM_BOTS-TG-MAIN-023,3,tests/test_telegram_story_contracts.py; tests/test_bot_paywall.py; tests/test_app_bot_parity_smoke.py,Entrypoint maps to canonical story row(s) with direct test refs.,Keep story mapping current when handler/component behavior changes.,2026-07-05
TG-HANDLER-032,aiogram_handler,Telegram bots,router.callback_query(F.data == 'gift_cards'),show_gift_cards,portal_bot\bot.py:4956,direct_story_test_ref,2,TELEGRAM_BOTS-TG-MAIN-011; TELEGRAM_BOTS-TG-MAIN-024,5,tests/test_telegram_story_contracts.py; tests/test_bot_paywall.py; tests/test_app_bot_parity_smoke.py; tests/test_api_payments_callbacks.py; tests/test_lavatop_payment_providers.py,Entrypoint maps to canonical story row(s) with direct test refs.,Keep story mapping current when handler/component behavior changes.,2026-07-05
TG-HANDLER-033,aiogram_handler,Telegram bots,router.callback_query(F.data.startswith('buy_giftcard_')),buy_gift_card,portal_bot\bot.py:4992,direct_story_test_ref,2,TELEGRAM_BOTS-TG-MAIN-007; TELEGRAM_BOTS-TG-MAIN-024,3,tests/test_telegram_story_contracts.py; tests/test_bot_paywall.py; tests/test_app_bot_parity_smoke.py,Entrypoint maps to canonical story row(s) with direct test refs.,Keep story mapping current when handler/component behavior changes.,2026-07-05
TG-HANDLER-034,aiogram_handler,Telegram bots,router.message(Command('redeem')),redeem_command,portal_bot\bot.py:5019,direct_story_test_ref,16,TELEGRAM_BOTS-TG-MAIN-006; TELEGRAM_BOTS-TG-MAIN-024; WEBAPP-WEB-010; WEBAPP-WEB-015; WEBAPP-ADM-022; MARKETING-ML-039; MARKETING-ML-043; CLIENT_APP-US-003; CLIENT_APP-US-041; BACKEND-API-074; BACKEND-API-075; BACKEND-API-076; BACKEND-API-077; BACKEND-API-078; BACKEND-API-079; OPS-SCRIPT-098,17,tests/test_telegram_story_contracts.py; tests/test_bot_paywall.py; tests/test_app_bot_parity_smoke.py; webapp/e2e/cabinet-flow.spec.ts; tests/test_frontend_text_integrity.py; webapp/e2e/admin-gate.spec.ts; tests/test_admin_webapp_smoke.py; tests/test_api_auth_and_tickets.py; tests/test_marketing_story_contracts.py; tests/test_marketing_release_readiness.py; tests/test_public_copy_guardrails.py; tests/test_ui_visual_smoke.py; tests/test_api_payments_callbacks.py; POKROV-app/packages/app_shell/test/pokrov_seed_app_test.dart; POKROV-app/packages/app_shell/test/app_first_runtime_bootstrap_test.dart; tests/test_api_lifecycle_smoke.py; portal_bot/tests/test_app_first_api.py,Entrypoint maps to canonical story row(s) with direct test refs.,Keep story mapping current when handler/component behavior changes.,2026-07-05
TG-HANDLER-035,aiogram_handler,Telegram bots,router.message(Command('share')),share_traffic,portal_bot\bot.py:5059,direct_story_test_ref,19,TELEGRAM_BOTS-TG-MAIN-013; TELEGRAM_BOTS-TG-MAIN-014; TELEGRAM_BOTS-TG-MAIN-026; TELEGRAM_BOTS-TG-MAIN-030; WEBAPP-WEB-012; MARKETING-ML-004; MARKETING-ML-010; MARKETING-ML-021; MARKETING-ML-022; MARKETING-ML-023; MARKETING-ML-024; MARKETING-ML-025; MARKETING-ML-026; MARKETING-ML-027; MARKETING-ML-028; CLIENT_APP-US-045; OPS-SCRIPT-094; OPS-SCRIPT-103; OPS-SCRIPT-118,14,tests/test_telegram_story_contracts.py; tests/test_bot_paywall.py; tests/test_app_bot_parity_smoke.py; tests/test_helpbot_lifecycle.py; tests/test_api_auth_and_tickets.py; webapp/e2e/cabinet-flow.spec.ts; tests/test_frontend_text_integrity.py; tests/test_marketing_story_contracts.py; tests/test_marketing_release_readiness.py; tests/test_public_copy_guardrails.py; tests/test_ui_visual_smoke.py; POKROV-app/packages/app_shell/test/pokrov_seed_app_test.dart; tests/test_shared_surface_facts.py; tests/test_postgres_operator_scripts.py,Entrypoint maps to canonical story row(s) with direct test refs.,Keep story mapping current when handler/component behavior changes.,2026-07-05
TG-HANDLER-036,aiogram_handler,Telegram bots,router.message(Command('review')),review_command,portal_bot\bot.py:5130,direct_story_test_ref,34,TELEGRAM_BOTS-TG-MAIN-024; TELEGRAM_BOTS-TG-MAIN-027; TELEGRAM_BOTS-TG-MAIN-031; TELEGRAM_BOTS-TG-ADMIN-001; TELEGRAM_BOTS-TG-ADMIN-006; TELEGRAM_BOTS-TG-FEEDBACK-001; TELEGRAM_BOTS-TG-FEEDBACK-002; WEBAPP-WEB-012; WEBAPP-WEB-014; WEBAPP-ADM-016; WEBAPP-ADM-029; MARKETING-ML-001; MARKETING-ML-011; MARKETING-ML-040; MARKETING-ML-048; MARKETING-ML-054; CLIENT_APP-US-052; BACKEND-API-003; BACKEND-API-004; BACKEND-API-005; BACKEND-API-036; BACKEND-API-037; BACKEND-API-038; BACKEND-API-039; BACKEND-API-040; BACKEND-API-041; BACKEND-API-042; BACKEND-API-043; BACKEND-API-044; BACKEND-API-049; BACKEND-API-050; BACKEND-API-054; BACKEND-API-082; BACKEND-API-083,23,tests/test_telegram_story_contracts.py; tests/test_bot_paywall.py; tests/test_app_bot_parity_smoke.py; tests/test_feedbackbot_moderation.py; tests/test_reviews_username_masking.py; tests/test_api_auth_and_tickets.py; webapp/e2e/cabinet-flow.spec.ts; tests/test_frontend_text_integrity.py; tests/test_api_payments_callbacks.py; webapp/e2e/admin-gate.spec.ts; tests/test_admin_webapp_smoke.py; tests/test_network_rollout_api.py; tests/test_marketing_story_contracts.py; tests/test_marketing_release_readiness.py; tests/test_public_copy_guardrails.py; tests/test_ui_visual_smoke.py; POKROV-app/packages/app_shell/test/pokrov_seed_app_test.dart; POKROV-app/packages/app_shell/test/assistant_contract_test.dart; tests/test_backend_route_gap_coverage.py; tests/test_public_beta_post_deploy_probe.py; tests/test_api_lifecycle_smoke.py; tests/test_freekassa_staging_smoke.py; tests/test_api_p0_extensions.py,Entrypoint maps to canonical story row(s) with direct test refs.,Keep story mapping current when handler/component behavior changes.,2026-07-05
TG-HANDLER-037,aiogram_handler,Telegram bots,router.callback_query(F.data.startswith('rate_')),rate_review,portal_bot\bot.py:5163,direct_story_test_ref,32,TELEGRAM_BOTS-TG-MAIN-009; TELEGRAM_BOTS-TG-MAIN-013; TELEGRAM_BOTS-TG-MAIN-014; TELEGRAM_BOTS-TG-MAIN-027; TELEGRAM_BOTS-TG-ADMIN-004; TELEGRAM_BOTS-TG-ADMIN-006; TELEGRAM_BOTS-TG-ADMIN-014; TELEGRAM_BOTS-TG-SUPPORT-005; WEBAPP-ADM-009; WEBAPP-ADM-015; WEBAPP-ADM-019; MARKETING-ML-001; CLIENT_APP-US-048; BACKEND-API-016; BACKEND-API-026; BACKEND-API-058; BACKEND-API-062; BACKEND-API-063; BACKEND-API-074; BACKEND-API-076; BACKEND-API-077; BACKEND-API-078; BACKEND-API-079; BACKEND-API-098; OPS-SCRIPT-030; OPS-SCRIPT-097; OPS-SCRIPT-099; OPS-SCRIPT-103; OPS-SCRIPT-116; OPS-SCRIPT-118; OPS-SCRIPT-120; OPS-SCRIPT-121,34,tests/test_telegram_story_contracts.py; tests/test_bot_paywall.py; tests/test_app_bot_parity_smoke.py; tests/test_api_payments_callbacks.py; tests/test_lavatop_payment_providers.py; tests/test_feedbackbot_moderation.py; tests/test_reviews_username_masking.py; tests/test_api_auth_and_tickets.py; tests/test_helpbot_lifecycle.py; tests/test_support_macros_contract.py; tests/test_support_ai_service.py; webapp/e2e/admin-gate.spec.ts; tests/test_admin_webapp_smoke.py; tests/test_backend_route_gap_coverage.py; tests/test_marketing_story_contracts.py; tests/test_marketing_release_readiness.py; tests/test_public_copy_guardrails.py; tests/test_frontend_text_integrity.py; tests/test_ui_visual_smoke.py; POKROV-app/packages/app_shell/test/pokrov_seed_app_test.dart; POKROV-app/packages/app_shell/test/app_first_runtime_bootstrap_test.dart; portal_bot/tests/test_app_first_api.py; portal_bot/tests/test_email_auth.py; tests/test_api_lifecycle_smoke.py; tests/test_api_p0_extensions.py; tests/test_client_ui_api_additions.py; tests/test_network_rollout_api.py; tests/test_smart_connect_api.py; webapp/e2e/cabinet-flow.spec.ts; tests/test_observer_api.py; tests/test_remote_script_gap_batch.py; tests/test_code_function_inventory.py; tests/test_story_test_evidence_audit.py; tests/test_postgres_operator_scripts.py,Entrypoint maps to canonical story row(s) with direct test refs.,Keep story mapping current when handler/component behavior changes.,2026-07-05
TG-HANDLER-038,aiogram_handler,Telegram bots,router.callback_query(F.data == 'review_skip_text'),skip_review_text,portal_bot\bot.py:5186,direct_story_test_ref,1,TELEGRAM_BOTS-TG-MAIN-027,5,tests/test_telegram_story_contracts.py; tests/test_bot_paywall.py; tests/test_app_bot_parity_smoke.py; tests/test_feedbackbot_moderation.py; tests/test_reviews_username_masking.py,Entrypoint maps to canonical story row(s) with direct test refs.,Keep story mapping current when handler/component behavior changes.,2026-07-05
TG-HANDLER-039,aiogram_handler,Telegram bots,router.message(),admin_broadcast_capture_any,portal_bot\bot.py:5207,direct_story_test_ref,2,WEBAPP-ADM-001; WEBAPP-ADM-002,3,webapp/e2e/admin-gate.spec.ts; tests/test_admin_webapp_smoke.py; tests/test_api_auth_and_tickets.py,Entrypoint maps to canonical story row(s) with direct test refs.,Keep story mapping current when handler/component behavior changes.,2026-07-05
TG-HANDLER-040,aiogram_handler,Telegram bots,router.message(F.text & ~F.text.startswith('/')),handle_text_input,portal_bot\bot.py:5252,direct_story_test_ref,1,TELEGRAM_BOTS-TG-MAIN-031,3,tests/test_telegram_story_contracts.py; tests/test_bot_paywall.py; tests/test_app_bot_parity_smoke.py,Entrypoint maps to canonical story row(s) with direct test refs.,Keep story mapping current when handler/component behavior changes.,2026-07-05
TG-HANDLER-041,aiogram_handler,Telegram bots,router.callback_query(F.data == 'network_status'),network_status,portal_bot\bot.py:5847,direct_story_test_ref,1,TELEGRAM_BOTS-TG-MAIN-028,5,tests/test_telegram_story_contracts.py; tests/test_bot_paywall.py; tests/test_app_bot_parity_smoke.py; tests/test_backend_route_gap_coverage.py; tests/test_api_auth_and_tickets.py,Entrypoint maps to canonical story row(s) with direct test refs.,Keep story mapping current when handler/component behavior changes.,2026-07-05
TG-HANDLER-042,aiogram_handler,Telegram bots,router.callback_query(F.data == 'network_status_scan'),network_status_scan,portal_bot\bot.py:5890,direct_story_test_ref,1,TELEGRAM_BOTS-TG-MAIN-028,5,tests/test_telegram_story_contracts.py; tests/test_bot_paywall.py; tests/test_app_bot_parity_smoke.py; tests/test_backend_route_gap_coverage.py; tests/test_api_auth_and_tickets.py,Entrypoint maps to canonical story row(s) with direct test refs.,Keep story mapping current when handler/component behavior changes.,2026-07-05
TG-HANDLER-043,aiogram_handler,Telegram bots,router.callback_query(F.data == 'support'),show_support,portal_bot\bot.py:5898,direct_story_test_ref,104,TELEGRAM_BOTS-TG-MAIN-006; TELEGRAM_BOTS-TG-MAIN-009; TELEGRAM_BOTS-TG-MAIN-010; TELEGRAM_BOTS-TG-MAIN-013; TELEGRAM_BOTS-TG-MAIN-029; TELEGRAM_BOTS-TG-MAIN-030; TELEGRAM_BOTS-TG-MAIN-031; TELEGRAM_BOTS-TG-ADMIN-004; TELEGRAM_BOTS-TG-ADMIN-012; TELEGRAM_BOTS-TG-SUPPORT-001; TELEGRAM_BOTS-TG-SUPPORT-002; TELEGRAM_BOTS-TG-SUPPORT-003; TELEGRAM_BOTS-TG-SUPPORT-005; TELEGRAM_BOTS-TG-SUPPORT-006; WEBAPP-WEB-004; WEBAPP-WEB-008; WEBAPP-WEB-010; WEBAPP-WEB-011; WEBAPP-WEB-014; WEBAPP-WEB-016; WEBAPP-WEB-017; WEBAPP-WEB-020; WEBAPP-WEB-022; WEBAPP-WEB-023; WEBAPP-WEB-024; WEBAPP-ADM-006; WEBAPP-ADM-033; MARKETING-ML-012; MARKETING-ML-019; MARKETING-ML-020; MARKETING-ML-025; MARKETING-ML-034; MARKETING-ML-035; MARKETING-ML-043; MARKETING-ML-044; MARKETING-ML-045; MARKETING-ML-055; CLIENT_APP-US-011; CLIENT_APP-US-012; CLIENT_APP-US-016; CLIENT_APP-US-026; CLIENT_APP-US-029; CLIENT_APP-US-032; CLIENT_APP-US-034; CLIENT_APP-US-037; CLIENT_APP-US-043; CLIENT_APP-US-048; CLIENT_APP-US-049; CLIENT_APP-US-050; CLIENT_APP-US-051; CLIENT_APP-US-052; CLIENT_APP-US-053; CLIENT_APP-US-054; CLIENT_APP-US-059; BACKEND-API-003; BACKEND-API-004; BACKEND-API-005; BACKEND-API-019; BACKEND-API-026; BACKEND-API-036; BACKEND-API-037; BACKEND-API-038; BACKEND-API-039; BACKEND-API-040; BACKEND-API-041; BACKEND-API-042; BACKEND-API-043; BACKEND-API-044; BACKEND-API-049; BACKEND-API-050; BACKEND-API-054; BACKEND-API-082; BACKEND-API-083; BACKEND-API-084; BACKEND-API-085; BACKEND-API-086; BACKEND-API-087; BACKEND-API-088; BACKEND-API-155; BACKEND-API-156; BACKEND-API-157; OPS-SCRIPT-033; OPS-SCRIPT-034; OPS-SCRIPT-035; OPS-SCRIPT-058; OPS-SCRIPT-059; OPS-SCRIPT-060; OPS-SCRIPT-062; OPS-SCRIPT-063; OPS-SCRIPT-064; OPS-SCRIPT-069; OPS-SCRIPT-070; OPS-SCRIPT-071; OPS-SCRIPT-072; OPS-SCRIPT-073; OPS-SCRIPT-074; OPS-SCRIPT-075; OPS-SCRIPT-078; OPS-SCRIPT-079; OPS-SCRIPT-080; OPS-SCRIPT-082; OPS-SCRIPT-098; OPS-SCRIPT-108; OPS-SCRIPT-114,48,tests/test_telegram_story_contracts.py; tests/test_bot_paywall.py; tests/test_app_bot_parity_smoke.py; tests/test_api_payments_callbacks.py; tests/test_lavatop_payment_providers.py; tests/test_helpbot_lifecycle.py; tests/test_support_macros_contract.py; tests/test_api_auth_and_tickets.py; tests/test_backend_route_gap_coverage.py; tests/test_support_ai_service.py; webapp/e2e/cabinet-flow.spec.ts; webapp/e2e/telegram-login-refresh.spec.ts; tests/test_frontend_text_integrity.py; webapp/e2e/settings-email-link.spec.ts; webapp/e2e/admin-gate.spec.ts; tests/test_admin_webapp_smoke.py; tests/test_marketing_story_contracts.py; tests/test_marketing_release_readiness.py; tests/test_public_copy_guardrails.py; tests/test_ui_visual_smoke.py; POKROV-app/packages/app_shell/test/pokrov_seed_app_test.dart; POKROV-app/packages/runtime_engine/test/runtime_engine_test.dart; POKROV-app/packages/app_shell/test/warp_lifecycle_contract_test.dart; POKROV-app/packages/app_shell/test/assistant_contract_test.dart; POKROV-app/packages/app_shell/test/app_first_runtime_bootstrap_test.dart; tests/test_client_ui_api_additions.py; tests/test_public_beta_post_deploy_probe.py; tests/test_api_lifecycle_smoke.py; tests/test_freekassa_staging_smoke.py; tests/test_api_p0_extensions.py; tests/test_reviews_username_masking.py; portal_bot/tests/test_app_first_api.py; tests/test_pokrov_ai_docs_assistant.py; tests/test_pokrov_operator_copilot.py; tests/test_pokrov_support_ai_kb_refresh.py; tests/test_qdisc_scripts.py; tests/test_remote_apply_transport_front.py; tests/test_public_beta_launch_decision.py; tests/test_release_orchestrator.py; tests/test_remote_brain_apply_release_handoff.py; tests/test_remote_script_gap_batch.py; tests/test_remote_deploy_brain_portal_code.py; tests/test_remote_deploy_brain_static_sites.py; tests/test_static_deploy_cache_bust.py; tests/test_remote_install_mtproto_proxy.py; tests/test_remote_install_mini_canary_stack.py; tests/test_remote_switch_bot_tokens.py; tests/test_postgres_operator_scripts.py,Entrypoint maps to canonical story row(s) with direct test refs.,Keep story mapping current when handler/component behavior changes.,2026-07-05
TG-HANDLER-044,aiogram_handler,Telegram bots,router.message(Command('cabinet')),cabinet_command,portal_bot\bot.py:5925,direct_story_test_ref,62,TELEGRAM_BOTS-TG-MAIN-004; TELEGRAM_BOTS-TG-MAIN-011; TELEGRAM_BOTS-TG-MAIN-029; TELEGRAM_BOTS-TG-ADMIN-010; TELEGRAM_BOTS-TG-MAIN-033; WEBAPP-WEB-001; WEBAPP-WEB-002; WEBAPP-WEB-003; WEBAPP-WEB-007; WEBAPP-WEB-008; WEBAPP-WEB-012; WEBAPP-WEB-024; WEBAPP-ADM-002; MARKETING-ML-004; MARKETING-ML-015; MARKETING-ML-020; MARKETING-ML-032; MARKETING-ML-034; MARKETING-ML-035; MARKETING-ML-043; MARKETING-ML-044; MARKETING-ML-045; CLIENT_APP-US-005; CLIENT_APP-US-034; CLIENT_APP-US-036; CLIENT_APP-US-039; CLIENT_APP-US-054; BACKEND-API-006; BACKEND-API-007; BACKEND-API-008; BACKEND-API-009; BACKEND-API-010; BACKEND-API-011; BACKEND-API-012; BACKEND-API-013; BACKEND-API-014; BACKEND-API-015; BACKEND-API-016; BACKEND-API-017; BACKEND-API-018; BACKEND-API-019; BACKEND-API-020; BACKEND-API-021; BACKEND-API-022; BACKEND-API-023; BACKEND-API-024; BACKEND-API-025; BACKEND-API-026; BACKEND-API-028; BACKEND-API-029; BACKEND-API-030; BACKEND-API-031; BACKEND-API-032; BACKEND-API-033; BACKEND-API-034; BACKEND-API-035; BACKEND-API-059; BACKEND-API-060; BACKEND-API-061; BACKEND-API-080; BACKEND-API-081; OPS-SCRIPT-098,32,tests/test_telegram_story_contracts.py; tests/test_bot_paywall.py; tests/test_app_bot_parity_smoke.py; portal_bot/tests/test_telegram_oidc_auth.py; tests/test_api_auth_and_tickets.py; tests/test_api_payments_callbacks.py; tests/test_lavatop_payment_providers.py; tests/test_helpbot_lifecycle.py; tests/test_support_macros_contract.py; tests/test_brain_telegram_bot_menu_check.py; webapp/e2e/cabinet-flow.spec.ts; webapp/e2e/telegram-login-refresh.spec.ts; tests/test_frontend_text_integrity.py; webapp/e2e/admin-gate.spec.ts; tests/test_admin_webapp_smoke.py; tests/test_marketing_story_contracts.py; tests/test_marketing_release_readiness.py; tests/test_public_copy_guardrails.py; tests/test_ui_visual_smoke.py; POKROV-app/packages/app_shell/test/pokrov_seed_app_test.dart; POKROV-app/packages/app_shell/test/app_first_runtime_bootstrap_test.dart; webapp/e2e/oidc-fallback.spec.ts; portal_bot/tests/test_email_auth.py; tests/test_public_beta_post_deploy_probe.py; webapp/e2e/settings-email-link.spec.ts; portal_bot/tests/test_app_first_api.py; tests/test_api_lifecycle_smoke.py; tests/test_api_p0_extensions.py; tests/test_client_ui_api_additions.py; tests/test_network_rollout_api.py; tests/test_smart_connect_api.py; tests/test_public_beta_launch_decision.py,Entrypoint maps to canonical story row(s) with direct test refs.,Keep story mapping current when handler/component behavior changes.,2026-07-05
TG-HANDLER-045,aiogram_handler,Telegram bots,router.message(Command('support')),support_command,portal_bot\bot.py:5944,direct_story_test_ref,104,TELEGRAM_BOTS-TG-MAIN-006; TELEGRAM_BOTS-TG-MAIN-009; TELEGRAM_BOTS-TG-MAIN-010; TELEGRAM_BOTS-TG-MAIN-013; TELEGRAM_BOTS-TG-MAIN-029; TELEGRAM_BOTS-TG-MAIN-030; TELEGRAM_BOTS-TG-MAIN-031; TELEGRAM_BOTS-TG-ADMIN-004; TELEGRAM_BOTS-TG-ADMIN-012; TELEGRAM_BOTS-TG-SUPPORT-001; TELEGRAM_BOTS-TG-SUPPORT-002; TELEGRAM_BOTS-TG-SUPPORT-003; TELEGRAM_BOTS-TG-SUPPORT-005; TELEGRAM_BOTS-TG-SUPPORT-006; WEBAPP-WEB-004; WEBAPP-WEB-008; WEBAPP-WEB-010; WEBAPP-WEB-011; WEBAPP-WEB-014; WEBAPP-WEB-016; WEBAPP-WEB-017; WEBAPP-WEB-020; WEBAPP-WEB-022; WEBAPP-WEB-023; WEBAPP-WEB-024; WEBAPP-ADM-006; WEBAPP-ADM-033; MARKETING-ML-012; MARKETING-ML-019; MARKETING-ML-020; MARKETING-ML-025; MARKETING-ML-034; MARKETING-ML-035; MARKETING-ML-043; MARKETING-ML-044; MARKETING-ML-045; MARKETING-ML-055; CLIENT_APP-US-011; CLIENT_APP-US-012; CLIENT_APP-US-016; CLIENT_APP-US-026; CLIENT_APP-US-029; CLIENT_APP-US-032; CLIENT_APP-US-034; CLIENT_APP-US-037; CLIENT_APP-US-043; CLIENT_APP-US-048; CLIENT_APP-US-049; CLIENT_APP-US-050; CLIENT_APP-US-051; CLIENT_APP-US-052; CLIENT_APP-US-053; CLIENT_APP-US-054; CLIENT_APP-US-059; BACKEND-API-003; BACKEND-API-004; BACKEND-API-005; BACKEND-API-019; BACKEND-API-026; BACKEND-API-036; BACKEND-API-037; BACKEND-API-038; BACKEND-API-039; BACKEND-API-040; BACKEND-API-041; BACKEND-API-042; BACKEND-API-043; BACKEND-API-044; BACKEND-API-049; BACKEND-API-050; BACKEND-API-054; BACKEND-API-082; BACKEND-API-083; BACKEND-API-084; BACKEND-API-085; BACKEND-API-086; BACKEND-API-087; BACKEND-API-088; BACKEND-API-155; BACKEND-API-156; BACKEND-API-157; OPS-SCRIPT-033; OPS-SCRIPT-034; OPS-SCRIPT-035; OPS-SCRIPT-058; OPS-SCRIPT-059; OPS-SCRIPT-060; OPS-SCRIPT-062; OPS-SCRIPT-063; OPS-SCRIPT-064; OPS-SCRIPT-069; OPS-SCRIPT-070; OPS-SCRIPT-071; OPS-SCRIPT-072; OPS-SCRIPT-073; OPS-SCRIPT-074; OPS-SCRIPT-075; OPS-SCRIPT-078; OPS-SCRIPT-079; OPS-SCRIPT-080; OPS-SCRIPT-082; OPS-SCRIPT-098; OPS-SCRIPT-108; OPS-SCRIPT-114,48,tests/test_telegram_story_contracts.py; tests/test_bot_paywall.py; tests/test_app_bot_parity_smoke.py; tests/test_api_payments_callbacks.py; tests/test_lavatop_payment_providers.py; tests/test_helpbot_lifecycle.py; tests/test_support_macros_contract.py; tests/test_api_auth_and_tickets.py; tests/test_backend_route_gap_coverage.py; tests/test_support_ai_service.py; webapp/e2e/cabinet-flow.spec.ts; webapp/e2e/telegram-login-refresh.spec.ts; tests/test_frontend_text_integrity.py; webapp/e2e/settings-email-link.spec.ts; webapp/e2e/admin-gate.spec.ts; tests/test_admin_webapp_smoke.py; tests/test_marketing_story_contracts.py; tests/test_marketing_release_readiness.py; tests/test_public_copy_guardrails.py; tests/test_ui_visual_smoke.py; POKROV-app/packages/app_shell/test/pokrov_seed_app_test.dart; POKROV-app/packages/runtime_engine/test/runtime_engine_test.dart; POKROV-app/packages/app_shell/test/warp_lifecycle_contract_test.dart; POKROV-app/packages/app_shell/test/assistant_contract_test.dart; POKROV-app/packages/app_shell/test/app_first_runtime_bootstrap_test.dart; tests/test_client_ui_api_additions.py; tests/test_public_beta_post_deploy_probe.py; tests/test_api_lifecycle_smoke.py; tests/test_freekassa_staging_smoke.py; tests/test_api_p0_extensions.py; tests/test_reviews_username_masking.py; portal_bot/tests/test_app_first_api.py; tests/test_pokrov_ai_docs_assistant.py; tests/test_pokrov_operator_copilot.py; tests/test_pokrov_support_ai_kb_refresh.py; tests/test_qdisc_scripts.py; tests/test_remote_apply_transport_front.py; tests/test_public_beta_launch_decision.py; tests/test_release_orchestrator.py; tests/test_remote_brain_apply_release_handoff.py; tests/test_remote_script_gap_batch.py; tests/test_remote_deploy_brain_portal_code.py; tests/test_remote_deploy_brain_static_sites.py; tests/test_static_deploy_cache_bust.py; tests/test_remote_install_mtproto_proxy.py; tests/test_remote_install_mini_canary_stack.py; tests/test_remote_switch_bot_tokens.py; tests/test_postgres_operator_scripts.py,Entrypoint maps to canonical story row(s) with direct test refs.,Keep story mapping current when handler/component behavior changes.,2026-07-05
TG-HANDLER-046,aiogram_handler,Telegram bots,router.callback_query(F.data.startswith('faq_')),show_faq_answer,portal_bot\bot.py:5966,direct_story_test_ref,6,TELEGRAM_BOTS-TG-MAIN-029; MARKETING-ML-001; MARKETING-ML-003; MARKETING-ML-018; MARKETING-ML-028; MARKETING-ML-031,10,tests/test_telegram_story_contracts.py; tests/test_bot_paywall.py; tests/test_app_bot_parity_smoke.py; tests/test_helpbot_lifecycle.py; tests/test_support_macros_contract.py; tests/test_marketing_story_contracts.py; tests/test_marketing_release_readiness.py; tests/test_public_copy_guardrails.py; tests/test_frontend_text_integrity.py; tests/test_ui_visual_smoke.py,Entrypoint maps to canonical story row(s) with direct test refs.,Keep story mapping current when handler/component behavior changes.,2026-07-05
TG-HANDLER-047,aiogram_handler,Telegram bots,router.callback_query(F.data == 'support_diagnose'),support_diagnose,portal_bot\bot.py:5985,direct_story_test_ref,1,TELEGRAM_BOTS-TG-MAIN-029,5,tests/test_telegram_story_contracts.py; tests/test_bot_paywall.py; tests/test_app_bot_parity_smoke.py; tests/test_helpbot_lifecycle.py; tests/test_support_macros_contract.py,Entrypoint maps to canonical story row(s) with direct test refs.,Keep story mapping current when handler/component behavior changes.,2026-07-05
TG-HANDLER-048,aiogram_handler,Telegram bots,router.callback_query(F.data == 'ticket_new'),ticket_new,portal_bot\bot.py:6110,direct_story_test_ref,2,TELEGRAM_BOTS-TG-MAIN-030; TELEGRAM_BOTS-TG-SUPPORT-002,6,tests/test_telegram_story_contracts.py; tests/test_bot_paywall.py; tests/test_app_bot_parity_smoke.py; tests/test_helpbot_lifecycle.py; tests/test_api_auth_and_tickets.py; tests/test_support_macros_contract.py,Entrypoint maps to canonical story row(s) with direct test refs.,Keep story mapping current when handler/component behavior changes.,2026-07-05
TG-HANDLER-049,aiogram_handler,Telegram bots,router.callback_query(F.data == 'ticket_my'),ticket_my,portal_bot\bot.py:6158,direct_story_test_ref,2,TELEGRAM_BOTS-TG-MAIN-030; TELEGRAM_BOTS-TG-SUPPORT-002,6,tests/test_telegram_story_contracts.py; tests/test_bot_paywall.py; tests/test_app_bot_parity_smoke.py; tests/test_helpbot_lifecycle.py; tests/test_api_auth_and_tickets.py; tests/test_support_macros_contract.py,Entrypoint maps to canonical story row(s) with direct test refs.,Keep story mapping current when handler/component behavior changes.,2026-07-05
TG-HANDLER-050,aiogram_handler,Telegram bots,router.callback_query(F.data.startswith('ticket_view_')),ticket_view,portal_bot\bot.py:6200,direct_story_test_ref,2,TELEGRAM_BOTS-TG-MAIN-030; TELEGRAM_BOTS-TG-SUPPORT-003,6,tests/test_telegram_story_contracts.py; tests/test_bot_paywall.py; tests/test_app_bot_parity_smoke.py; tests/test_helpbot_lifecycle.py; tests/test_api_auth_and_tickets.py; tests/test_support_macros_contract.py,Entrypoint maps to canonical story row(s) with direct test refs.,Keep story mapping current when handler/component behavior changes.,2026-07-05
TG-HANDLER-051,aiogram_handler,Telegram bots,router.callback_query(F.data.startswith('ticket_reply_')),ticket_reply,portal_bot\bot.py:6206,direct_story_test_ref,4,TELEGRAM_BOTS-TG-MAIN-030; TELEGRAM_BOTS-TG-SUPPORT-003; WEBAPP-ADM-034; BACKEND-API-156,8,tests/test_telegram_story_contracts.py; tests/test_bot_paywall.py; tests/test_app_bot_parity_smoke.py; tests/test_helpbot_lifecycle.py; tests/test_api_auth_and_tickets.py; tests/test_support_macros_contract.py; webapp/e2e/admin-gate.spec.ts; tests/test_admin_webapp_smoke.py,Entrypoint maps to canonical story row(s) with direct test refs.,Keep story mapping current when handler/component behavior changes.,2026-07-05
TG-HANDLER-052,aiogram_handler,Telegram bots,router.callback_query(F.data.startswith('ticket_close_')),ticket_close,portal_bot\bot.py:6241,direct_story_test_ref,2,TELEGRAM_BOTS-TG-MAIN-030; TELEGRAM_BOTS-TG-SUPPORT-003,6,tests/test_telegram_story_contracts.py; tests/test_bot_paywall.py; tests/test_app_bot_parity_smoke.py; tests/test_helpbot_lifecycle.py; tests/test_api_auth_and_tickets.py; tests/test_support_macros_contract.py,Entrypoint maps to canonical story row(s) with direct test refs.,Keep story mapping current when handler/component behavior changes.,2026-07-05
TG-HANDLER-053,aiogram_handler,Telegram bots,router.callback_query(F.data.startswith('ticket_reopen_')),ticket_reopen,portal_bot\bot.py:6276,direct_story_test_ref,2,TELEGRAM_BOTS-TG-MAIN-030; TELEGRAM_BOTS-TG-SUPPORT-003,6,tests/test_telegram_story_contracts.py; tests/test_bot_paywall.py; tests/test_app_bot_parity_smoke.py; tests/test_helpbot_lifecycle.py; tests/test_api_auth_and_tickets.py; tests/test_support_macros_contract.py,Entrypoint maps to canonical story row(s) with direct test refs.,Keep story mapping current when handler/component behavior changes.,2026-07-05
TG-HANDLER-054,aiogram_handler,Telegram bots,router.callback_query(F.data.startswith('ticket_claim_')),ticket_claim,portal_bot\bot.py:6305,direct_story_test_ref,1,TELEGRAM_BOTS-TG-MAIN-030,5,tests/test_telegram_story_contracts.py; tests/test_bot_paywall.py; tests/test_app_bot_parity_smoke.py; tests/test_helpbot_lifecycle.py; tests/test_api_auth_and_tickets.py,Entrypoint maps to canonical story row(s) with direct test refs.,Keep story mapping current when handler/component behavior changes.,2026-07-05
TG-HANDLER-055,aiogram_handler,Telegram bots,router.callback_query(F.data == 'admin_tickets'),admin_tickets,portal_bot\bot.py:6329,direct_story_test_ref,5,TELEGRAM_BOTS-TG-MAIN-030; WEBAPP-ADM-001; WEBAPP-ADM-002; BACKEND-API-155; BACKEND-API-157,7,tests/test_telegram_story_contracts.py; tests/test_bot_paywall.py; tests/test_app_bot_parity_smoke.py; tests/test_helpbot_lifecycle.py; tests/test_api_auth_and_tickets.py; webapp/e2e/admin-gate.spec.ts; tests/test_admin_webapp_smoke.py,Entrypoint maps to canonical story row(s) with direct test refs.,Keep story mapping current when handler/component behavior changes.,2026-07-05
TG-HANDLER-056,aiogram_handler,Telegram bots,router.callback_query(F.data == 'admin'),show_admin_panel,portal_bot\bot.py:6370,direct_story_test_ref,143,TELEGRAM_BOTS-TG-MAIN-014; TELEGRAM_BOTS-TG-MAIN-030; TELEGRAM_BOTS-TG-MAIN-031; TELEGRAM_BOTS-TG-ADMIN-001; TELEGRAM_BOTS-TG-ADMIN-002; TELEGRAM_BOTS-TG-ADMIN-003; TELEGRAM_BOTS-TG-ADMIN-004; TELEGRAM_BOTS-TG-ADMIN-005; TELEGRAM_BOTS-TG-ADMIN-006; TELEGRAM_BOTS-TG-ADMIN-007; TELEGRAM_BOTS-TG-ADMIN-008; TELEGRAM_BOTS-TG-ADMIN-009; TELEGRAM_BOTS-TG-ADMIN-010; TELEGRAM_BOTS-TG-ADMIN-011; TELEGRAM_BOTS-TG-ADMIN-012; TELEGRAM_BOTS-TG-ADMIN-013; TELEGRAM_BOTS-TG-ADMIN-014; TELEGRAM_BOTS-TG-ADMIN-015; TELEGRAM_BOTS-TG-SUPPORT-001; TELEGRAM_BOTS-TG-SUPPORT-002; TELEGRAM_BOTS-TG-SUPPORT-003; TELEGRAM_BOTS-TG-SUPPORT-004; TELEGRAM_BOTS-TG-SUPPORT-006; TELEGRAM_BOTS-TG-FEEDBACK-001; TELEGRAM_BOTS-TG-FEEDBACK-002; WEBAPP-WEB-007; WEBAPP-WEB-023; WEBAPP-ADM-001; WEBAPP-ADM-002; WEBAPP-ADM-003; WEBAPP-ADM-004; WEBAPP-ADM-005; WEBAPP-ADM-006; WEBAPP-ADM-007; WEBAPP-ADM-008; WEBAPP-ADM-009; WEBAPP-ADM-010; WEBAPP-ADM-011; WEBAPP-ADM-012; WEBAPP-ADM-013; WEBAPP-ADM-014; WEBAPP-ADM-015; WEBAPP-ADM-016; WEBAPP-ADM-017; WEBAPP-ADM-018; WEBAPP-ADM-019; WEBAPP-ADM-020; WEBAPP-ADM-021; WEBAPP-ADM-022; WEBAPP-ADM-023; WEBAPP-ADM-024; WEBAPP-ADM-025; WEBAPP-ADM-026; WEBAPP-ADM-027; WEBAPP-ADM-028; WEBAPP-ADM-029; WEBAPP-ADM-030; WEBAPP-ADM-031; WEBAPP-ADM-032; WEBAPP-ADM-033; WEBAPP-ADM-034; BACKEND-API-045; BACKEND-API-046; BACKEND-API-047; BACKEND-API-048; BACKEND-API-089; BACKEND-API-090; BACKEND-API-091; BACKEND-API-092; BACKEND-API-093; BACKEND-API-094; BACKEND-API-095; BACKEND-API-096; BACKEND-API-097; BACKEND-API-098; BACKEND-API-099; BACKEND-API-100; BACKEND-API-101; BACKEND-API-102; BACKEND-API-103; BACKEND-API-104; BACKEND-API-105; BACKEND-API-106; BACKEND-API-107; BACKEND-API-108; BACKEND-API-109; BACKEND-API-110; BACKEND-API-111; BACKEND-API-112; BACKEND-API-113; BACKEND-API-114; BACKEND-API-115; BACKEND-API-116; BACKEND-API-117; BACKEND-API-118; BACKEND-API-119; BACKEND-API-120; BACKEND-API-121; BACKEND-API-122; BACKEND-API-123; BACKEND-API-124; BACKEND-API-125; BACKEND-API-126; BACKEND-API-127; BACKEND-API-128; BACKEND-API-129; BACKEND-API-130; BACKEND-API-131; BACKEND-API-132; BACKEND-API-133; BACKEND-API-134; BACKEND-API-135; BACKEND-API-136; BACKEND-API-137; BACKEND-API-138; BACKEND-API-139; BACKEND-API-140; BACKEND-API-141; BACKEND-API-142; BACKEND-API-143; BACKEND-API-144; BACKEND-API-145; BACKEND-API-146; BACKEND-API-147; BACKEND-API-148; BACKEND-API-149; BACKEND-API-150; BACKEND-API-151; BACKEND-API-152; BACKEND-API-153; BACKEND-API-154; BACKEND-API-155; BACKEND-API-156; BACKEND-API-157; BACKEND-API-158; BACKEND-API-159; BACKEND-API-160; BACKEND-API-161; BACKEND-API-162; BACKEND-API-163; BACKEND-API-164; BACKEND-API-165; OPS-SCRIPT-041,21,tests/test_telegram_story_contracts.py; tests/test_bot_paywall.py; tests/test_app_bot_parity_smoke.py; tests/test_helpbot_lifecycle.py; tests/test_api_auth_and_tickets.py; tests/test_feedbackbot_moderation.py; tests/test_reviews_username_masking.py; tests/test_backend_route_gap_coverage.py; tests/test_support_macros_contract.py; webapp/e2e/cabinet-flow.spec.ts; tests/test_frontend_text_integrity.py; webapp/e2e/admin-gate.spec.ts; tests/test_admin_webapp_smoke.py; tests/test_admin_payments_api.py; tests/test_network_rollout_api.py; tests/test_worker_retention.py; tests/test_api_payments_callbacks.py; tests/test_api_p0_extensions.py; portal_bot/tests/test_email_auth.py; tests/test_observer_api.py; tests/test_api_lifecycle_smoke.py,Entrypoint maps to canonical story row(s) with direct test refs.,Keep story mapping current when handler/component behavior changes.,2026-07-05
TG-HANDLER-057,aiogram_handler,Telegram bots,router.callback_query(F.data == 'admin_manual_menu'),admin_manual_menu,portal_bot\bot.py:6427,direct_story_test_ref,3,TELEGRAM_BOTS-TG-ADMIN-002; WEBAPP-ADM-001; WEBAPP-ADM-002,5,tests/test_telegram_story_contracts.py; tests/test_bot_paywall.py; tests/test_api_auth_and_tickets.py; webapp/e2e/admin-gate.spec.ts; tests/test_admin_webapp_smoke.py,Entrypoint maps to canonical story row(s) with direct test refs.,Keep story mapping current when handler/component behavior changes.,2026-07-05
TG-HANDLER-058,aiogram_handler,Telegram bots,router.callback_query(F.data == 'admin_manual_create_prompt'),admin_manual_create_prompt,portal_bot\bot.py:6447,direct_story_test_ref,3,TELEGRAM_BOTS-TG-ADMIN-002; WEBAPP-ADM-001; WEBAPP-ADM-002,5,tests/test_telegram_story_contracts.py; tests/test_bot_paywall.py; tests/test_api_auth_and_tickets.py; webapp/e2e/admin-gate.spec.ts; tests/test_admin_webapp_smoke.py,Entrypoint maps to canonical story row(s) with direct test refs.,Keep story mapping current when handler/component behavior changes.,2026-07-05
TG-HANDLER-059,aiogram_handler,Telegram bots,router.callback_query(F.data == 'admin_manual_list'),admin_manual_list,portal_bot\bot.py:6464,direct_story_test_ref,3,TELEGRAM_BOTS-TG-ADMIN-002; WEBAPP-ADM-001; WEBAPP-ADM-002,5,tests/test_telegram_story_contracts.py; tests/test_bot_paywall.py; tests/test_api_auth_and_tickets.py; webapp/e2e/admin-gate.spec.ts; tests/test_admin_webapp_smoke.py,Entrypoint maps to canonical story row(s) with direct test refs.,Keep story mapping current when handler/component behavior changes.,2026-07-05
TG-HANDLER-060,aiogram_handler,Telegram bots,router.callback_query(F.data == 'admin_search_prompt'),admin_search_prompt,portal_bot\bot.py:6494,direct_story_test_ref,3,TELEGRAM_BOTS-TG-ADMIN-003; WEBAPP-ADM-001; WEBAPP-ADM-002,5,tests/test_telegram_story_contracts.py; tests/test_bot_paywall.py; tests/test_api_auth_and_tickets.py; webapp/e2e/admin-gate.spec.ts; tests/test_admin_webapp_smoke.py,Entrypoint maps to canonical story row(s) with direct test refs.,Keep story mapping current when handler/component behavior changes.,2026-07-05
TG-HANDLER-061,aiogram_handler,Telegram bots,router.callback_query(F.data == 'admin_promos'),admin_promos_menu,portal_bot\bot.py:6514,direct_story_test_ref,9,TELEGRAM_BOTS-TG-ADMIN-005; WEBAPP-ADM-001; WEBAPP-ADM-002; BACKEND-API-115; BACKEND-API-116; BACKEND-API-117; BACKEND-API-118; BACKEND-API-137; BACKEND-API-138,6,tests/test_telegram_story_contracts.py; tests/test_bot_paywall.py; tests/test_api_auth_and_tickets.py; webapp/e2e/admin-gate.spec.ts; tests/test_admin_webapp_smoke.py; tests/test_api_lifecycle_smoke.py,Entrypoint maps to canonical story row(s) with direct test refs.,Keep story mapping current when handler/component behavior changes.,2026-07-05
TG-HANDLER-062,aiogram_handler,Telegram bots,router.callback_query(F.data == 'admin_promo_create'),admin_promo_create,portal_bot\bot.py:6549,direct_story_test_ref,3,TELEGRAM_BOTS-TG-ADMIN-005; WEBAPP-ADM-001; WEBAPP-ADM-002,5,tests/test_telegram_story_contracts.py; tests/test_bot_paywall.py; tests/test_api_auth_and_tickets.py; webapp/e2e/admin-gate.spec.ts; tests/test_admin_webapp_smoke.py,Entrypoint maps to canonical story row(s) with direct test refs.,Keep story mapping current when handler/component behavior changes.,2026-07-05
TG-HANDLER-063,aiogram_handler,Telegram bots,router.callback_query(F.data.startswith('admin_promo_delete_')),admin_promo_delete,portal_bot\bot.py:6568,direct_story_test_ref,3,TELEGRAM_BOTS-TG-ADMIN-005; WEBAPP-ADM-001; WEBAPP-ADM-002,5,tests/test_telegram_story_contracts.py; tests/test_bot_paywall.py; tests/test_api_auth_and_tickets.py; webapp/e2e/admin-gate.spec.ts; tests/test_admin_webapp_smoke.py,Entrypoint maps to canonical story row(s) with direct test refs.,Keep story mapping current when handler/component behavior changes.,2026-07-05
TG-HANDLER-064,aiogram_handler,Telegram bots,router.callback_query(F.data == 'admin_reviews'),admin_reviews_menu,portal_bot\bot.py:6590,direct_story_test_ref,3,TELEGRAM_BOTS-TG-ADMIN-006; WEBAPP-ADM-001; WEBAPP-ADM-002,7,tests/test_telegram_story_contracts.py; tests/test_bot_paywall.py; tests/test_api_auth_and_tickets.py; tests/test_feedbackbot_moderation.py; tests/test_reviews_username_masking.py; webapp/e2e/admin-gate.spec.ts; tests/test_admin_webapp_smoke.py,Entrypoint maps to canonical story row(s) with direct test refs.,Keep story mapping current when handler/component behavior changes.,2026-07-05
TG-HANDLER-065,aiogram_handler,Telegram bots,router.callback_query(F.data == 'admin_health'),admin_health_check,portal_bot\bot.py:6618,direct_story_test_ref,3,TELEGRAM_BOTS-TG-ADMIN-007; WEBAPP-ADM-001; WEBAPP-ADM-002,5,tests/test_telegram_story_contracts.py; tests/test_bot_paywall.py; tests/test_api_auth_and_tickets.py; webapp/e2e/admin-gate.spec.ts; tests/test_admin_webapp_smoke.py,Entrypoint maps to canonical story row(s) with direct test refs.,Keep story mapping current when handler/component behavior changes.,2026-07-05
TG-HANDLER-066,aiogram_handler,Telegram bots,router.callback_query(F.data == 'admin_broadcast_menu'),admin_broadcast_menu,portal_bot\bot.py:6662,direct_story_test_ref,2,WEBAPP-ADM-001; WEBAPP-ADM-002,3,webapp/e2e/admin-gate.spec.ts; tests/test_admin_webapp_smoke.py; tests/test_api_auth_and_tickets.py,Entrypoint maps to canonical story row(s) with direct test refs.,Keep story mapping current when handler/component behavior changes.,2026-07-05
TG-HANDLER-067,aiogram_handler,Telegram bots,router.callback_query(F.data == 'admin_nodes'),admin_nodes,portal_bot\bot.py:6705,direct_story_test_ref,8,TELEGRAM_BOTS-TG-ADMIN-007; WEBAPP-ADM-001; WEBAPP-ADM-002; BACKEND-API-047; BACKEND-API-158; BACKEND-API-159; BACKEND-API-160; BACKEND-API-161,7,tests/test_telegram_story_contracts.py; tests/test_bot_paywall.py; tests/test_api_auth_and_tickets.py; webapp/e2e/admin-gate.spec.ts; tests/test_admin_webapp_smoke.py; tests/test_observer_api.py; tests/test_backend_route_gap_coverage.py,Entrypoint maps to canonical story row(s) with direct test refs.,Keep story mapping current when handler/component behavior changes.,2026-07-05
TG-HANDLER-068,aiogram_handler,Telegram bots,router.callback_query(F.data == 'admin_sync_free_pl'),admin_sync_free_pl,portal_bot\bot.py:6745,direct_story_test_ref,3,TELEGRAM_BOTS-TG-ADMIN-007; WEBAPP-ADM-001; WEBAPP-ADM-002,5,tests/test_telegram_story_contracts.py; tests/test_bot_paywall.py; tests/test_api_auth_and_tickets.py; webapp/e2e/admin-gate.spec.ts; tests/test_admin_webapp_smoke.py,Entrypoint maps to canonical story row(s) with direct test refs.,Keep story mapping current when handler/component behavior changes.,2026-07-05
TG-HANDLER-069,aiogram_handler,Telegram bots,router.callback_query(F.data.startswith('admin_reviews_all')),admin_reviews_all,portal_bot\bot.py:6896,direct_story_test_ref,3,TELEGRAM_BOTS-TG-ADMIN-006; WEBAPP-ADM-001; WEBAPP-ADM-002,7,tests/test_telegram_story_contracts.py; tests/test_bot_paywall.py; tests/test_api_auth_and_tickets.py; tests/test_feedbackbot_moderation.py; tests/test_reviews_username_masking.py; webapp/e2e/admin-gate.spec.ts; tests/test_admin_webapp_smoke.py,Entrypoint maps to canonical story row(s) with direct test refs.,Keep story mapping current when handler/component behavior changes.,2026-07-05
TG-HANDLER-070,aiogram_handler,Telegram bots,router.callback_query(F.data.startswith('admin_reviews_featured')),admin_reviews_featured,portal_bot\bot.py:6906,direct_story_test_ref,3,TELEGRAM_BOTS-TG-ADMIN-006; WEBAPP-ADM-001; WEBAPP-ADM-002,7,tests/test_telegram_story_contracts.py; tests/test_bot_paywall.py; tests/test_api_auth_and_tickets.py; tests/test_feedbackbot_moderation.py; tests/test_reviews_username_masking.py; webapp/e2e/admin-gate.spec.ts; tests/test_admin_webapp_smoke.py,Entrypoint maps to canonical story row(s) with direct test refs.,Keep story mapping current when handler/component behavior changes.,2026-07-05
TG-HANDLER-071,aiogram_handler,Telegram bots,router.callback_query(F.data == 'admin_bcast_compose'),admin_bcast_compose,portal_bot\bot.py:6982,direct_story_test_ref,3,TELEGRAM_BOTS-TG-ADMIN-008; WEBAPP-ADM-001; WEBAPP-ADM-002,6,tests/test_telegram_story_contracts.py; tests/test_bot_paywall.py; tests/test_api_auth_and_tickets.py; tests/test_backend_route_gap_coverage.py; webapp/e2e/admin-gate.spec.ts; tests/test_admin_webapp_smoke.py,Entrypoint maps to canonical story row(s) with direct test refs.,Keep story mapping current when handler/component behavior changes.,2026-07-05
TG-HANDLER-072,aiogram_handler,Telegram bots,router.callback_query(F.data == 'admin_bcast_seg'),admin_bcast_seg,portal_bot\bot.py:7002,direct_story_test_ref,3,TELEGRAM_BOTS-TG-ADMIN-008; WEBAPP-ADM-001; WEBAPP-ADM-002,6,tests/test_telegram_story_contracts.py; tests/test_bot_paywall.py; tests/test_api_auth_and_tickets.py; tests/test_backend_route_gap_coverage.py; webapp/e2e/admin-gate.spec.ts; tests/test_admin_webapp_smoke.py,Entrypoint maps to canonical story row(s) with direct test refs.,Keep story mapping current when handler/component behavior changes.,2026-07-05
TG-HANDLER-073,aiogram_handler,Telegram bots,router.callback_query(F.data == 'admin_bcast_btn'),admin_bcast_btn,portal_bot\bot.py:7015,direct_story_test_ref,3,TELEGRAM_BOTS-TG-ADMIN-008; WEBAPP-ADM-001; WEBAPP-ADM-002,6,tests/test_telegram_story_contracts.py; tests/test_bot_paywall.py; tests/test_api_auth_and_tickets.py; tests/test_backend_route_gap_coverage.py; webapp/e2e/admin-gate.spec.ts; tests/test_admin_webapp_smoke.py,Entrypoint maps to canonical story row(s) with direct test refs.,Keep story mapping current when handler/component behavior changes.,2026-07-05
TG-HANDLER-074,aiogram_handler,Telegram bots,router.callback_query(F.data == 'admin_bcast_cancel'),admin_bcast_cancel,portal_bot\bot.py:7035,direct_story_test_ref,3,TELEGRAM_BOTS-TG-ADMIN-008; WEBAPP-ADM-001; WEBAPP-ADM-002,6,tests/test_telegram_story_contracts.py; tests/test_bot_paywall.py; tests/test_api_auth_and_tickets.py; tests/test_backend_route_gap_coverage.py; webapp/e2e/admin-gate.spec.ts; tests/test_admin_webapp_smoke.py,Entrypoint maps to canonical story row(s) with direct test refs.,Keep story mapping current when handler/component behavior changes.,2026-07-05
TG-HANDLER-075,aiogram_handler,Telegram bots,router.callback_query(F.data == 'admin_bcast_send'),admin_bcast_send,portal_bot\bot.py:7046,direct_story_test_ref,3,TELEGRAM_BOTS-TG-ADMIN-008; WEBAPP-ADM-001; WEBAPP-ADM-002,6,tests/test_telegram_story_contracts.py; tests/test_bot_paywall.py; tests/test_api_auth_and_tickets.py; tests/test_backend_route_gap_coverage.py; webapp/e2e/admin-gate.spec.ts; tests/test_admin_webapp_smoke.py,Entrypoint maps to canonical story row(s) with direct test refs.,Keep story mapping current when handler/component behavior changes.,2026-07-05
TG-HANDLER-076,aiogram_handler,Telegram bots,router.callback_query(F.data == 'admin_custom_msg'),admin_custom_msg_prompt,portal_bot\bot.py:7126,direct_story_test_ref,4,TELEGRAM_BOTS-TG-ADMIN-009; TELEGRAM_BOTS-TG-ADMIN-010; WEBAPP-ADM-001; WEBAPP-ADM-002,5,tests/test_telegram_story_contracts.py; tests/test_bot_paywall.py; tests/test_api_auth_and_tickets.py; webapp/e2e/admin-gate.spec.ts; tests/test_admin_webapp_smoke.py,Entrypoint maps to canonical story row(s) with direct test refs.,Keep story mapping current when handler/component behavior changes.,2026-07-05
TG-HANDLER-077,aiogram_handler,Telegram bots,router.callback_query(F.data == 'admin_broadcast_links'),admin_broadcast_links,portal_bot\bot.py:7150,direct_story_test_ref,3,TELEGRAM_BOTS-TG-ADMIN-010; WEBAPP-ADM-001; WEBAPP-ADM-002,5,tests/test_telegram_story_contracts.py; tests/test_bot_paywall.py; tests/test_api_auth_and_tickets.py; webapp/e2e/admin-gate.spec.ts; tests/test_admin_webapp_smoke.py,Entrypoint maps to canonical story row(s) with direct test refs.,Keep story mapping current when handler/component behavior changes.,2026-07-05
TG-HANDLER-078,aiogram_handler,Telegram bots,router.callback_query(F.data.startswith('send_tpl_')),send_template_to_all,portal_bot\bot.py:7189,direct_story_test_ref,1,TELEGRAM_BOTS-TG-ADMIN-009,3,tests/test_telegram_story_contracts.py; tests/test_bot_paywall.py; tests/test_api_auth_and_tickets.py,Entrypoint maps to canonical story row(s) with direct test refs.,Keep story mapping current when handler/component behavior changes.,2026-07-05
TG-HANDLER-079,aiogram_handler,Telegram bots,router.callback_query(F.data == 'admin_wheel'),admin_wheel_settings,portal_bot\bot.py:7233,direct_story_test_ref,5,TELEGRAM_BOTS-TG-ADMIN-011; WEBAPP-ADM-001; WEBAPP-ADM-002; BACKEND-API-131; BACKEND-API-132,5,tests/test_telegram_story_contracts.py; tests/test_bot_paywall.py; tests/test_api_auth_and_tickets.py; webapp/e2e/admin-gate.spec.ts; tests/test_admin_webapp_smoke.py,Entrypoint maps to canonical story row(s) with direct test refs.,Keep story mapping current when handler/component behavior changes.,2026-07-05
TG-HANDLER-080,aiogram_handler,Telegram bots,router.callback_query(F.data == 'admin_live_updates'),admin_live_updates_menu,portal_bot\bot.py:7285,direct_story_test_ref,7,TELEGRAM_BOTS-TG-ADMIN-012; WEBAPP-ADM-001; WEBAPP-ADM-002; BACKEND-API-123; BACKEND-API-124; BACKEND-API-125; BACKEND-API-126,7,tests/test_telegram_story_contracts.py; tests/test_bot_paywall.py; tests/test_api_auth_and_tickets.py; tests/test_backend_route_gap_coverage.py; webapp/e2e/admin-gate.spec.ts; tests/test_admin_webapp_smoke.py; tests/test_api_payments_callbacks.py,Entrypoint maps to canonical story row(s) with direct test refs.,Keep story mapping current when handler/component behavior changes.,2026-07-05
TG-HANDLER-081,aiogram_handler,Telegram bots,router.callback_query(F.data == 'admin_live_create'),admin_live_create_prompt,portal_bot\bot.py:7334,direct_story_test_ref,3,TELEGRAM_BOTS-TG-ADMIN-012; WEBAPP-ADM-001; WEBAPP-ADM-002,6,tests/test_telegram_story_contracts.py; tests/test_bot_paywall.py; tests/test_api_auth_and_tickets.py; tests/test_backend_route_gap_coverage.py; webapp/e2e/admin-gate.spec.ts; tests/test_admin_webapp_smoke.py,Entrypoint maps to canonical story row(s) with direct test refs.,Keep story mapping current when handler/component behavior changes.,2026-07-05
TG-HANDLER-082,aiogram_handler,Telegram bots,router.callback_query(F.data.startswith('admin_live_toggle_')),admin_live_toggle,portal_bot\bot.py:7351,direct_story_test_ref,3,TELEGRAM_BOTS-TG-ADMIN-012; WEBAPP-ADM-001; WEBAPP-ADM-002,6,tests/test_telegram_story_contracts.py; tests/test_bot_paywall.py; tests/test_api_auth_and_tickets.py; tests/test_backend_route_gap_coverage.py; webapp/e2e/admin-gate.spec.ts; tests/test_admin_webapp_smoke.py,Entrypoint maps to canonical story row(s) with direct test refs.,Keep story mapping current when handler/component behavior changes.,2026-07-05
TG-HANDLER-083,aiogram_handler,Telegram bots,router.callback_query(F.data == 'admin_start_links'),admin_start_links_menu,portal_bot\bot.py:7376,direct_story_test_ref,7,TELEGRAM_BOTS-TG-ADMIN-012; WEBAPP-ADM-001; WEBAPP-ADM-002; BACKEND-API-127; BACKEND-API-128; BACKEND-API-129; BACKEND-API-130,6,tests/test_telegram_story_contracts.py; tests/test_bot_paywall.py; tests/test_api_auth_and_tickets.py; tests/test_backend_route_gap_coverage.py; webapp/e2e/admin-gate.spec.ts; tests/test_admin_webapp_smoke.py,Entrypoint maps to canonical story row(s) with direct test refs.,Keep story mapping current when handler/component behavior changes.,2026-07-05
TG-HANDLER-084,aiogram_handler,Telegram bots,router.callback_query(F.data == 'admin_start_create'),admin_start_create_prompt,portal_bot\bot.py:7426,direct_story_test_ref,3,TELEGRAM_BOTS-TG-ADMIN-012; WEBAPP-ADM-001; WEBAPP-ADM-002,6,tests/test_telegram_story_contracts.py; tests/test_bot_paywall.py; tests/test_api_auth_and_tickets.py; tests/test_backend_route_gap_coverage.py; webapp/e2e/admin-gate.spec.ts; tests/test_admin_webapp_smoke.py,Entrypoint maps to canonical story row(s) with direct test refs.,Keep story mapping current when handler/component behavior changes.,2026-07-05
TG-HANDLER-085,aiogram_handler,Telegram bots,router.callback_query(F.data.startswith('admin_start_edit_')),admin_start_edit_prompt,portal_bot\bot.py:7446,direct_story_test_ref,3,TELEGRAM_BOTS-TG-ADMIN-012; WEBAPP-ADM-001; WEBAPP-ADM-002,6,tests/test_telegram_story_contracts.py; tests/test_bot_paywall.py; tests/test_api_auth_and_tickets.py; tests/test_backend_route_gap_coverage.py; webapp/e2e/admin-gate.spec.ts; tests/test_admin_webapp_smoke.py,Entrypoint maps to canonical story row(s) with direct test refs.,Keep story mapping current when handler/component behavior changes.,2026-07-05
TG-HANDLER-086,aiogram_handler,Telegram bots,router.callback_query(F.data.startswith('admin_start_toggle_')),admin_start_toggle,portal_bot\bot.py:7481,direct_story_test_ref,3,TELEGRAM_BOTS-TG-ADMIN-012; WEBAPP-ADM-001; WEBAPP-ADM-002,6,tests/test_telegram_story_contracts.py; tests/test_bot_paywall.py; tests/test_api_auth_and_tickets.py; tests/test_backend_route_gap_coverage.py; webapp/e2e/admin-gate.spec.ts; tests/test_admin_webapp_smoke.py,Entrypoint maps to canonical story row(s) with direct test refs.,Keep story mapping current when handler/component behavior changes.,2026-07-05
TG-HANDLER-087,aiogram_handler,Telegram bots,router.callback_query(F.data == 'admin_mass'),admin_mass_actions,portal_bot\bot.py:7509,direct_story_test_ref,3,TELEGRAM_BOTS-TG-ADMIN-013; WEBAPP-ADM-001; WEBAPP-ADM-002,5,tests/test_telegram_story_contracts.py; tests/test_bot_paywall.py; tests/test_api_auth_and_tickets.py; webapp/e2e/admin-gate.spec.ts; tests/test_admin_webapp_smoke.py,Entrypoint maps to canonical story row(s) with direct test refs.,Keep story mapping current when handler/component behavior changes.,2026-07-05
TG-HANDLER-088,aiogram_handler,Telegram bots,router.callback_query(F.data == 'mass_addgb_active'),mass_addgb_prompt,portal_bot\bot.py:7567,direct_story_test_ref,1,TELEGRAM_BOTS-TG-ADMIN-013,3,tests/test_telegram_story_contracts.py; tests/test_bot_paywall.py; tests/test_api_auth_and_tickets.py,Entrypoint maps to canonical story row(s) with direct test refs.,Keep story mapping current when handler/component behavior changes.,2026-07-05
TG-HANDLER-089,aiogram_handler,Telegram bots,router.callback_query(F.data == 'mass_extend_active'),mass_extend_prompt,portal_bot\bot.py:7575,direct_story_test_ref,1,TELEGRAM_BOTS-TG-ADMIN-013,3,tests/test_telegram_story_contracts.py; tests/test_bot_paywall.py; tests/test_api_auth_and_tickets.py,Entrypoint maps to canonical story row(s) with direct test refs.,Keep story mapping current when handler/component behavior changes.,2026-07-05
TG-HANDLER-090,aiogram_handler,Telegram bots,router.callback_query(F.data == 'mass_remind_expiring'),mass_remind_expiring,portal_bot\bot.py:7595,direct_story_test_ref,1,TELEGRAM_BOTS-TG-ADMIN-013,3,tests/test_telegram_story_contracts.py; tests/test_bot_paywall.py; tests/test_api_auth_and_tickets.py,Entrypoint maps to canonical story row(s) with direct test refs.,Keep story mapping current when handler/component behavior changes.,2026-07-05
TG-HANDLER-091,aiogram_handler,Telegram bots,router.callback_query(F.data == 'mass_remind_expiring_run'),mass_remind_expiring_run,portal_bot\bot.py:7623,direct_story_test_ref,1,TELEGRAM_BOTS-TG-ADMIN-013,3,tests/test_telegram_story_contracts.py; tests/test_bot_paywall.py; tests/test_api_auth_and_tickets.py,Entrypoint maps to canonical story row(s) with direct test refs.,Keep story mapping current when handler/component behavior changes.,2026-07-05
TG-HANDLER-092,aiogram_handler,Telegram bots,router.callback_query(F.data == 'mass_normalize_plans'),mass_normalize_plans,portal_bot\bot.py:7672,direct_story_test_ref,1,TELEGRAM_BOTS-TG-ADMIN-013,3,tests/test_telegram_story_contracts.py; tests/test_bot_paywall.py; tests/test_api_auth_and_tickets.py,Entrypoint maps to canonical story row(s) with direct test refs.,Keep story mapping current when handler/component behavior changes.,2026-07-05
TG-HANDLER-093,aiogram_handler,Telegram bots,router.callback_query(F.data == 'mass_normalize_plans_run'),mass_normalize_plans_run,portal_bot\bot.py:7708,direct_story_test_ref,1,TELEGRAM_BOTS-TG-ADMIN-013,3,tests/test_telegram_story_contracts.py; tests/test_bot_paywall.py; tests/test_api_auth_and_tickets.py,Entrypoint maps to canonical story row(s) with direct test refs.,Keep story mapping current when handler/component behavior changes.,2026-07-05
TG-HANDLER-094,aiogram_handler,Telegram bots,router.callback_query(F.data == 'mass_promo_14'),mass_promo_14,portal_bot\bot.py:7744,direct_story_test_ref,1,TELEGRAM_BOTS-TG-ADMIN-013,3,tests/test_telegram_story_contracts.py; tests/test_bot_paywall.py; tests/test_api_auth_and_tickets.py,Entrypoint maps to canonical story row(s) with direct test refs.,Keep story mapping current when handler/component behavior changes.,2026-07-05
TG-HANDLER-095,aiogram_handler,Telegram bots,router.callback_query(F.data == 'mass_promo_14_run'),mass_promo_14_run,portal_bot\bot.py:7772,direct_story_test_ref,1,TELEGRAM_BOTS-TG-ADMIN-013,3,tests/test_telegram_story_contracts.py; tests/test_bot_paywall.py; tests/test_api_auth_and_tickets.py,Entrypoint maps to canonical story row(s) with direct test refs.,Keep story mapping current when handler/component behavior changes.,2026-07-05
TG-HANDLER-096,aiogram_handler,Telegram bots,router.callback_query(F.data == 'mass_sync_nodes'),mass_sync_nodes,portal_bot\bot.py:7855,direct_story_test_ref,1,TELEGRAM_BOTS-TG-ADMIN-013,3,tests/test_telegram_story_contracts.py; tests/test_bot_paywall.py; tests/test_api_auth_and_tickets.py,Entrypoint maps to canonical story row(s) with direct test refs.,Keep story mapping current when handler/component behavior changes.,2026-07-05
TG-HANDLER-097,aiogram_handler,Telegram bots,router.callback_query(F.data == 'mass_sync_nodes_run'),mass_sync_nodes_run,portal_bot\bot.py:7877,direct_story_test_ref,1,TELEGRAM_BOTS-TG-ADMIN-013,3,tests/test_telegram_story_contracts.py; tests/test_bot_paywall.py; tests/test_api_auth_and_tickets.py,Entrypoint maps to canonical story row(s) with direct test refs.,Keep story mapping current when handler/component behavior changes.,2026-07-05
TG-HANDLER-098,aiogram_handler,Telegram bots,router.callback_query(F.data == 'admin_sync'),admin_sync_callback,portal_bot\bot.py:7938,direct_story_test_ref,4,TELEGRAM_BOTS-TG-ADMIN-007; TELEGRAM_BOTS-TG-ADMIN-014; WEBAPP-ADM-001; WEBAPP-ADM-002,5,tests/test_telegram_story_contracts.py; tests/test_bot_paywall.py; tests/test_api_auth_and_tickets.py; webapp/e2e/admin-gate.spec.ts; tests/test_admin_webapp_smoke.py,Entrypoint maps to canonical story row(s) with direct test refs.,Keep story mapping current when handler/component behavior changes.,2026-07-05
TG-HANDLER-099,aiogram_handler,Telegram bots,router.callback_query(F.data.startswith('admin_users')),show_admin_users,portal_bot\bot.py:7979,direct_story_test_ref,5,TELEGRAM_BOTS-TG-ADMIN-003; WEBAPP-ADM-001; WEBAPP-ADM-002; BACKEND-API-092; BACKEND-API-111,6,tests/test_telegram_story_contracts.py; tests/test_bot_paywall.py; tests/test_api_auth_and_tickets.py; webapp/e2e/admin-gate.spec.ts; tests/test_admin_webapp_smoke.py; tests/test_observer_api.py,Entrypoint maps to canonical story row(s) with direct test refs.,Keep story mapping current when handler/component behavior changes.,2026-07-05
TG-HANDLER-100,aiogram_handler,Telegram bots,router.callback_query(F.data.startswith('wheel_preset_')),admin_wheel_set_preset,portal_bot\bot.py:8108,direct_story_test_ref,3,TELEGRAM_BOTS-TG-ADMIN-011; WEBAPP-ADM-001; WEBAPP-ADM-002,5,tests/test_telegram_story_contracts.py; tests/test_bot_paywall.py; tests/test_api_auth_and_tickets.py; webapp/e2e/admin-gate.spec.ts; tests/test_admin_webapp_smoke.py,Entrypoint maps to canonical story row(s) with direct test refs.,Keep story mapping current when handler/component behavior changes.,2026-07-05
TG-HANDLER-101,aiogram_handler,Telegram bots,router.callback_query(F.data == 'wheel_weights'),admin_wheel_set_weights_prompt,portal_bot\bot.py:8122,direct_story_test_ref,4,TELEGRAM_BOTS-TG-ADMIN-011; WEBAPP-ADM-001; WEBAPP-ADM-002; WEBAPP-ADM-016,5,tests/test_telegram_story_contracts.py; tests/test_bot_paywall.py; tests/test_api_auth_and_tickets.py; webapp/e2e/admin-gate.spec.ts; tests/test_admin_webapp_smoke.py,Entrypoint maps to canonical story row(s) with direct test refs.,Keep story mapping current when handler/component behavior changes.,2026-07-05
TG-HANDLER-102,aiogram_handler,Telegram bots,router.callback_query(F.data.startswith('mass_extend_run_')),mass_extend_run,portal_bot\bot.py:8138,direct_story_test_ref,1,TELEGRAM_BOTS-TG-ADMIN-013,3,tests/test_telegram_story_contracts.py; tests/test_bot_paywall.py; tests/test_api_auth_and_tickets.py,Entrypoint maps to canonical story row(s) with direct test refs.,Keep story mapping current when handler/component behavior changes.,2026-07-05
TG-HANDLER-103,aiogram_handler,Telegram bots,router.callback_query(F.data == 'wheel_cd'),admin_wheel_set_cooldown_prompt,portal_bot\bot.py:8193,direct_story_test_ref,4,TELEGRAM_BOTS-TG-ADMIN-004; TELEGRAM_BOTS-TG-ADMIN-011; WEBAPP-ADM-001; WEBAPP-ADM-002,5,tests/test_telegram_story_contracts.py; tests/test_bot_paywall.py; tests/test_api_auth_and_tickets.py; webapp/e2e/admin-gate.spec.ts; tests/test_admin_webapp_smoke.py,Entrypoint maps to canonical story row(s) with direct test refs.,Keep story mapping current when handler/component behavior changes.,2026-07-05
TG-HANDLER-104,aiogram_handler,Telegram bots,router.callback_query(F.data.startswith('adm_user_')),admin_view_user,portal_bot\bot.py:8208,direct_story_test_ref,3,TELEGRAM_BOTS-TG-ADMIN-003; WEBAPP-ADM-001; WEBAPP-ADM-002,5,tests/test_telegram_story_contracts.py; tests/test_bot_paywall.py; tests/test_api_auth_and_tickets.py; webapp/e2e/admin-gate.spec.ts; tests/test_admin_webapp_smoke.py,Entrypoint maps to canonical story row(s) with direct test refs.,Keep story mapping current when handler/component behavior changes.,2026-07-05
TG-HANDLER-105,aiogram_handler,Telegram bots,router.callback_query(F.data.startswith('adm_add_days_')),admin_add_days,portal_bot\bot.py:8217,direct_story_test_ref,3,TELEGRAM_BOTS-TG-ADMIN-004; WEBAPP-ADM-001; WEBAPP-ADM-002,5,tests/test_telegram_story_contracts.py; tests/test_bot_paywall.py; tests/test_api_auth_and_tickets.py; webapp/e2e/admin-gate.spec.ts; tests/test_admin_webapp_smoke.py,Entrypoint maps to canonical story row(s) with direct test refs.,Keep story mapping current when handler/component behavior changes.,2026-07-05
TG-HANDLER-106,aiogram_handler,Telegram bots,router.callback_query(F.data.startswith('adm_add_gb_')),admin_add_gb,portal_bot\bot.py:8235,direct_story_test_ref,2,WEBAPP-ADM-001; WEBAPP-ADM-002,3,webapp/e2e/admin-gate.spec.ts; tests/test_admin_webapp_smoke.py; tests/test_api_auth_and_tickets.py,Entrypoint maps to canonical story row(s) with direct test refs.,Keep story mapping current when handler/component behavior changes.,2026-07-05
TG-HANDLER-107,aiogram_handler,Telegram bots,router.callback_query(F.data.startswith('adm_sub_gb_')),admin_sub_gb,portal_bot\bot.py:8256,direct_story_test_ref,3,TELEGRAM_BOTS-TG-ADMIN-004; WEBAPP-ADM-001; WEBAPP-ADM-002,5,tests/test_telegram_story_contracts.py; tests/test_bot_paywall.py; tests/test_api_auth_and_tickets.py; webapp/e2e/admin-gate.spec.ts; tests/test_admin_webapp_smoke.py,Entrypoint maps to canonical story row(s) with direct test refs.,Keep story mapping current when handler/component behavior changes.,2026-07-05
TG-HANDLER-108,aiogram_handler,Telegram bots,router.callback_query(F.data.startswith('adm_toggle_')),admin_toggle_user,portal_bot\bot.py:8276,direct_story_test_ref,3,TELEGRAM_BOTS-TG-ADMIN-004; WEBAPP-ADM-001; WEBAPP-ADM-002,5,tests/test_telegram_story_contracts.py; tests/test_bot_paywall.py; tests/test_api_auth_and_tickets.py; webapp/e2e/admin-gate.spec.ts; tests/test_admin_webapp_smoke.py,Entrypoint maps to canonical story row(s) with direct test refs.,Keep story mapping current when handler/component behavior changes.,2026-07-05
TG-HANDLER-109,aiogram_handler,Telegram bots,router.callback_query(F.data.startswith('adm_sync_nodes_')),admin_sync_user_nodes,portal_bot\bot.py:8308,direct_story_test_ref,3,TELEGRAM_BOTS-TG-ADMIN-004; WEBAPP-ADM-001; WEBAPP-ADM-002,5,tests/test_telegram_story_contracts.py; tests/test_bot_paywall.py; tests/test_api_auth_and_tickets.py; webapp/e2e/admin-gate.spec.ts; tests/test_admin_webapp_smoke.py,Entrypoint maps to canonical story row(s) with direct test refs.,Keep story mapping current when handler/component behavior changes.,2026-07-05
TG-HANDLER-110,aiogram_handler,Telegram bots,router.callback_query(F.data.startswith('adm_send_link_')),admin_send_user_link,portal_bot\bot.py:8349,direct_story_test_ref,3,TELEGRAM_BOTS-TG-ADMIN-004; WEBAPP-ADM-001; WEBAPP-ADM-002,5,tests/test_telegram_story_contracts.py; tests/test_bot_paywall.py; tests/test_api_auth_and_tickets.py; webapp/e2e/admin-gate.spec.ts; tests/test_admin_webapp_smoke.py,Entrypoint maps to canonical story row(s) with direct test refs.,Keep story mapping current when handler/component behavior changes.,2026-07-05
TG-HANDLER-111,aiogram_handler,Telegram bots,router.callback_query(F.data.startswith('adm_regen_token_')),admin_regen_token,portal_bot\bot.py:8376,direct_story_test_ref,3,TELEGRAM_BOTS-TG-ADMIN-004; WEBAPP-ADM-001; WEBAPP-ADM-002,5,tests/test_telegram_story_contracts.py; tests/test_bot_paywall.py; tests/test_api_auth_and_tickets.py; webapp/e2e/admin-gate.spec.ts; tests/test_admin_webapp_smoke.py,Entrypoint maps to canonical story row(s) with direct test refs.,Keep story mapping current when handler/component behavior changes.,2026-07-05
TG-HANDLER-112,aiogram_handler,Telegram bots,router.callback_query(F.data.startswith('adm_msg_user_')),admin_message_user_prompt,portal_bot\bot.py:8398,direct_story_test_ref,4,TELEGRAM_BOTS-TG-MAIN-017; TELEGRAM_BOTS-TG-ADMIN-004; WEBAPP-ADM-001; WEBAPP-ADM-002,6,tests/test_telegram_story_contracts.py; tests/test_bot_paywall.py; tests/test_app_bot_parity_smoke.py; tests/test_api_auth_and_tickets.py; webapp/e2e/admin-gate.spec.ts; tests/test_admin_webapp_smoke.py,Entrypoint maps to canonical story row(s) with direct test refs.,Keep story mapping current when handler/component behavior changes.,2026-07-05
TG-HANDLER-113,aiogram_handler,Telegram bots,router.callback_query(F.data == 'mode_pro'),mode_pro_start,portal_bot\bot.py:8422,direct_story_test_ref,1,TELEGRAM_BOTS-TG-MAIN-017,3,tests/test_telegram_story_contracts.py; tests/test_bot_paywall.py; tests/test_app_bot_parity_smoke.py,Entrypoint maps to canonical story row(s) with direct test refs.,Keep story mapping current when handler/component behavior changes.,2026-07-05
TG-HANDLER-114,aiogram_handler,Telegram bots,router.callback_query(F.data == 'mode_simple'),mode_simple_start,portal_bot\bot.py:8438,direct_story_test_ref,1,TELEGRAM_BOTS-TG-MAIN-016,3,tests/test_telegram_story_contracts.py; tests/test_bot_paywall.py; tests/test_app_bot_parity_smoke.py,Entrypoint maps to canonical story row(s) with direct test refs.,Keep story mapping current when handler/component behavior changes.,2026-07-05
TG-HANDLER-115,aiogram_handler,Telegram bots,"router.callback_query(F.data.in_({'simple_ios', 'simple_android', 'simple_pc', 'simple_win'}))",mode_simple_step2,portal_bot\bot.py:8455,direct_story_test_ref,1,TELEGRAM_BOTS-TG-MAIN-016,3,tests/test_telegram_story_contracts.py; tests/test_bot_paywall.py; tests/test_app_bot_parity_smoke.py,Entrypoint maps to canonical story row(s) with direct test refs.,Keep story mapping current when handler/component behavior changes.,2026-07-05
TG-HANDLER-116,aiogram_handler,Telegram bots,router.callback_query(F.data == 'simple_step3'),mode_simple_step3,portal_bot\bot.py:8492,direct_story_test_ref,2,TELEGRAM_BOTS-TG-MAIN-008; TELEGRAM_BOTS-TG-MAIN-016,3,tests/test_telegram_story_contracts.py; tests/test_bot_paywall.py; tests/test_app_bot_parity_smoke.py,Entrypoint maps to canonical story row(s) with direct test refs.,Keep story mapping current when handler/component behavior changes.,2026-07-05
TG-HANDLER-117,aiogram_handler,Telegram bots,router.callback_query(F.data.startswith('bonus_offer_')),channel_bonus_offer,portal_bot\bot.py:8581,direct_story_test_ref,2,TELEGRAM_BOTS-TG-MAIN-008; TELEGRAM_BOTS-TG-MAIN-018,5,tests/test_telegram_story_contracts.py; tests/test_bot_paywall.py; tests/test_app_bot_parity_smoke.py; portal_bot/tests/test_channel_bonus_service.py; tests/test_api_auth_and_tickets.py,Entrypoint maps to canonical story row(s) with direct test refs.,Keep story mapping current when handler/component behavior changes.,2026-07-05
TG-HANDLER-118,aiogram_handler,Telegram bots,router.callback_query(F.data.startswith('bonus_claim_')),channel_bonus_claim,portal_bot\bot.py:8590,direct_story_test_ref,1,TELEGRAM_BOTS-TG-MAIN-018,5,tests/test_telegram_story_contracts.py; tests/test_bot_paywall.py; tests/test_app_bot_parity_smoke.py; portal_bot/tests/test_channel_bonus_service.py; tests/test_api_auth_and_tickets.py,Entrypoint maps to canonical story row(s) with direct test refs.,Keep story mapping current when handler/component behavior changes.,2026-07-05
TG-HANDLER-119,aiogram_handler,Telegram bots,router.callback_query(F.data.startswith('bonus_skip_')),channel_bonus_skip,portal_bot\bot.py:8642,direct_story_test_ref,1,TELEGRAM_BOTS-TG-MAIN-018,5,tests/test_telegram_story_contracts.py; tests/test_bot_paywall.py; tests/test_app_bot_parity_smoke.py; portal_bot/tests/test_channel_bonus_service.py; tests/test_api_auth_and_tickets.py,Entrypoint maps to canonical story row(s) with direct test refs.,Keep story mapping current when handler/component behavior changes.,2026-07-05
TG-HANDLER-120,aiogram_handler,Telegram bots,router.callback_query(F.data == 'trial_direct'),trial_direct,portal_bot\bot.py:8651,direct_story_test_ref,1,TELEGRAM_BOTS-TG-MAIN-008,3,tests/test_telegram_story_contracts.py; tests/test_bot_paywall.py; tests/test_app_bot_parity_smoke.py,Entrypoint maps to canonical story row(s) with direct test refs.,Keep story mapping current when handler/component behavior changes.,2026-07-05
TG-HANDLER-121,aiogram_handler,Telegram bots,router.callback_query(F.data.startswith('adm_tariff_')),admin_tariff_menu,portal_bot\bot.py:8736,direct_story_test_ref,2,WEBAPP-ADM-001; WEBAPP-ADM-002,3,webapp/e2e/admin-gate.spec.ts; tests/test_admin_webapp_smoke.py; tests/test_api_auth_and_tickets.py,Entrypoint maps to canonical story row(s) with direct test refs.,Keep story mapping current when handler/component behavior changes.,2026-07-05
TG-HANDLER-122,aiogram_handler,Telegram bots,router.callback_query(F.data == 'admin_gift_menu'),admin_gift_menu,portal_bot\bot.py:8765,direct_story_test_ref,3,TELEGRAM_BOTS-TG-ADMIN-015; WEBAPP-ADM-001; WEBAPP-ADM-002,5,tests/test_telegram_story_contracts.py; tests/test_bot_paywall.py; tests/test_api_auth_and_tickets.py; webapp/e2e/admin-gate.spec.ts; tests/test_admin_webapp_smoke.py,Entrypoint maps to canonical story row(s) with direct test refs.,Keep story mapping current when handler/component behavior changes.,2026-07-05
TG-HANDLER-123,aiogram_handler,Telegram bots,router.callback_query(F.data.startswith('admin_giftcode_')),admin_giftcode_create_from_menu,portal_bot\bot.py:8795,direct_story_test_ref,6,TELEGRAM_BOTS-TG-ADMIN-004; TELEGRAM_BOTS-TG-ADMIN-015; WEBAPP-ADM-001; WEBAPP-ADM-002; BACKEND-API-152; BACKEND-API-154,6,tests/test_telegram_story_contracts.py; tests/test_bot_paywall.py; tests/test_api_auth_and_tickets.py; webapp/e2e/admin-gate.spec.ts; tests/test_admin_webapp_smoke.py; tests/test_api_lifecycle_smoke.py,Entrypoint maps to canonical story row(s) with direct test refs.,Keep story mapping current when handler/component behavior changes.,2026-07-05
TG-HANDLER-124,aiogram_handler,Telegram bots,router.callback_query(F.data.startswith('adm_set_')),admin_set_tariff,portal_bot\bot.py:8819,direct_story_test_ref,3,TELEGRAM_BOTS-TG-ADMIN-004; WEBAPP-ADM-001; WEBAPP-ADM-002,5,tests/test_telegram_story_contracts.py; tests/test_bot_paywall.py; tests/test_api_auth_and_tickets.py; webapp/e2e/admin-gate.spec.ts; tests/test_admin_webapp_smoke.py,Entrypoint maps to canonical story row(s) with direct test refs.,Keep story mapping current when handler/component behavior changes.,2026-07-05
TG-HANDLER-125,aiogram_handler,Telegram bots,router.callback_query(F.data.startswith('adm_reset_')),admin_reset_traffic,portal_bot\bot.py:8878,direct_story_test_ref,3,TELEGRAM_BOTS-TG-ADMIN-004; WEBAPP-ADM-001; WEBAPP-ADM-002,5,tests/test_telegram_story_contracts.py; tests/test_bot_paywall.py; tests/test_api_auth_and_tickets.py; webapp/e2e/admin-gate.spec.ts; tests/test_admin_webapp_smoke.py,Entrypoint maps to canonical story row(s) with direct test refs.,Keep story mapping current when handler/component behavior changes.,2026-07-05
TG-HANDLER-126,aiogram_handler,Telegram bots,router.callback_query(F.data.startswith('adm_del_')),admin_delete_user,portal_bot\bot.py:8892,direct_story_test_ref,3,TELEGRAM_BOTS-TG-ADMIN-002; WEBAPP-ADM-001; WEBAPP-ADM-002,5,tests/test_telegram_story_contracts.py; tests/test_bot_paywall.py; tests/test_api_auth_and_tickets.py; webapp/e2e/admin-gate.spec.ts; tests/test_admin_webapp_smoke.py,Entrypoint maps to canonical story row(s) with direct test refs.,Keep story mapping current when handler/component behavior changes.,2026-07-05
TG-HANDLER-127,aiogram_handler,Telegram bots,router.callback_query(F.data.startswith('buy_')),process_buy,portal_bot\bot.py:8945,direct_story_test_ref,24,TELEGRAM_BOTS-TG-MAIN-007; TELEGRAM_BOTS-TG-MAIN-008; TELEGRAM_BOTS-TG-MAIN-023; TELEGRAM_BOTS-TG-MAIN-024; MARKETING-ML-016; MARKETING-ML-017; MARKETING-ML-036; MARKETING-ML-037; MARKETING-ML-038; MARKETING-ML-040; MARKETING-ML-041; MARKETING-ML-042; MARKETING-ML-043; MARKETING-ML-044; BACKEND-API-036; BACKEND-API-037; BACKEND-API-038; BACKEND-API-039; BACKEND-API-040; BACKEND-API-041; BACKEND-API-042; BACKEND-API-043; BACKEND-API-044; BACKEND-API-054,15,tests/test_telegram_story_contracts.py; tests/test_bot_paywall.py; tests/test_app_bot_parity_smoke.py; tests/test_marketing_story_contracts.py; tests/test_marketing_release_readiness.py; tests/test_public_copy_guardrails.py; tests/test_frontend_text_integrity.py; tests/test_ui_visual_smoke.py; tests/test_api_payments_callbacks.py; tests/test_public_beta_post_deploy_probe.py; webapp/e2e/admin-gate.spec.ts; webapp/e2e/cabinet-flow.spec.ts; tests/test_api_lifecycle_smoke.py; tests/test_freekassa_staging_smoke.py; tests/test_api_p0_extensions.py,Entrypoint maps to canonical story row(s) with direct test refs.,Keep story mapping current when handler/component behavior changes.,2026-07-05
TG-HANDLER-128,aiogram_handler,Telegram bots,router.callback_query(F.data.startswith('pay_stars_')),process_buy_stars,portal_bot\bot.py:8974,direct_story_test_ref,1,TELEGRAM_BOTS-TG-MAIN-010,4,tests/test_telegram_story_contracts.py; tests/test_bot_paywall.py; tests/test_app_bot_parity_smoke.py; tests/test_api_payments_callbacks.py,Entrypoint maps to canonical story row(s) with direct test refs.,Keep story mapping current when handler/component behavior changes.,2026-07-05
TG-HANDLER-129,aiogram_handler,Telegram bots,router.callback_query(F.data.startswith('pay_rub:')),process_buy_rub,portal_bot\bot.py:9056,direct_story_test_ref,1,TELEGRAM_BOTS-TG-MAIN-009,5,tests/test_telegram_story_contracts.py; tests/test_bot_paywall.py; tests/test_app_bot_parity_smoke.py; tests/test_api_payments_callbacks.py; tests/test_lavatop_payment_providers.py,Entrypoint maps to canonical story row(s) with direct test refs.,Keep story mapping current when handler/component behavior changes.,2026-07-05
TG-HANDLER-130,aiogram_handler,Telegram bots,router.callback_query(F.data.startswith('pay_rub_')),process_buy_rub,portal_bot\bot.py:9056,direct_story_test_ref,1,TELEGRAM_BOTS-TG-MAIN-009,5,tests/test_telegram_story_contracts.py; tests/test_bot_paywall.py; tests/test_app_bot_parity_smoke.py; tests/test_api_payments_callbacks.py; tests/test_lavatop_payment_providers.py,Entrypoint maps to canonical story row(s) with direct test refs.,Keep story mapping current when handler/component behavior changes.,2026-07-05
TG-HANDLER-131,aiogram_handler,Telegram bots,router.message(F.content_type == ContentType.SUCCESSFUL_PAYMENT),payment_success,portal_bot\bot.py:9125,direct_story_test_ref,3,TELEGRAM_BOTS-TG-MAIN-010; TELEGRAM_BOTS-TG-MAIN-011; TELEGRAM_BOTS-TG-MAIN-023,5,tests/test_telegram_story_contracts.py; tests/test_bot_paywall.py; tests/test_app_bot_parity_smoke.py; tests/test_api_payments_callbacks.py; tests/test_lavatop_payment_providers.py,Entrypoint maps to canonical story row(s) with direct test refs.,Keep story mapping current when handler/component behavior changes.,2026-07-05
TG-HANDLER-132,aiogram_handler,Telegram bots,router.message(Command('admin')),admin_stats,portal_bot\bot.py:9508,direct_story_test_ref,143,TELEGRAM_BOTS-TG-MAIN-014; TELEGRAM_BOTS-TG-MAIN-030; TELEGRAM_BOTS-TG-MAIN-031; TELEGRAM_BOTS-TG-ADMIN-001; TELEGRAM_BOTS-TG-ADMIN-002; TELEGRAM_BOTS-TG-ADMIN-003; TELEGRAM_BOTS-TG-ADMIN-004; TELEGRAM_BOTS-TG-ADMIN-005; TELEGRAM_BOTS-TG-ADMIN-006; TELEGRAM_BOTS-TG-ADMIN-007; TELEGRAM_BOTS-TG-ADMIN-008; TELEGRAM_BOTS-TG-ADMIN-009; TELEGRAM_BOTS-TG-ADMIN-010; TELEGRAM_BOTS-TG-ADMIN-011; TELEGRAM_BOTS-TG-ADMIN-012; TELEGRAM_BOTS-TG-ADMIN-013; TELEGRAM_BOTS-TG-ADMIN-014; TELEGRAM_BOTS-TG-ADMIN-015; TELEGRAM_BOTS-TG-SUPPORT-001; TELEGRAM_BOTS-TG-SUPPORT-002; TELEGRAM_BOTS-TG-SUPPORT-003; TELEGRAM_BOTS-TG-SUPPORT-004; TELEGRAM_BOTS-TG-SUPPORT-006; TELEGRAM_BOTS-TG-FEEDBACK-001; TELEGRAM_BOTS-TG-FEEDBACK-002; WEBAPP-WEB-007; WEBAPP-WEB-023; WEBAPP-ADM-001; WEBAPP-ADM-002; WEBAPP-ADM-003; WEBAPP-ADM-004; WEBAPP-ADM-005; WEBAPP-ADM-006; WEBAPP-ADM-007; WEBAPP-ADM-008; WEBAPP-ADM-009; WEBAPP-ADM-010; WEBAPP-ADM-011; WEBAPP-ADM-012; WEBAPP-ADM-013; WEBAPP-ADM-014; WEBAPP-ADM-015; WEBAPP-ADM-016; WEBAPP-ADM-017; WEBAPP-ADM-018; WEBAPP-ADM-019; WEBAPP-ADM-020; WEBAPP-ADM-021; WEBAPP-ADM-022; WEBAPP-ADM-023; WEBAPP-ADM-024; WEBAPP-ADM-025; WEBAPP-ADM-026; WEBAPP-ADM-027; WEBAPP-ADM-028; WEBAPP-ADM-029; WEBAPP-ADM-030; WEBAPP-ADM-031; WEBAPP-ADM-032; WEBAPP-ADM-033; WEBAPP-ADM-034; BACKEND-API-045; BACKEND-API-046; BACKEND-API-047; BACKEND-API-048; BACKEND-API-089; BACKEND-API-090; BACKEND-API-091; BACKEND-API-092; BACKEND-API-093; BACKEND-API-094; BACKEND-API-095; BACKEND-API-096; BACKEND-API-097; BACKEND-API-098; BACKEND-API-099; BACKEND-API-100; BACKEND-API-101; BACKEND-API-102; BACKEND-API-103; BACKEND-API-104; BACKEND-API-105; BACKEND-API-106; BACKEND-API-107; BACKEND-API-108; BACKEND-API-109; BACKEND-API-110; BACKEND-API-111; BACKEND-API-112; BACKEND-API-113; BACKEND-API-114; BACKEND-API-115; BACKEND-API-116; BACKEND-API-117; BACKEND-API-118; BACKEND-API-119; BACKEND-API-120; BACKEND-API-121; BACKEND-API-122; BACKEND-API-123; BACKEND-API-124; BACKEND-API-125; BACKEND-API-126; BACKEND-API-127; BACKEND-API-128; BACKEND-API-129; BACKEND-API-130; BACKEND-API-131; BACKEND-API-132; BACKEND-API-133; BACKEND-API-134; BACKEND-API-135; BACKEND-API-136; BACKEND-API-137; BACKEND-API-138; BACKEND-API-139; BACKEND-API-140; BACKEND-API-141; BACKEND-API-142; BACKEND-API-143; BACKEND-API-144; BACKEND-API-145; BACKEND-API-146; BACKEND-API-147; BACKEND-API-148; BACKEND-API-149; BACKEND-API-150; BACKEND-API-151; BACKEND-API-152; BACKEND-API-153; BACKEND-API-154; BACKEND-API-155; BACKEND-API-156; BACKEND-API-157; BACKEND-API-158; BACKEND-API-159; BACKEND-API-160; BACKEND-API-161; BACKEND-API-162; BACKEND-API-163; BACKEND-API-164; BACKEND-API-165; OPS-SCRIPT-041,21,tests/test_telegram_story_contracts.py; tests/test_bot_paywall.py; tests/test_app_bot_parity_smoke.py; tests/test_helpbot_lifecycle.py; tests/test_api_auth_and_tickets.py; tests/test_feedbackbot_moderation.py; tests/test_reviews_username_masking.py; tests/test_backend_route_gap_coverage.py; tests/test_support_macros_contract.py; webapp/e2e/cabinet-flow.spec.ts; tests/test_frontend_text_integrity.py; webapp/e2e/admin-gate.spec.ts; tests/test_admin_webapp_smoke.py; tests/test_admin_payments_api.py; tests/test_network_rollout_api.py; tests/test_worker_retention.py; tests/test_api_payments_callbacks.py; tests/test_api_p0_extensions.py; portal_bot/tests/test_email_auth.py; tests/test_observer_api.py; tests/test_api_lifecycle_smoke.py,Entrypoint maps to canonical story row(s) with direct test refs.,Keep story mapping current when handler/component behavior changes.,2026-07-05
TG-HANDLER-133,aiogram_handler,Telegram bots,router.message(Command('user')),admin_user_search,portal_bot\bot.py:9530,direct_story_test_ref,262,TELEGRAM_BOTS-TG-MAIN-001; TELEGRAM_BOTS-TG-MAIN-002; TELEGRAM_BOTS-TG-MAIN-003; TELEGRAM_BOTS-TG-MAIN-004; TELEGRAM_BOTS-TG-MAIN-005; TELEGRAM_BOTS-TG-MAIN-006; TELEGRAM_BOTS-TG-MAIN-007; TELEGRAM_BOTS-TG-MAIN-008; TELEGRAM_BOTS-TG-MAIN-009; TELEGRAM_BOTS-TG-MAIN-010; TELEGRAM_BOTS-TG-MAIN-011; TELEGRAM_BOTS-TG-MAIN-012; TELEGRAM_BOTS-TG-MAIN-013; TELEGRAM_BOTS-TG-MAIN-014; TELEGRAM_BOTS-TG-MAIN-015; TELEGRAM_BOTS-TG-MAIN-016; TELEGRAM_BOTS-TG-MAIN-017; TELEGRAM_BOTS-TG-MAIN-018; TELEGRAM_BOTS-TG-MAIN-019; TELEGRAM_BOTS-TG-MAIN-020; TELEGRAM_BOTS-TG-MAIN-021; TELEGRAM_BOTS-TG-MAIN-022; TELEGRAM_BOTS-TG-MAIN-023; TELEGRAM_BOTS-TG-MAIN-024; TELEGRAM_BOTS-TG-MAIN-025; TELEGRAM_BOTS-TG-MAIN-026; TELEGRAM_BOTS-TG-MAIN-027; TELEGRAM_BOTS-TG-MAIN-028; TELEGRAM_BOTS-TG-MAIN-029; TELEGRAM_BOTS-TG-MAIN-030; TELEGRAM_BOTS-TG-MAIN-031; TELEGRAM_BOTS-TG-ADMIN-001; TELEGRAM_BOTS-TG-ADMIN-002; TELEGRAM_BOTS-TG-ADMIN-003; TELEGRAM_BOTS-TG-ADMIN-004; TELEGRAM_BOTS-TG-ADMIN-006; TELEGRAM_BOTS-TG-ADMIN-007; TELEGRAM_BOTS-TG-ADMIN-008; TELEGRAM_BOTS-TG-ADMIN-009; TELEGRAM_BOTS-TG-ADMIN-010; TELEGRAM_BOTS-TG-ADMIN-013; TELEGRAM_BOTS-TG-ADMIN-014; TELEGRAM_BOTS-TG-ADMIN-015; TELEGRAM_BOTS-TG-MAIN-032; TELEGRAM_BOTS-TG-MAIN-033; TELEGRAM_BOTS-TG-SUPPORT-001; TELEGRAM_BOTS-TG-SUPPORT-002; TELEGRAM_BOTS-TG-SUPPORT-003; TELEGRAM_BOTS-TG-SUPPORT-004; TELEGRAM_BOTS-TG-SUPPORT-005; TELEGRAM_BOTS-TG-SUPPORT-006; TELEGRAM_BOTS-TG-FEEDBACK-001; TELEGRAM_BOTS-TG-FEEDBACK-002; TELEGRAM_BOTS-TG-LEGACY-001; WEBAPP-WEB-002; WEBAPP-WEB-003; WEBAPP-WEB-004; WEBAPP-WEB-006; WEBAPP-WEB-007; WEBAPP-WEB-008; WEBAPP-WEB-009; WEBAPP-WEB-010; WEBAPP-WEB-011; WEBAPP-WEB-012; WEBAPP-WEB-013; WEBAPP-WEB-014; WEBAPP-WEB-015; WEBAPP-WEB-016; WEBAPP-WEB-017; WEBAPP-WEB-018; WEBAPP-WEB-019; WEBAPP-WEB-020; WEBAPP-WEB-021; WEBAPP-WEB-022; WEBAPP-WEB-023; WEBAPP-WEB-024; WEBAPP-ADM-001; WEBAPP-ADM-002; WEBAPP-ADM-003; WEBAPP-ADM-006; WEBAPP-ADM-007; WEBAPP-ADM-008; WEBAPP-ADM-009; WEBAPP-ADM-010; WEBAPP-ADM-011; WEBAPP-ADM-012; WEBAPP-ADM-013; WEBAPP-ADM-014; WEBAPP-ADM-015; WEBAPP-ADM-017; WEBAPP-ADM-024; MARKETING-ML-004; MARKETING-ML-015; MARKETING-ML-033; MARKETING-ML-034; MARKETING-ML-035; MARKETING-ML-039; MARKETING-ML-041; MARKETING-ML-051; CLIENT_APP-US-001; CLIENT_APP-US-002; CLIENT_APP-US-003; CLIENT_APP-US-004; CLIENT_APP-US-005; CLIENT_APP-US-006; CLIENT_APP-US-007; CLIENT_APP-US-008; CLIENT_APP-US-009; CLIENT_APP-US-010; CLIENT_APP-US-011; CLIENT_APP-US-012; CLIENT_APP-US-013; CLIENT_APP-US-014; CLIENT_APP-US-015; CLIENT_APP-US-017; CLIENT_APP-US-018; CLIENT_APP-US-019; CLIENT_APP-US-020; CLIENT_APP-US-021; CLIENT_APP-US-022; CLIENT_APP-US-023; CLIENT_APP-US-024; CLIENT_APP-US-025; CLIENT_APP-US-026; CLIENT_APP-US-027; CLIENT_APP-US-028; CLIENT_APP-US-029; CLIENT_APP-US-030; CLIENT_APP-US-031; CLIENT_APP-US-032; CLIENT_APP-US-033; CLIENT_APP-US-035; CLIENT_APP-US-036; CLIENT_APP-US-037; CLIENT_APP-US-038; CLIENT_APP-US-039; CLIENT_APP-US-040; CLIENT_APP-US-041; CLIENT_APP-US-042; CLIENT_APP-US-043; CLIENT_APP-US-044; CLIENT_APP-US-045; CLIENT_APP-US-047; CLIENT_APP-US-048; CLIENT_APP-US-049; CLIENT_APP-US-050; CLIENT_APP-US-051; CLIENT_APP-US-052; CLIENT_APP-US-053; CLIENT_APP-US-054; CLIENT_APP-US-055; CLIENT_APP-US-056; CLIENT_APP-US-057; CLIENT_APP-US-058; CLIENT_APP-US-059; CLIENT_APP-US-060; CLIENT_APP-US-061; CLIENT_APP-US-062; CLIENT_APP-US-063; CLIENT_APP-US-064; CLIENT_APP-US-065; CLIENT_APP-US-066; CLIENT_APP-US-067; BACKEND-API-001; BACKEND-API-006; BACKEND-API-007; BACKEND-API-008; BACKEND-API-009; BACKEND-API-010; BACKEND-API-011; BACKEND-API-012; BACKEND-API-013; BACKEND-API-014; BACKEND-API-015; BACKEND-API-017; BACKEND-API-018; BACKEND-API-019; BACKEND-API-020; BACKEND-API-021; BACKEND-API-022; BACKEND-API-023; BACKEND-API-024; BACKEND-API-025; BACKEND-API-026; BACKEND-API-027; BACKEND-API-028; BACKEND-API-029; BACKEND-API-030; BACKEND-API-031; BACKEND-API-032; BACKEND-API-033; BACKEND-API-034; BACKEND-API-035; BACKEND-API-047; BACKEND-API-055; BACKEND-API-056; BACKEND-API-057; BACKEND-API-059; BACKEND-API-060; BACKEND-API-061; BACKEND-API-064; BACKEND-API-065; BACKEND-API-066; BACKEND-API-067; BACKEND-API-068; BACKEND-API-069; BACKEND-API-070; BACKEND-API-071; BACKEND-API-072; BACKEND-API-073; BACKEND-API-074; BACKEND-API-075; BACKEND-API-076; BACKEND-API-077; BACKEND-API-078; BACKEND-API-079; BACKEND-API-081; BACKEND-API-084; BACKEND-API-085; BACKEND-API-086; BACKEND-API-087; BACKEND-API-088; BACKEND-API-092; BACKEND-API-093; BACKEND-API-094; BACKEND-API-095; BACKEND-API-096; BACKEND-API-097; BACKEND-API-098; BACKEND-API-099; BACKEND-API-100; BACKEND-API-101; BACKEND-API-102; BACKEND-API-103; BACKEND-API-104; BACKEND-API-105; BACKEND-API-106; BACKEND-API-107; BACKEND-API-108; BACKEND-API-109; BACKEND-API-110; BACKEND-API-111; BACKEND-API-113; BACKEND-API-158; BACKEND-API-159; BACKEND-API-160; BACKEND-API-161; BACKEND-API-162; BACKEND-API-163; BACKEND-API-164; BACKEND-API-165; OPS-SCRIPT-001; OPS-SCRIPT-017; OPS-SCRIPT-022; OPS-SCRIPT-055; OPS-SCRIPT-066; OPS-SCRIPT-083; OPS-SCRIPT-099; OPS-SCRIPT-114; OPS-SCRIPT-117; OPS-SCRIPT-122; OPS-SCRIPT-123,62,tests/test_telegram_story_contracts.py; tests/test_bot_paywall.py; tests/test_app_bot_parity_smoke.py; portal_bot/tests/test_telegram_oidc_auth.py; tests/test_api_auth_and_tickets.py; tests/test_api_payments_callbacks.py; tests/test_lavatop_payment_providers.py; portal_bot/tests/test_channel_bonus_service.py; tests/test_feedbackbot_moderation.py; tests/test_reviews_username_masking.py; tests/test_backend_route_gap_coverage.py; tests/test_helpbot_lifecycle.py; tests/test_support_macros_contract.py; tests/test_worker_retention.py; tests/test_brain_telegram_bot_menu_check.py; tests/test_support_ai_service.py; tests/test_pokrov_migration_defaults.py; webapp/e2e/cabinet-flow.spec.ts; tests/test_frontend_text_integrity.py; webapp/e2e/telegram-login-refresh.spec.ts; webapp/e2e/settings-email-link.spec.ts; webapp/e2e/admin-gate.spec.ts; tests/test_admin_webapp_smoke.py; tests/test_admin_payments_api.py; tests/test_marketing_story_contracts.py; tests/test_marketing_release_readiness.py; tests/test_public_copy_guardrails.py; tests/test_ui_visual_smoke.py; POKROV-app/packages/app_shell/test/pokrov_seed_app_test.dart; POKROV-app/packages/app_shell/test/ui_copy_contract_test.dart; POKROV-app/packages/app_shell/test/app_first_runtime_bootstrap_test.dart; POKROV-app/packages/app_shell/test/design_system_contract_test.dart; POKROV-app/packages/runtime_engine/test/runtime_engine_test.dart; POKROV-app/packages/app_shell/test/warp_lifecycle_contract_test.dart; POKROV-app/packages/app_shell/test/assistant_contract_test.dart; POKROV-app/apps/android_shell/test/widget_test.dart; POKROV-app/apps/android_shell/test/android_manifest_test.dart; POKROV-app/apps/windows_shell/test/widget_test.dart; POKROV-app/apps/windows_shell/test/windows_release_contract_test.dart; POKROV-app/apps/android_shell/android/app/src/test/kotlin/space/pokrov/pokrov_android_shell/AndroidManifestPermissionsTest.kt; POKROV-app/apps/android_shell/android/app/src/test/kotlin/space/pokrov/pokrov_android_shell/AndroidPlatformRuntimeBridgeTest.kt; POKROV-app/apps/android_shell/android/app/src/test/kotlin/space/pokrov/pokrov_android_shell/AndroidRuntimeStateTest.kt; POKROV-app/apps/android_shell/android/app/src/test/kotlin/space/pokrov/pokrov_android_shell/AndroidSystemDnsPlannerTest.kt; POKROV-app/apps/android_shell/android/app/src/test/kotlin/space/pokrov/pokrov_android_shell/AndroidTunRoutePlannerTest.kt; POKROV-app/docs/operations/2026-06-13-pokrov-product-ui-plan-closure-audit.md; POKROV-app/docs/operations/cutover-readiness.md; tests/test_remote_deploy_brain_static_sites.py; webapp/e2e/oidc-fallback.spec.ts; portal_bot/tests/test_email_auth.py; tests/test_public_beta_post_deploy_probe.py; portal_bot/tests/test_app_first_api.py; tests/test_api_lifecycle_smoke.py; tests/test_client_ui_api_additions.py; tests/test_network_rollout_api.py; tests/test_smart_connect_api.py; tests/test_api_p0_extensions.py; tests/test_public_beta_launch_decision.py; tests/test_observer_api.py; tests/test_ops_script_gap_batch.py; tests/test_remote_script_gap_batch.py; tests/test_story_test_evidence_audit.py; tests/test_postgres_operator_scripts.py,Entrypoint maps to canonical story row(s) with direct test refs.,Keep story mapping current when handler/component behavior changes.,2026-07-05
TG-HANDLER-134,aiogram_handler,Telegram bots,router.callback_query(F.data.startswith('admin_logs_')),admin_view_logs,portal_bot\bot.py:9614,direct_story_test_ref,3,TELEGRAM_BOTS-TG-ADMIN-003; WEBAPP-ADM-001; WEBAPP-ADM-002,5,tests/test_telegram_story_contracts.py; tests/test_bot_paywall.py; tests/test_api_auth_and_tickets.py; webapp/e2e/admin-gate.spec.ts; tests/test_admin_webapp_smoke.py,Entrypoint maps to canonical story row(s) with direct test refs.,Keep story mapping current when handler/component behavior changes.,2026-07-05
TG-HANDLER-135,aiogram_handler,Telegram bots,router.callback_query(F.data.startswith('admin_profile_')),admin_back_to_profile,portal_bot\bot.py:9667,direct_story_test_ref,2,WEBAPP-ADM-001; WEBAPP-ADM-002,3,webapp/e2e/admin-gate.spec.ts; tests/test_admin_webapp_smoke.py; tests/test_api_auth_and_tickets.py,Entrypoint maps to canonical story row(s) with direct test refs.,Keep story mapping current when handler/component behavior changes.,2026-07-05
TG-HANDLER-136,aiogram_handler,Telegram bots,router.callback_query(F.data.startswith('admin_extend_')),admin_extend_prompt,portal_bot\bot.py:9723,direct_story_test_ref,4,WEBAPP-ADM-001; WEBAPP-ADM-002; BACKEND-API-095; BACKEND-API-096,4,webapp/e2e/admin-gate.spec.ts; tests/test_admin_webapp_smoke.py; tests/test_api_auth_and_tickets.py; tests/test_observer_api.py,Entrypoint maps to canonical story row(s) with direct test refs.,Keep story mapping current when handler/component behavior changes.,2026-07-05
TG-HANDLER-137,aiogram_handler,Telegram bots,router.callback_query(F.data.startswith('admin_ban_')),admin_toggle_ban,portal_bot\bot.py:9740,direct_story_test_ref,3,TELEGRAM_BOTS-TG-ADMIN-009; WEBAPP-ADM-001; WEBAPP-ADM-002,5,tests/test_telegram_story_contracts.py; tests/test_bot_paywall.py; tests/test_api_auth_and_tickets.py; webapp/e2e/admin-gate.spec.ts; tests/test_admin_webapp_smoke.py,Entrypoint maps to canonical story row(s) with direct test refs.,Keep story mapping current when handler/component behavior changes.,2026-07-05
TG-HANDLER-138,aiogram_handler,Telegram bots,router.message(Command('template')),template_command,portal_bot\bot.py:9764,direct_story_test_ref,36,TELEGRAM_BOTS-TG-ADMIN-009; WEBAPP-ADM-031; BACKEND-API-115; BACKEND-API-116; BACKEND-API-117; BACKEND-API-118; BACKEND-API-119; BACKEND-API-120; BACKEND-API-121; BACKEND-API-122; BACKEND-API-123; BACKEND-API-124; BACKEND-API-125; BACKEND-API-126; BACKEND-API-127; BACKEND-API-128; BACKEND-API-129; BACKEND-API-130; BACKEND-API-131; BACKEND-API-132; BACKEND-API-137; BACKEND-API-138; BACKEND-API-139; BACKEND-API-142; BACKEND-API-143; BACKEND-API-144; BACKEND-API-145; BACKEND-API-146; BACKEND-API-147; BACKEND-API-148; BACKEND-API-149; BACKEND-API-150; BACKEND-API-151; BACKEND-API-152; BACKEND-API-153; BACKEND-API-154,9,tests/test_telegram_story_contracts.py; tests/test_bot_paywall.py; tests/test_api_auth_and_tickets.py; webapp/e2e/admin-gate.spec.ts; tests/test_admin_webapp_smoke.py; tests/test_worker_retention.py; tests/test_api_lifecycle_smoke.py; tests/test_api_payments_callbacks.py; tests/test_backend_route_gap_coverage.py,Entrypoint maps to canonical story row(s) with direct test refs.,Keep story mapping current when handler/component behavior changes.,2026-07-05
TG-HANDLER-139,aiogram_handler,Telegram bots,router.message(Command('promo')),promo_command,portal_bot\bot.py:10044,direct_story_test_ref,71,TELEGRAM_BOTS-TG-MAIN-005; TELEGRAM_BOTS-TG-MAIN-006; TELEGRAM_BOTS-TG-MAIN-024; TELEGRAM_BOTS-TG-MAIN-025; TELEGRAM_BOTS-TG-MAIN-031; TELEGRAM_BOTS-TG-ADMIN-001; TELEGRAM_BOTS-TG-ADMIN-005; TELEGRAM_BOTS-TG-ADMIN-012; TELEGRAM_BOTS-TG-ADMIN-013; WEBAPP-WEB-014; WEBAPP-ADM-019; WEBAPP-ADM-021; WEBAPP-ADM-022; WEBAPP-ADM-023; MARKETING-ML-040; CLIENT_APP-US-016; CLIENT_APP-US-044; CLIENT_APP-US-046; CLIENT_APP-US-054; BACKEND-API-028; BACKEND-API-064; BACKEND-API-065; BACKEND-API-066; BACKEND-API-067; BACKEND-API-068; BACKEND-API-069; BACKEND-API-070; BACKEND-API-071; BACKEND-API-072; BACKEND-API-073; BACKEND-API-074; BACKEND-API-075; BACKEND-API-076; BACKEND-API-077; BACKEND-API-078; BACKEND-API-079; BACKEND-API-115; BACKEND-API-116; BACKEND-API-117; BACKEND-API-118; BACKEND-API-119; BACKEND-API-120; BACKEND-API-121; BACKEND-API-122; BACKEND-API-123; BACKEND-API-124; BACKEND-API-125; BACKEND-API-126; BACKEND-API-127; BACKEND-API-128; BACKEND-API-129; BACKEND-API-130; BACKEND-API-131; BACKEND-API-132; BACKEND-API-137; BACKEND-API-138; BACKEND-API-139; BACKEND-API-142; BACKEND-API-143; BACKEND-API-144; BACKEND-API-145; BACKEND-API-146; BACKEND-API-147; BACKEND-API-148; BACKEND-API-149; BACKEND-API-150; BACKEND-API-151; BACKEND-API-152; BACKEND-API-153; BACKEND-API-154; OPS-SCRIPT-052,21,tests/test_telegram_story_contracts.py; tests/test_bot_paywall.py; tests/test_app_bot_parity_smoke.py; tests/test_api_auth_and_tickets.py; tests/test_backend_route_gap_coverage.py; webapp/e2e/cabinet-flow.spec.ts; tests/test_api_payments_callbacks.py; tests/test_frontend_text_integrity.py; webapp/e2e/admin-gate.spec.ts; tests/test_admin_webapp_smoke.py; tests/test_marketing_story_contracts.py; tests/test_marketing_release_readiness.py; tests/test_public_copy_guardrails.py; tests/test_ui_visual_smoke.py; POKROV-app/packages/app_shell/test/pokrov_seed_app_test.dart; POKROV-app/packages/app_shell/test/app_first_runtime_bootstrap_test.dart; tests/test_api_p0_extensions.py; portal_bot/tests/test_app_first_api.py; tests/test_api_lifecycle_smoke.py; webapp/e2e/settings-email-link.spec.ts; tests/test_remote_script_gap_batch.py,Entrypoint maps to canonical story row(s) with direct test refs.,Keep story mapping current when handler/component behavior changes.,2026-07-05
TG-HANDLER-140,aiogram_handler,Telegram bots,router.message(Command('health')),health_check,portal_bot\bot.py:10149,direct_story_test_ref,17,TELEGRAM_BOTS-TG-ADMIN-001; TELEGRAM_BOTS-TG-ADMIN-007; WEBAPP-ADM-003; WEBAPP-ADM-026; WEBAPP-ADM-027; CLIENT_APP-US-061; CLIENT_APP-US-062; BACKEND-API-001; BACKEND-API-047; BACKEND-API-158; BACKEND-API-159; BACKEND-API-160; BACKEND-API-161; BACKEND-API-162; BACKEND-API-163; BACKEND-API-164; BACKEND-API-165,12,tests/test_telegram_story_contracts.py; tests/test_bot_paywall.py; tests/test_api_auth_and_tickets.py; webapp/e2e/admin-gate.spec.ts; tests/test_admin_webapp_smoke.py; POKROV-app/packages/runtime_engine/test/runtime_engine_test.dart; POKROV-app/apps/windows_shell/test/widget_test.dart; POKROV-app/apps/windows_shell/test/windows_release_contract_test.dart; POKROV-app/packages/app_shell/test/app_first_runtime_bootstrap_test.dart; tests/test_remote_deploy_brain_static_sites.py; tests/test_observer_api.py; tests/test_backend_route_gap_coverage.py,Entrypoint maps to canonical story row(s) with direct test refs.,Keep story mapping current when handler/component behavior changes.,2026-07-05
TG-HANDLER-141,aiogram_handler,Telegram bots,router.message(Command('reviews')),reviews_moderation,portal_bot\bot.py:10208,direct_story_test_ref,8,TELEGRAM_BOTS-TG-MAIN-027; TELEGRAM_BOTS-TG-ADMIN-001; TELEGRAM_BOTS-TG-ADMIN-006; MARKETING-ML-001; MARKETING-ML-048; CLIENT_APP-US-052; BACKEND-API-049; BACKEND-API-082,14,tests/test_telegram_story_contracts.py; tests/test_bot_paywall.py; tests/test_app_bot_parity_smoke.py; tests/test_feedbackbot_moderation.py; tests/test_reviews_username_masking.py; tests/test_api_auth_and_tickets.py; tests/test_marketing_story_contracts.py; tests/test_marketing_release_readiness.py; tests/test_public_copy_guardrails.py; tests/test_frontend_text_integrity.py; tests/test_ui_visual_smoke.py; POKROV-app/packages/app_shell/test/pokrov_seed_app_test.dart; POKROV-app/packages/app_shell/test/assistant_contract_test.dart; tests/test_api_p0_extensions.py,Entrypoint maps to canonical story row(s) with direct test refs.,Keep story mapping current when handler/component behavior changes.,2026-07-05
TG-HANDLER-142,aiogram_handler,Telegram bots,router.callback_query(F.data.startswith('review_toggle_')),toggle_review_featured,portal_bot\bot.py:10251,direct_story_test_ref,1,TELEGRAM_BOTS-TG-ADMIN-006,5,tests/test_telegram_story_contracts.py; tests/test_bot_paywall.py; tests/test_api_auth_and_tickets.py; tests/test_feedbackbot_moderation.py; tests/test_reviews_username_masking.py,Entrypoint maps to canonical story row(s) with direct test refs.,Keep story mapping current when handler/component behavior changes.,2026-07-05
TG-HANDLER-143,aiogram_handler,Telegram bots,router.callback_query(F.data.startswith('review_delete_')),delete_review,portal_bot\bot.py:10280,direct_story_test_ref,1,TELEGRAM_BOTS-TG-ADMIN-006,5,tests/test_telegram_story_contracts.py; tests/test_bot_paywall.py; tests/test_api_auth_and_tickets.py; tests/test_feedbackbot_moderation.py; tests/test_reviews_username_masking.py,Entrypoint maps to canonical story row(s) with direct test refs.,Keep story mapping current when handler/component behavior changes.,2026-07-05
TG-HANDLER-144,aiogram_handler,Telegram bots,router.message(Command('sync')),sync_usernames,portal_bot\bot.py:10309,direct_story_test_ref,54,TELEGRAM_BOTS-TG-MAIN-004; TELEGRAM_BOTS-TG-MAIN-011; TELEGRAM_BOTS-TG-MAIN-014; TELEGRAM_BOTS-TG-MAIN-021; TELEGRAM_BOTS-TG-ADMIN-001; TELEGRAM_BOTS-TG-ADMIN-004; TELEGRAM_BOTS-TG-ADMIN-007; TELEGRAM_BOTS-TG-ADMIN-013; TELEGRAM_BOTS-TG-ADMIN-014; TELEGRAM_BOTS-TG-MAIN-032; WEBAPP-ADM-006; WEBAPP-ADM-009; WEBAPP-ADM-012; WEBAPP-ADM-017; WEBAPP-ADM-024; WEBAPP-ADM-027; WEBAPP-ADM-028; CLIENT_APP-US-055; CLIENT_APP-US-057; CLIENT_APP-US-061; BACKEND-API-047; BACKEND-API-092; BACKEND-API-093; BACKEND-API-094; BACKEND-API-095; BACKEND-API-096; BACKEND-API-097; BACKEND-API-098; BACKEND-API-099; BACKEND-API-100; BACKEND-API-101; BACKEND-API-102; BACKEND-API-103; BACKEND-API-104; BACKEND-API-105; BACKEND-API-106; BACKEND-API-107; BACKEND-API-108; BACKEND-API-109; BACKEND-API-110; BACKEND-API-111; BACKEND-API-113; BACKEND-API-158; BACKEND-API-159; BACKEND-API-160; BACKEND-API-161; BACKEND-API-162; BACKEND-API-163; BACKEND-API-164; BACKEND-API-165; OPS-SCRIPT-055; OPS-SCRIPT-083; OPS-SCRIPT-094; OPS-SCRIPT-111,20,tests/test_telegram_story_contracts.py; tests/test_bot_paywall.py; tests/test_app_bot_parity_smoke.py; portal_bot/tests/test_telegram_oidc_auth.py; tests/test_api_auth_and_tickets.py; tests/test_api_payments_callbacks.py; tests/test_lavatop_payment_providers.py; tests/test_worker_retention.py; webapp/e2e/admin-gate.spec.ts; tests/test_admin_webapp_smoke.py; tests/test_admin_payments_api.py; POKROV-app/packages/app_shell/test/app_first_runtime_bootstrap_test.dart; POKROV-app/packages/runtime_engine/test/runtime_engine_test.dart; POKROV-app/apps/windows_shell/test/widget_test.dart; POKROV-app/apps/windows_shell/test/windows_release_contract_test.dart; tests/test_observer_api.py; tests/test_backend_route_gap_coverage.py; tests/test_remote_script_gap_batch.py; tests/test_shared_surface_facts.py; tests/test_remote_apply_ru_bridge_relay.py,Entrypoint maps to canonical story row(s) with direct test refs.,Keep story mapping current when handler/component behavior changes.,2026-07-05
TG-HANDLER-145,aiogram_handler,Telegram bots,router.message(Command('broadcast')),admin_broadcast,portal_bot\bot.py:10363,direct_story_test_ref,15,TELEGRAM_BOTS-TG-ADMIN-001; TELEGRAM_BOTS-TG-ADMIN-008; TELEGRAM_BOTS-TG-ADMIN-010; WEBAPP-ADM-001; WEBAPP-ADM-002; WEBAPP-ADM-030; WEBAPP-ADM-031; WEBAPP-ADM-032; BACKEND-API-089; BACKEND-API-112; BACKEND-API-114; BACKEND-API-135; BACKEND-API-136; BACKEND-API-140; BACKEND-API-141,11,tests/test_telegram_story_contracts.py; tests/test_bot_paywall.py; tests/test_api_auth_and_tickets.py; tests/test_backend_route_gap_coverage.py; webapp/e2e/admin-gate.spec.ts; tests/test_admin_webapp_smoke.py; tests/test_worker_retention.py; tests/test_api_payments_callbacks.py; portal_bot/tests/test_email_auth.py; tests/test_observer_api.py; tests/test_network_rollout_api.py,Entrypoint maps to canonical story row(s) with direct test refs.,Keep story mapping current when handler/component behavior changes.,2026-07-05
TG-HANDLER-146,aiogram_handler,Telegram bots,router.message(Command('giftcode')),admin_giftcode,portal_bot\bot.py:10421,direct_story_test_ref,7,TELEGRAM_BOTS-TG-MAIN-031; TELEGRAM_BOTS-TG-ADMIN-015; WEBAPP-WEB-015; WEBAPP-ADM-001; WEBAPP-ADM-002; BACKEND-API-152; BACKEND-API-154,9,tests/test_telegram_story_contracts.py; tests/test_bot_paywall.py; tests/test_app_bot_parity_smoke.py; tests/test_api_auth_and_tickets.py; webapp/e2e/cabinet-flow.spec.ts; tests/test_frontend_text_integrity.py; webapp/e2e/admin-gate.spec.ts; tests/test_admin_webapp_smoke.py; tests/test_api_lifecycle_smoke.py,Entrypoint maps to canonical story row(s) with direct test refs.,Keep story mapping current when handler/component behavior changes.,2026-07-05
TG-HANDLER-147,aiogram_handler,Telegram bots,router.message(Command('gift')),admin_gift,portal_bot\bot.py:10476,direct_story_test_ref,51,TELEGRAM_BOTS-TG-MAIN-003; TELEGRAM_BOTS-TG-MAIN-005; TELEGRAM_BOTS-TG-MAIN-006; TELEGRAM_BOTS-TG-MAIN-011; TELEGRAM_BOTS-TG-MAIN-024; TELEGRAM_BOTS-TG-MAIN-031; TELEGRAM_BOTS-TG-ADMIN-001; TELEGRAM_BOTS-TG-ADMIN-015; WEBAPP-WEB-015; WEBAPP-ADM-001; WEBAPP-ADM-002; CLIENT_APP-US-041; BACKEND-API-074; BACKEND-API-076; BACKEND-API-077; BACKEND-API-078; BACKEND-API-079; BACKEND-API-115; BACKEND-API-116; BACKEND-API-117; BACKEND-API-118; BACKEND-API-119; BACKEND-API-120; BACKEND-API-121; BACKEND-API-122; BACKEND-API-123; BACKEND-API-124; BACKEND-API-125; BACKEND-API-126; BACKEND-API-127; BACKEND-API-128; BACKEND-API-129; BACKEND-API-130; BACKEND-API-131; BACKEND-API-132; BACKEND-API-137; BACKEND-API-138; BACKEND-API-139; BACKEND-API-142; BACKEND-API-143; BACKEND-API-144; BACKEND-API-145; BACKEND-API-146; BACKEND-API-147; BACKEND-API-148; BACKEND-API-149; BACKEND-API-150; BACKEND-API-151; BACKEND-API-152; BACKEND-API-153; BACKEND-API-154,15,tests/test_telegram_story_contracts.py; tests/test_bot_paywall.py; tests/test_app_bot_parity_smoke.py; tests/test_api_payments_callbacks.py; tests/test_lavatop_payment_providers.py; tests/test_api_auth_and_tickets.py; webapp/e2e/cabinet-flow.spec.ts; tests/test_frontend_text_integrity.py; webapp/e2e/admin-gate.spec.ts; tests/test_admin_webapp_smoke.py; POKROV-app/packages/app_shell/test/pokrov_seed_app_test.dart; POKROV-app/packages/app_shell/test/app_first_runtime_bootstrap_test.dart; tests/test_api_lifecycle_smoke.py; portal_bot/tests/test_app_first_api.py; tests/test_backend_route_gap_coverage.py,Entrypoint maps to canonical story row(s) with direct test refs.,Keep story mapping current when handler/component behavior changes.,2026-07-05
TG-HANDLER-148,aiogram_handler,Telegram bots,router.message(CommandStart()),start,portal_bot\helpbot.py:368,direct_story_test_ref,82,TELEGRAM_BOTS-TG-MAIN-001; TELEGRAM_BOTS-TG-MAIN-002; TELEGRAM_BOTS-TG-MAIN-003; TELEGRAM_BOTS-TG-MAIN-004; TELEGRAM_BOTS-TG-MAIN-005; TELEGRAM_BOTS-TG-MAIN-027; TELEGRAM_BOTS-TG-ADMIN-001; TELEGRAM_BOTS-TG-ADMIN-012; TELEGRAM_BOTS-TG-MAIN-033; TELEGRAM_BOTS-TG-SUPPORT-001; TELEGRAM_BOTS-TG-SUPPORT-002; TELEGRAM_BOTS-TG-FEEDBACK-001; TELEGRAM_BOTS-TG-LEGACY-001; WEBAPP-WEB-005; WEBAPP-WEB-014; WEBAPP-WEB-020; WEBAPP-ADM-018; MARKETING-ML-005; MARKETING-ML-008; MARKETING-ML-010; MARKETING-ML-013; MARKETING-ML-016; MARKETING-ML-036; MARKETING-ML-037; MARKETING-ML-038; MARKETING-ML-039; MARKETING-ML-040; MARKETING-ML-041; MARKETING-ML-042; MARKETING-ML-043; CLIENT_APP-US-002; CLIENT_APP-US-009; CLIENT_APP-US-015; CLIENT_APP-US-049; CLIENT_APP-US-055; CLIENT_APP-US-061; BACKEND-API-007; BACKEND-API-013; BACKEND-API-016; BACKEND-API-035; BACKEND-API-054; BACKEND-API-058; BACKEND-API-062; BACKEND-API-063; BACKEND-API-115; BACKEND-API-116; BACKEND-API-117; BACKEND-API-118; BACKEND-API-119; BACKEND-API-120; BACKEND-API-121; BACKEND-API-122; BACKEND-API-123; BACKEND-API-124; BACKEND-API-125; BACKEND-API-126; BACKEND-API-127; BACKEND-API-128; BACKEND-API-129; BACKEND-API-130; BACKEND-API-131; BACKEND-API-132; BACKEND-API-137; BACKEND-API-138; BACKEND-API-139; BACKEND-API-142; BACKEND-API-143; BACKEND-API-144; BACKEND-API-145; BACKEND-API-146; BACKEND-API-147; BACKEND-API-148; BACKEND-API-149; BACKEND-API-150; BACKEND-API-151; BACKEND-API-152; BACKEND-API-153; BACKEND-API-154; OPS-SCRIPT-080; OPS-SCRIPT-115; OPS-SCRIPT-116; OPS-SCRIPT-121,39,tests/test_telegram_story_contracts.py; tests/test_bot_paywall.py; tests/test_app_bot_parity_smoke.py; portal_bot/tests/test_telegram_oidc_auth.py; tests/test_api_auth_and_tickets.py; tests/test_feedbackbot_moderation.py; tests/test_reviews_username_masking.py; tests/test_backend_route_gap_coverage.py; tests/test_brain_telegram_bot_menu_check.py; tests/test_helpbot_lifecycle.py; tests/test_support_macros_contract.py; tests/test_pokrov_migration_defaults.py; webapp/e2e/cabinet-flow.spec.ts; webapp/e2e/telegram-login-refresh.spec.ts; webapp/e2e/oidc-fallback.spec.ts; tests/test_frontend_text_integrity.py; tests/test_api_payments_callbacks.py; webapp/e2e/settings-email-link.spec.ts; webapp/e2e/admin-gate.spec.ts; tests/test_admin_webapp_smoke.py; tests/test_marketing_story_contracts.py; tests/test_marketing_release_readiness.py; tests/test_public_copy_guardrails.py; tests/test_ui_visual_smoke.py; POKROV-app/packages/app_shell/test/pokrov_seed_app_test.dart; POKROV-app/packages/app_shell/test/app_first_runtime_bootstrap_test.dart; POKROV-app/packages/runtime_engine/test/runtime_engine_test.dart; POKROV-app/apps/windows_shell/test/widget_test.dart; POKROV-app/apps/windows_shell/test/windows_release_contract_test.dart; portal_bot/tests/test_email_auth.py; portal_bot/tests/test_app_first_api.py; tests/test_api_lifecycle_smoke.py; tests/test_api_p0_extensions.py; tests/test_client_ui_api_additions.py; tests/test_network_rollout_api.py; tests/test_smart_connect_api.py; tests/test_remote_script_gap_batch.py; tests/test_postgres_operator_scripts.py; tests/test_story_test_evidence_audit.py,Entrypoint maps to canonical story row(s) with direct test refs.,Keep story mapping current when handler/component behavior changes.,2026-07-05
TG-HANDLER-149,aiogram_handler,Telegram bots,router.callback_query(F.data == 'hb_ticket_new'),ticket_new,portal_bot\helpbot.py:435,direct_story_test_ref,2,TELEGRAM_BOTS-TG-MAIN-030; TELEGRAM_BOTS-TG-SUPPORT-002,6,tests/test_telegram_story_contracts.py; tests/test_bot_paywall.py; tests/test_app_bot_parity_smoke.py; tests/test_helpbot_lifecycle.py; tests/test_api_auth_and_tickets.py; tests/test_support_macros_contract.py,Entrypoint maps to canonical story row(s) with direct test refs.,Keep story mapping current when handler/component behavior changes.,2026-07-05
TG-HANDLER-150,aiogram_handler,Telegram bots,router.callback_query(F.data == 'hb_ticket_my'),ticket_my,portal_bot\helpbot.py:461,direct_story_test_ref,2,TELEGRAM_BOTS-TG-MAIN-030; TELEGRAM_BOTS-TG-SUPPORT-002,6,tests/test_telegram_story_contracts.py; tests/test_bot_paywall.py; tests/test_app_bot_parity_smoke.py; tests/test_helpbot_lifecycle.py; tests/test_api_auth_and_tickets.py; tests/test_support_macros_contract.py,Entrypoint maps to canonical story row(s) with direct test refs.,Keep story mapping current when handler/component behavior changes.,2026-07-05
TG-HANDLER-151,aiogram_handler,Telegram bots,router.callback_query(F.data.startswith('hb_ticket_view_')),ticket_view,portal_bot\helpbot.py:498,direct_story_test_ref,2,TELEGRAM_BOTS-TG-MAIN-030; TELEGRAM_BOTS-TG-SUPPORT-003,6,tests/test_telegram_story_contracts.py; tests/test_bot_paywall.py; tests/test_app_bot_parity_smoke.py; tests/test_helpbot_lifecycle.py; tests/test_api_auth_and_tickets.py; tests/test_support_macros_contract.py,Entrypoint maps to canonical story row(s) with direct test refs.,Keep story mapping current when handler/component behavior changes.,2026-07-05
TG-HANDLER-152,aiogram_handler,Telegram bots,router.callback_query(F.data.startswith('hb_ticket_reply_')),ticket_reply,portal_bot\helpbot.py:504,direct_story_test_ref,4,TELEGRAM_BOTS-TG-MAIN-030; TELEGRAM_BOTS-TG-SUPPORT-003; WEBAPP-ADM-034; BACKEND-API-156,8,tests/test_telegram_story_contracts.py; tests/test_bot_paywall.py; tests/test_app_bot_parity_smoke.py; tests/test_helpbot_lifecycle.py; tests/test_api_auth_and_tickets.py; tests/test_support_macros_contract.py; webapp/e2e/admin-gate.spec.ts; tests/test_admin_webapp_smoke.py,Entrypoint maps to canonical story row(s) with direct test refs.,Keep story mapping current when handler/component behavior changes.,2026-07-05
TG-HANDLER-153,aiogram_handler,Telegram bots,router.callback_query(F.data.startswith('hb_ticket_close_')),ticket_close,portal_bot\helpbot.py:534,direct_story_test_ref,2,TELEGRAM_BOTS-TG-MAIN-030; TELEGRAM_BOTS-TG-SUPPORT-003,6,tests/test_telegram_story_contracts.py; tests/test_bot_paywall.py; tests/test_app_bot_parity_smoke.py; tests/test_helpbot_lifecycle.py; tests/test_api_auth_and_tickets.py; tests/test_support_macros_contract.py,Entrypoint maps to canonical story row(s) with direct test refs.,Keep story mapping current when handler/component behavior changes.,2026-07-05
TG-HANDLER-154,aiogram_handler,Telegram bots,router.callback_query(F.data.startswith('hb_ticket_reopen_')),ticket_reopen,portal_bot\helpbot.py:556,direct_story_test_ref,2,TELEGRAM_BOTS-TG-MAIN-030; TELEGRAM_BOTS-TG-SUPPORT-003,6,tests/test_telegram_story_contracts.py; tests/test_bot_paywall.py; tests/test_app_bot_parity_smoke.py; tests/test_helpbot_lifecycle.py; tests/test_api_auth_and_tickets.py; tests/test_support_macros_contract.py,Entrypoint maps to canonical story row(s) with direct test refs.,Keep story mapping current when handler/component behavior changes.,2026-07-05
TG-HANDLER-155,aiogram_handler,Telegram bots,router.callback_query(F.data.startswith('hb_aiq_')),support_ai_quick_reply,portal_bot\helpbot.py:578,direct_story_test_ref,1,TELEGRAM_BOTS-TG-SUPPORT-005,4,tests/test_telegram_story_contracts.py; tests/test_helpbot_lifecycle.py; tests/test_support_macros_contract.py; tests/test_support_ai_service.py,Entrypoint maps to canonical story row(s) with direct test refs.,Keep story mapping current when handler/component behavior changes.,2026-07-05
TG-HANDLER-156,aiogram_handler,Telegram bots,router.callback_query(F.data == 'hb_admin_queue'),admin_queue,portal_bot\helpbot.py:654,direct_story_test_ref,5,TELEGRAM_BOTS-TG-SUPPORT-001; TELEGRAM_BOTS-TG-SUPPORT-006; TELEGRAM_BOTS-TG-FEEDBACK-002; WEBAPP-ADM-001; WEBAPP-ADM-002,8,tests/test_telegram_story_contracts.py; tests/test_helpbot_lifecycle.py; tests/test_support_macros_contract.py; tests/test_feedbackbot_moderation.py; tests/test_reviews_username_masking.py; webapp/e2e/admin-gate.spec.ts; tests/test_admin_webapp_smoke.py; tests/test_api_auth_and_tickets.py,Entrypoint maps to canonical story row(s) with direct test refs.,Keep story mapping current when handler/component behavior changes.,2026-07-05
TG-HANDLER-157,aiogram_handler,Telegram bots,router.callback_query(F.data == 'hb_back_home'),back_home,portal_bot\helpbot.py:694,direct_story_test_ref,2,TELEGRAM_BOTS-TG-SUPPORT-001; TELEGRAM_BOTS-TG-FEEDBACK-001,5,tests/test_telegram_story_contracts.py; tests/test_helpbot_lifecycle.py; tests/test_support_macros_contract.py; tests/test_feedbackbot_moderation.py; tests/test_reviews_username_masking.py,Entrypoint maps to canonical story row(s) with direct test refs.,Keep story mapping current when handler/component behavior changes.,2026-07-05
TG-HANDLER-158,aiogram_handler,Telegram bots,router.message(F.document),capture_ticket_attachment,portal_bot\helpbot.py:705,direct_story_test_ref,1,TELEGRAM_BOTS-TG-SUPPORT-004,3,tests/test_telegram_story_contracts.py; tests/test_helpbot_lifecycle.py; tests/test_support_macros_contract.py,Entrypoint maps to canonical story row(s) with direct test refs.,Keep story mapping current when handler/component behavior changes.,2026-07-05
TG-HANDLER-159,aiogram_handler,Telegram bots,router.message(F.photo),capture_ticket_attachment,portal_bot\helpbot.py:705,direct_story_test_ref,1,TELEGRAM_BOTS-TG-SUPPORT-004,3,tests/test_telegram_story_contracts.py; tests/test_helpbot_lifecycle.py; tests/test_support_macros_contract.py,Entrypoint maps to canonical story row(s) with direct test refs.,Keep story mapping current when handler/component behavior changes.,2026-07-05
TG-HANDLER-160,aiogram_handler,Telegram bots,router.message(F.video),capture_ticket_attachment,portal_bot\helpbot.py:705,direct_story_test_ref,1,TELEGRAM_BOTS-TG-SUPPORT-004,3,tests/test_telegram_story_contracts.py; tests/test_helpbot_lifecycle.py; tests/test_support_macros_contract.py,Entrypoint maps to canonical story row(s) with direct test refs.,Keep story mapping current when handler/component behavior changes.,2026-07-05
TG-HANDLER-161,aiogram_handler,Telegram bots,router.message(F.text),capture_ticket_reply,portal_bot\helpbot.py:788,direct_story_test_ref,1,TELEGRAM_BOTS-TG-SUPPORT-003,3,tests/test_telegram_story_contracts.py; tests/test_helpbot_lifecycle.py; tests/test_support_macros_contract.py,Entrypoint maps to canonical story row(s) with direct test refs.,Keep story mapping current when handler/component behavior changes.,2026-07-05
TG-HANDLER-162,aiogram_handler,Telegram bots,router.message(CommandStart()),start,portal_bot\feedbackbot.py:255,direct_story_test_ref,82,TELEGRAM_BOTS-TG-MAIN-001; TELEGRAM_BOTS-TG-MAIN-002; TELEGRAM_BOTS-TG-MAIN-003; TELEGRAM_BOTS-TG-MAIN-004; TELEGRAM_BOTS-TG-MAIN-005; TELEGRAM_BOTS-TG-MAIN-027; TELEGRAM_BOTS-TG-ADMIN-001; TELEGRAM_BOTS-TG-ADMIN-012; TELEGRAM_BOTS-TG-MAIN-033; TELEGRAM_BOTS-TG-SUPPORT-001; TELEGRAM_BOTS-TG-SUPPORT-002; TELEGRAM_BOTS-TG-FEEDBACK-001; TELEGRAM_BOTS-TG-LEGACY-001; WEBAPP-WEB-005; WEBAPP-WEB-014; WEBAPP-WEB-020; WEBAPP-ADM-018; MARKETING-ML-005; MARKETING-ML-008; MARKETING-ML-010; MARKETING-ML-013; MARKETING-ML-016; MARKETING-ML-036; MARKETING-ML-037; MARKETING-ML-038; MARKETING-ML-039; MARKETING-ML-040; MARKETING-ML-041; MARKETING-ML-042; MARKETING-ML-043; CLIENT_APP-US-002; CLIENT_APP-US-009; CLIENT_APP-US-015; CLIENT_APP-US-049; CLIENT_APP-US-055; CLIENT_APP-US-061; BACKEND-API-007; BACKEND-API-013; BACKEND-API-016; BACKEND-API-035; BACKEND-API-054; BACKEND-API-058; BACKEND-API-062; BACKEND-API-063; BACKEND-API-115; BACKEND-API-116; BACKEND-API-117; BACKEND-API-118; BACKEND-API-119; BACKEND-API-120; BACKEND-API-121; BACKEND-API-122; BACKEND-API-123; BACKEND-API-124; BACKEND-API-125; BACKEND-API-126; BACKEND-API-127; BACKEND-API-128; BACKEND-API-129; BACKEND-API-130; BACKEND-API-131; BACKEND-API-132; BACKEND-API-137; BACKEND-API-138; BACKEND-API-139; BACKEND-API-142; BACKEND-API-143; BACKEND-API-144; BACKEND-API-145; BACKEND-API-146; BACKEND-API-147; BACKEND-API-148; BACKEND-API-149; BACKEND-API-150; BACKEND-API-151; BACKEND-API-152; BACKEND-API-153; BACKEND-API-154; OPS-SCRIPT-080; OPS-SCRIPT-115; OPS-SCRIPT-116; OPS-SCRIPT-121,39,tests/test_telegram_story_contracts.py; tests/test_bot_paywall.py; tests/test_app_bot_parity_smoke.py; portal_bot/tests/test_telegram_oidc_auth.py; tests/test_api_auth_and_tickets.py; tests/test_feedbackbot_moderation.py; tests/test_reviews_username_masking.py; tests/test_backend_route_gap_coverage.py; tests/test_brain_telegram_bot_menu_check.py; tests/test_helpbot_lifecycle.py; tests/test_support_macros_contract.py; tests/test_pokrov_migration_defaults.py; webapp/e2e/cabinet-flow.spec.ts; webapp/e2e/telegram-login-refresh.spec.ts; webapp/e2e/oidc-fallback.spec.ts; tests/test_frontend_text_integrity.py; tests/test_api_payments_callbacks.py; webapp/e2e/settings-email-link.spec.ts; webapp/e2e/admin-gate.spec.ts; tests/test_admin_webapp_smoke.py; tests/test_marketing_story_contracts.py; tests/test_marketing_release_readiness.py; tests/test_public_copy_guardrails.py; tests/test_ui_visual_smoke.py; POKROV-app/packages/app_shell/test/pokrov_seed_app_test.dart; POKROV-app/packages/app_shell/test/app_first_runtime_bootstrap_test.dart; POKROV-app/packages/runtime_engine/test/runtime_engine_test.dart; POKROV-app/apps/windows_shell/test/widget_test.dart; POKROV-app/apps/windows_shell/test/windows_release_contract_test.dart; portal_bot/tests/test_email_auth.py; portal_bot/tests/test_app_first_api.py; tests/test_api_lifecycle_smoke.py; tests/test_api_p0_extensions.py; tests/test_client_ui_api_additions.py; tests/test_network_rollout_api.py; tests/test_smart_connect_api.py; tests/test_remote_script_gap_batch.py; tests/test_postgres_operator_scripts.py; tests/test_story_test_evidence_audit.py,Entrypoint maps to canonical story row(s) with direct test refs.,Keep story mapping current when handler/component behavior changes.,2026-07-05
TG-HANDLER-163,aiogram_handler,Telegram bots,router.callback_query(F.data == 'fb_new'),fb_new,portal_bot\feedbackbot.py:266,direct_story_test_ref,1,TELEGRAM_BOTS-TG-FEEDBACK-001,3,tests/test_telegram_story_contracts.py; tests/test_feedbackbot_moderation.py; tests/test_reviews_username_masking.py,Entrypoint maps to canonical story row(s) with direct test refs.,Keep story mapping current when handler/component behavior changes.,2026-07-05
TG-HANDLER-164,aiogram_handler,Telegram bots,router.callback_query(F.data == 'fb_back_home'),fb_back_home,portal_bot\feedbackbot.py:280,direct_story_test_ref,1,TELEGRAM_BOTS-TG-FEEDBACK-001,3,tests/test_telegram_story_contracts.py; tests/test_feedbackbot_moderation.py; tests/test_reviews_username_masking.py,Entrypoint maps to canonical story row(s) with direct test refs.,Keep story mapping current when handler/component behavior changes.,2026-07-05
TG-HANDLER-165,aiogram_handler,Telegram bots,router.message(F.text & ~F.text.startswith('/')),capture_feedback,portal_bot\feedbackbot.py:292,direct_story_test_ref,1,TELEGRAM_BOTS-TG-FEEDBACK-001,3,tests/test_telegram_story_contracts.py; tests/test_feedbackbot_moderation.py; tests/test_reviews_username_masking.py,Entrypoint maps to canonical story row(s) with direct test refs.,Keep story mapping current when handler/component behavior changes.,2026-07-05
TG-HANDLER-166,aiogram_handler,Telegram bots,router.callback_query(F.data.startswith('fb_review_')),fb_review_open,portal_bot\feedbackbot.py:326,direct_story_test_ref,1,TELEGRAM_BOTS-TG-FEEDBACK-002,3,tests/test_telegram_story_contracts.py; tests/test_feedbackbot_moderation.py; tests/test_reviews_username_masking.py,Entrypoint maps to canonical story row(s) with direct test refs.,Keep story mapping current when handler/component behavior changes.,2026-07-05
TG-HANDLER-167,aiogram_handler,Telegram bots,router.callback_query(F.data == 'fb_admin_queue'),fb_admin_queue,portal_bot\feedbackbot.py:343,direct_story_test_ref,1,TELEGRAM_BOTS-TG-FEEDBACK-002,3,tests/test_telegram_story_contracts.py; tests/test_feedbackbot_moderation.py; tests/test_reviews_username_masking.py,Entrypoint maps to canonical story row(s) with direct test refs.,Keep story mapping current when handler/component behavior changes.,2026-07-05
TG-HANDLER-168,aiogram_handler,Telegram bots,router.callback_query(F.data.startswith('fb_feature_')),fb_feature,portal_bot\feedbackbot.py:352,direct_story_test_ref,1,TELEGRAM_BOTS-TG-FEEDBACK-002,3,tests/test_telegram_story_contracts.py; tests/test_feedbackbot_moderation.py; tests/test_reviews_username_masking.py,Entrypoint maps to canonical story row(s) with direct test refs.,Keep story mapping current when handler/component behavior changes.,2026-07-05
TG-HANDLER-169,aiogram_handler,Telegram bots,router.callback_query(F.data.startswith('fb_delete_')),fb_delete,portal_bot\feedbackbot.py:383,direct_story_test_ref,1,TELEGRAM_BOTS-TG-FEEDBACK-002,3,tests/test_telegram_story_contracts.py; tests/test_feedbackbot_moderation.py; tests/test_reviews_username_masking.py,Entrypoint maps to canonical story row(s) with direct test refs.,Keep story mapping current when handler/component behavior changes.,2026-07-05
TG-HANDLER-170,aiogram_handler,Telegram bots,router.message(CommandStart()),start,portal_bot\legacy_redirect_bot.py:47,direct_story_test_ref,82,TELEGRAM_BOTS-TG-MAIN-001; TELEGRAM_BOTS-TG-MAIN-002; TELEGRAM_BOTS-TG-MAIN-003; TELEGRAM_BOTS-TG-MAIN-004; TELEGRAM_BOTS-TG-MAIN-005; TELEGRAM_BOTS-TG-MAIN-027; TELEGRAM_BOTS-TG-ADMIN-001; TELEGRAM_BOTS-TG-ADMIN-012; TELEGRAM_BOTS-TG-MAIN-033; TELEGRAM_BOTS-TG-SUPPORT-001; TELEGRAM_BOTS-TG-SUPPORT-002; TELEGRAM_BOTS-TG-FEEDBACK-001; TELEGRAM_BOTS-TG-LEGACY-001; WEBAPP-WEB-005; WEBAPP-WEB-014; WEBAPP-WEB-020; WEBAPP-ADM-018; MARKETING-ML-005; MARKETING-ML-008; MARKETING-ML-010; MARKETING-ML-013; MARKETING-ML-016; MARKETING-ML-036; MARKETING-ML-037; MARKETING-ML-038; MARKETING-ML-039; MARKETING-ML-040; MARKETING-ML-041; MARKETING-ML-042; MARKETING-ML-043; CLIENT_APP-US-002; CLIENT_APP-US-009; CLIENT_APP-US-015; CLIENT_APP-US-049; CLIENT_APP-US-055; CLIENT_APP-US-061; BACKEND-API-007; BACKEND-API-013; BACKEND-API-016; BACKEND-API-035; BACKEND-API-054; BACKEND-API-058; BACKEND-API-062; BACKEND-API-063; BACKEND-API-115; BACKEND-API-116; BACKEND-API-117; BACKEND-API-118; BACKEND-API-119; BACKEND-API-120; BACKEND-API-121; BACKEND-API-122; BACKEND-API-123; BACKEND-API-124; BACKEND-API-125; BACKEND-API-126; BACKEND-API-127; BACKEND-API-128; BACKEND-API-129; BACKEND-API-130; BACKEND-API-131; BACKEND-API-132; BACKEND-API-137; BACKEND-API-138; BACKEND-API-139; BACKEND-API-142; BACKEND-API-143; BACKEND-API-144; BACKEND-API-145; BACKEND-API-146; BACKEND-API-147; BACKEND-API-148; BACKEND-API-149; BACKEND-API-150; BACKEND-API-151; BACKEND-API-152; BACKEND-API-153; BACKEND-API-154; OPS-SCRIPT-080; OPS-SCRIPT-115; OPS-SCRIPT-116; OPS-SCRIPT-121,39,tests/test_telegram_story_contracts.py; tests/test_bot_paywall.py; tests/test_app_bot_parity_smoke.py; portal_bot/tests/test_telegram_oidc_auth.py; tests/test_api_auth_and_tickets.py; tests/test_feedbackbot_moderation.py; tests/test_reviews_username_masking.py; tests/test_backend_route_gap_coverage.py; tests/test_brain_telegram_bot_menu_check.py; tests/test_helpbot_lifecycle.py; tests/test_support_macros_contract.py; tests/test_pokrov_migration_defaults.py; webapp/e2e/cabinet-flow.spec.ts; webapp/e2e/telegram-login-refresh.spec.ts; webapp/e2e/oidc-fallback.spec.ts; tests/test_frontend_text_integrity.py; tests/test_api_payments_callbacks.py; webapp/e2e/settings-email-link.spec.ts; webapp/e2e/admin-gate.spec.ts; tests/test_admin_webapp_smoke.py; tests/test_marketing_story_contracts.py; tests/test_marketing_release_readiness.py; tests/test_public_copy_guardrails.py; tests/test_ui_visual_smoke.py; POKROV-app/packages/app_shell/test/pokrov_seed_app_test.dart; POKROV-app/packages/app_shell/test/app_first_runtime_bootstrap_test.dart; POKROV-app/packages/runtime_engine/test/runtime_engine_test.dart; POKROV-app/apps/windows_shell/test/widget_test.dart; POKROV-app/apps/windows_shell/test/windows_release_contract_test.dart; portal_bot/tests/test_email_auth.py; portal_bot/tests/test_app_first_api.py; tests/test_api_lifecycle_smoke.py; tests/test_api_p0_extensions.py; tests/test_client_ui_api_additions.py; tests/test_network_rollout_api.py; tests/test_smart_connect_api.py; tests/test_remote_script_gap_batch.py; tests/test_postgres_operator_scripts.py; tests/test_story_test_evidence_audit.py,Entrypoint maps to canonical story row(s) with direct test refs.,Keep story mapping current when handler/component behavior changes.,2026-07-05
TG-HANDLER-171,aiogram_handler,Telegram bots,router.callback_query(),any_callback,portal_bot\legacy_redirect_bot.py:52,direct_story_test_ref,1,TELEGRAM_BOTS-TG-LEGACY-001,2,tests/test_telegram_story_contracts.py; tests/test_pokrov_migration_defaults.py,Entrypoint maps to canonical story row(s) with direct test refs.,Keep story mapping current when handler/component behavior changes.,2026-07-05
TG-HANDLER-172,aiogram_handler,Telegram bots,router.message(F.text),any_text,portal_bot\legacy_redirect_bot.py:58,direct_story_test_ref,1,TELEGRAM_BOTS-TG-LEGACY-001,2,tests/test_telegram_story_contracts.py; tests/test_pokrov_migration_defaults.py,Entrypoint maps to canonical story row(s) with direct test refs.,Keep story mapping current when handler/component behavior changes.,2026-07-05
WEB-ROUTE-001,next_page_route,WebApp and Admin,/admin/bonuses,page,webapp\src\app\(admin)\admin\bonuses\page.tsx,direct_story_test_ref,2,WEBAPP-ADM-016; WEBAPP-ADM-017,3,webapp/e2e/admin-gate.spec.ts; tests/test_admin_webapp_smoke.py; tests/test_api_auth_and_tickets.py,Entrypoint maps to canonical story row(s) with direct test refs.,Keep story mapping current when handler/component behavior changes.,2026-07-05
WEB-ROUTE-002,next_page_route,WebApp and Admin,/admin/broadcast,page,webapp\src\app\(admin)\admin\broadcast\page.tsx,direct_story_test_ref,3,WEBAPP-ADM-030; WEBAPP-ADM-031; WEBAPP-ADM-032,5,webapp/e2e/admin-gate.spec.ts; tests/test_admin_webapp_smoke.py; tests/test_backend_route_gap_coverage.py; tests/test_worker_retention.py; tests/test_api_payments_callbacks.py,Entrypoint maps to canonical story row(s) with direct test refs.,Keep story mapping current when handler/component behavior changes.,2026-07-05
WEB-ROUTE-003,next_page_route,WebApp and Admin,/admin/dashboard,page,webapp\src\app\(admin)\admin\dashboard\page.tsx,direct_story_test_ref,1,WEBAPP-ADM-003,2,webapp/e2e/admin-gate.spec.ts; tests/test_admin_webapp_smoke.py,Entrypoint maps to canonical story row(s) with direct test refs.,Keep story mapping current when handler/component behavior changes.,2026-07-05
WEB-ROUTE-004,next_page_route,WebApp and Admin,/admin/funnel,page,webapp\src\app\(admin)\admin\funnel\page.tsx,direct_story_test_ref,1,WEBAPP-ADM-004,3,webapp/e2e/admin-gate.spec.ts; tests/test_admin_webapp_smoke.py; tests/test_backend_route_gap_coverage.py,Entrypoint maps to canonical story row(s) with direct test refs.,Keep story mapping current when handler/component behavior changes.,2026-07-05
WEB-ROUTE-005,next_page_route,WebApp and Admin,/admin/network,page,webapp\src\app\(admin)\admin\network\page.tsx,direct_story_test_ref,1,WEBAPP-ADM-029,3,webapp/e2e/admin-gate.spec.ts; tests/test_admin_webapp_smoke.py; tests/test_network_rollout_api.py,Entrypoint maps to canonical story row(s) with direct test refs.,Keep story mapping current when handler/component behavior changes.,2026-07-05
WEB-ROUTE-006,next_page_route,WebApp and Admin,/admin/nodes,page,webapp\src\app\(admin)\admin\nodes\page.tsx,direct_story_test_ref,3,WEBAPP-ADM-026; WEBAPP-ADM-027; WEBAPP-ADM-028,3,webapp/e2e/admin-gate.spec.ts; tests/test_admin_webapp_smoke.py; tests/test_api_auth_and_tickets.py,Entrypoint maps to canonical story row(s) with direct test refs.,Keep story mapping current when handler/component behavior changes.,2026-07-05
WEB-ROUTE-007,next_page_route,WebApp and Admin,/admin,page,webapp\src\app\(admin)\admin\page.tsx,direct_story_test_ref,1,WEBAPP-ADM-001,3,webapp/e2e/admin-gate.spec.ts; tests/test_admin_webapp_smoke.py; tests/test_api_auth_and_tickets.py,Entrypoint maps to canonical story row(s) with direct test refs.,Keep story mapping current when handler/component behavior changes.,2026-07-05
WEB-ROUTE-008,next_page_route,WebApp and Admin,/admin/payments,page,webapp\src\app\(admin)\admin\payments\page.tsx,direct_story_test_ref,2,WEBAPP-ADM-024; WEBAPP-ADM-025,3,webapp/e2e/admin-gate.spec.ts; tests/test_admin_webapp_smoke.py; tests/test_admin_payments_api.py,Entrypoint maps to canonical story row(s) with direct test refs.,Keep story mapping current when handler/component behavior changes.,2026-07-05
WEB-ROUTE-009,next_page_route,WebApp and Admin,/admin/promos,page,webapp\src\app\(admin)\admin\promos\page.tsx,direct_story_test_ref,3,WEBAPP-ADM-021; WEBAPP-ADM-022; WEBAPP-ADM-023,3,webapp/e2e/admin-gate.spec.ts; tests/test_admin_webapp_smoke.py; tests/test_api_auth_and_tickets.py,Entrypoint maps to canonical story row(s) with direct test refs.,Keep story mapping current when handler/component behavior changes.,2026-07-05
WEB-ROUTE-010,next_page_route,WebApp and Admin,/admin/referrals,page,webapp\src\app\(admin)\admin\referrals\page.tsx,direct_story_test_ref,3,WEBAPP-ADM-018; WEBAPP-ADM-019; WEBAPP-ADM-020,3,webapp/e2e/admin-gate.spec.ts; tests/test_admin_webapp_smoke.py; tests/test_backend_route_gap_coverage.py,Entrypoint maps to canonical story row(s) with direct test refs.,Keep story mapping current when handler/component behavior changes.,2026-07-05
WEB-ROUTE-011,next_page_route,WebApp and Admin,/admin/release,page,webapp\src\app\(admin)\admin\release\page.tsx,direct_story_test_ref,1,WEBAPP-ADM-005,2,webapp/e2e/admin-gate.spec.ts; tests/test_admin_webapp_smoke.py,Entrypoint maps to canonical story row(s) with direct test refs.,Keep story mapping current when handler/component behavior changes.,2026-07-05
WEB-ROUTE-012,next_page_route,WebApp and Admin,/admin/tickets,page,webapp\src\app\(admin)\admin\tickets\page.tsx,direct_story_test_ref,2,WEBAPP-ADM-033; WEBAPP-ADM-034,3,webapp/e2e/admin-gate.spec.ts; tests/test_admin_webapp_smoke.py; tests/test_api_auth_and_tickets.py,Entrypoint maps to canonical story row(s) with direct test refs.,Keep story mapping current when handler/component behavior changes.,2026-07-05
WEB-ROUTE-013,next_page_route,WebApp and Admin,/admin/users,page,webapp\src\app\(admin)\admin\users\page.tsx,direct_story_test_ref,10,WEBAPP-ADM-006; WEBAPP-ADM-007; WEBAPP-ADM-008; WEBAPP-ADM-009; WEBAPP-ADM-010; WEBAPP-ADM-011; WEBAPP-ADM-012; WEBAPP-ADM-013; WEBAPP-ADM-014; WEBAPP-ADM-015,3,webapp/e2e/admin-gate.spec.ts; tests/test_admin_webapp_smoke.py; tests/test_api_auth_and_tickets.py,Entrypoint maps to canonical story row(s) with direct test refs.,Keep story mapping current when handler/component behavior changes.,2026-07-05
WEB-ROUTE-014,next_page_route,WebApp and Admin,/dashboard/downloads,page,webapp\src\app\(dashboard)\dashboard\downloads\page.tsx,direct_story_test_ref,1,WEBAPP-WEB-011,2,webapp/e2e/cabinet-flow.spec.ts; tests/test_frontend_text_integrity.py,Entrypoint maps to canonical story row(s) with direct test refs.,Keep story mapping current when handler/component behavior changes.,2026-07-05
WEB-ROUTE-015,next_page_route,WebApp and Admin,/dashboard,page,webapp\src\app\(dashboard)\dashboard\page.tsx,direct_story_test_ref,2,WEBAPP-WEB-009; WEBAPP-WEB-010,2,webapp/e2e/cabinet-flow.spec.ts; tests/test_frontend_text_integrity.py,Entrypoint maps to canonical story row(s) with direct test refs.,Keep story mapping current when handler/component behavior changes.,2026-07-05
WEB-ROUTE-016,next_page_route,WebApp and Admin,/devices,page,webapp\src\app\(dashboard)\devices\page.tsx,direct_story_test_ref,1,WEBAPP-WEB-016,2,webapp/e2e/cabinet-flow.spec.ts; tests/test_frontend_text_integrity.py,Entrypoint maps to canonical story row(s) with direct test refs.,Keep story mapping current when handler/component behavior changes.,2026-07-05
WEB-ROUTE-017,next_page_route,WebApp and Admin,/downloads,page,webapp\src\app\(dashboard)\downloads\page.tsx,direct_story_test_ref,1,WEBAPP-WEB-011,2,webapp/e2e/cabinet-flow.spec.ts; tests/test_frontend_text_integrity.py,Entrypoint maps to canonical story row(s) with direct test refs.,Keep story mapping current when handler/component behavior changes.,2026-07-05
WEB-ROUTE-018,next_page_route,WebApp and Admin,/profile,page,webapp\src\app\(dashboard)\profile\page.tsx,direct_story_test_ref,1,WEBAPP-WEB-018,2,webapp/e2e/cabinet-flow.spec.ts; tests/test_frontend_text_integrity.py,Entrypoint maps to canonical story row(s) with direct test refs.,Keep story mapping current when handler/component behavior changes.,2026-07-05
WEB-ROUTE-019,next_page_route,WebApp and Admin,/redeem,page,webapp\src\app\(dashboard)\redeem\page.tsx,direct_story_test_ref,1,WEBAPP-WEB-015,2,webapp/e2e/cabinet-flow.spec.ts; tests/test_frontend_text_integrity.py,Entrypoint maps to canonical story row(s) with direct test refs.,Keep story mapping current when handler/component behavior changes.,2026-07-05
WEB-ROUTE-020,next_page_route,WebApp and Admin,/settings,page,webapp\src\app\(dashboard)\settings\page.tsx,direct_story_test_ref,4,WEBAPP-WEB-018; WEBAPP-WEB-019; WEBAPP-WEB-020; WEBAPP-WEB-021,6,webapp/e2e/cabinet-flow.spec.ts; tests/test_frontend_text_integrity.py; webapp/e2e/settings-email-link.spec.ts; webapp/e2e/telegram-login-refresh.spec.ts; tests/test_api_auth_and_tickets.py; portal_bot/tests/test_channel_bonus_service.py,Entrypoint maps to canonical story row(s) with direct test refs.,Keep story mapping current when handler/component behavior changes.,2026-07-05
WEB-ROUTE-021,next_page_route,WebApp and Admin,/statistics,page,webapp\src\app\(dashboard)\statistics\page.tsx,direct_story_test_ref,1,WEBAPP-WEB-017,2,webapp/e2e/cabinet-flow.spec.ts; tests/test_frontend_text_integrity.py,Entrypoint maps to canonical story row(s) with direct test refs.,Keep story mapping current when handler/component behavior changes.,2026-07-05
WEB-ROUTE-022,next_page_route,WebApp and Admin,/subscription/checkout,page,webapp\src\app\(dashboard)\subscription\checkout\page.tsx,direct_story_test_ref,1,WEBAPP-WEB-014,3,webapp/e2e/cabinet-flow.spec.ts; tests/test_api_payments_callbacks.py; tests/test_frontend_text_integrity.py,Entrypoint maps to canonical story row(s) with direct test refs.,Keep story mapping current when handler/component behavior changes.,2026-07-05
WEB-ROUTE-023,next_page_route,WebApp and Admin,/subscription,page,webapp\src\app\(dashboard)\subscription\page.tsx,direct_story_test_ref,2,WEBAPP-WEB-012; WEBAPP-WEB-013,2,webapp/e2e/cabinet-flow.spec.ts; tests/test_frontend_text_integrity.py,Entrypoint maps to canonical story row(s) with direct test refs.,Keep story mapping current when handler/component behavior changes.,2026-07-05
WEB-ROUTE-024,next_page_route,WebApp and Admin,/support/legal,page,webapp\src\app\(dashboard)\support\legal\page.tsx,direct_story_test_ref,1,WEBAPP-WEB-024,2,webapp/e2e/cabinet-flow.spec.ts; tests/test_frontend_text_integrity.py,Entrypoint maps to canonical story row(s) with direct test refs.,Keep story mapping current when handler/component behavior changes.,2026-07-05
WEB-ROUTE-025,next_page_route,WebApp and Admin,/support,page,webapp\src\app\(dashboard)\support\page.tsx,direct_story_test_ref,1,WEBAPP-WEB-022,3,webapp/e2e/cabinet-flow.spec.ts; tests/test_api_auth_and_tickets.py; tests/test_frontend_text_integrity.py,Entrypoint maps to canonical story row(s) with direct test refs.,Keep story mapping current when handler/component behavior changes.,2026-07-05
WEB-ROUTE-026,next_page_route,WebApp and Admin,/support/thread,page,webapp\src\app\(dashboard)\support\thread\page.tsx,direct_story_test_ref,1,WEBAPP-WEB-023,3,webapp/e2e/cabinet-flow.spec.ts; tests/test_api_auth_and_tickets.py; tests/test_frontend_text_integrity.py,Entrypoint maps to canonical story row(s) with direct test refs.,Keep story mapping current when handler/component behavior changes.,2026-07-05
WEB-ROUTE-027,next_page_route,WebApp and Admin,/,page,webapp\src\app\page.tsx,direct_story_test_ref,23,WEBAPP-WEB-001; WEBAPP-WEB-003; WEBAPP-WEB-005; MARKETING-ML-001; MARKETING-ML-002; MARKETING-ML-003; MARKETING-ML-004; MARKETING-ML-005; MARKETING-ML-006; MARKETING-ML-007; MARKETING-ML-008; MARKETING-ML-009; MARKETING-ML-010; MARKETING-ML-011; MARKETING-ML-012; MARKETING-ML-013; MARKETING-ML-014; MARKETING-ML-015; MARKETING-ML-016; MARKETING-ML-017; MARKETING-ML-018; MARKETING-ML-019; MARKETING-ML-020,8,webapp/e2e/cabinet-flow.spec.ts; webapp/e2e/telegram-login-refresh.spec.ts; tests/test_frontend_text_integrity.py; webapp/e2e/oidc-fallback.spec.ts; tests/test_marketing_story_contracts.py; tests/test_marketing_release_readiness.py; tests/test_public_copy_guardrails.py; tests/test_ui_visual_smoke.py,Entrypoint maps to canonical story row(s) with direct test refs.,Keep story mapping current when handler/component behavior changes.,2026-07-05
WEB-ROUTE-028,next_page_route,WebApp and Admin,/pricing,page,webapp\src\app\pricing\page.tsx,direct_story_test_ref,1,WEBAPP-WEB-012,2,webapp/e2e/cabinet-flow.spec.ts; tests/test_frontend_text_integrity.py,Entrypoint maps to canonical story row(s) with direct test refs.,Keep story mapping current when handler/component behavior changes.,2026-07-05
WEB-ROUTE-029,next_page_route,WebApp and Admin,/recover,page,webapp\src\app\recover\page.tsx,direct_story_test_ref,1,WEBAPP-WEB-006,3,webapp/e2e/cabinet-flow.spec.ts; webapp/e2e/settings-email-link.spec.ts; tests/test_frontend_text_integrity.py,Entrypoint maps to canonical story row(s) with direct test refs.,Keep story mapping current when handler/component behavior changes.,2026-07-05
WEB-ROUTE-030,next_page_route,WebApp and Admin,/verify,page,webapp\src\app\verify\page.tsx,direct_story_test_ref,1,WEBAPP-WEB-006,3,webapp/e2e/cabinet-flow.spec.ts; webapp/e2e/settings-email-link.spec.ts; tests/test_frontend_text_integrity.py,Entrypoint maps to canonical story row(s) with direct test refs.,Keep story mapping current when handler/component behavior changes.,2026-07-05
MKT-ROUTE-001,next_page_route,Marketing site,/checkout,page,marketing\src\app\checkout\page.tsx,direct_story_test_ref,1,MARKETING-ML-036,5,tests/test_marketing_story_contracts.py; tests/test_marketing_release_readiness.py; tests/test_public_copy_guardrails.py; tests/test_frontend_text_integrity.py; tests/test_ui_visual_smoke.py,Entrypoint maps to canonical story row(s) with direct test refs.,Keep story mapping current when handler/component behavior changes.,2026-07-05
MKT-ROUTE-002,next_page_route,Marketing site,/devices,page,marketing\src\app\devices\page.tsx,direct_story_test_ref,1,MARKETING-ML-025,5,tests/test_marketing_story_contracts.py; tests/test_marketing_release_readiness.py; tests/test_public_copy_guardrails.py; tests/test_frontend_text_integrity.py; tests/test_ui_visual_smoke.py,Entrypoint maps to canonical story row(s) with direct test refs.,Keep story mapping current when handler/component behavior changes.,2026-07-05
MKT-ROUTE-003,next_page_route,Marketing site,/install,page,marketing\src\app\install\page.tsx,direct_story_test_ref,3,MARKETING-ML-033; MARKETING-ML-034; MARKETING-ML-035,5,tests/test_marketing_story_contracts.py; tests/test_marketing_release_readiness.py; tests/test_public_copy_guardrails.py; tests/test_frontend_text_integrity.py; tests/test_ui_visual_smoke.py,Entrypoint maps to canonical story row(s) with direct test refs.,Keep story mapping current when handler/component behavior changes.,2026-07-05
MKT-ROUTE-004,next_page_route,Marketing site,/mobile,page,marketing\src\app\mobile\page.tsx,direct_story_test_ref,1,MARKETING-ML-021,5,tests/test_marketing_story_contracts.py; tests/test_marketing_release_readiness.py; tests/test_public_copy_guardrails.py; tests/test_frontend_text_integrity.py; tests/test_ui_visual_smoke.py,Entrypoint maps to canonical story row(s) with direct test refs.,Keep story mapping current when handler/component behavior changes.,2026-07-05
MKT-ROUTE-005,next_page_route,Marketing site,/offer,page,marketing\src\app\offer\page.tsx,direct_story_test_ref,1,MARKETING-ML-044,5,tests/test_marketing_story_contracts.py; tests/test_marketing_release_readiness.py; tests/test_public_copy_guardrails.py; tests/test_frontend_text_integrity.py; tests/test_ui_visual_smoke.py,Entrypoint maps to canonical story row(s) with direct test refs.,Keep story mapping current when handler/component behavior changes.,2026-07-05
MKT-ROUTE-006,next_page_route,Marketing site,/,page,marketing\src\app\page.tsx,direct_story_test_ref,23,WEBAPP-WEB-001; WEBAPP-WEB-003; WEBAPP-WEB-005; MARKETING-ML-001; MARKETING-ML-002; MARKETING-ML-003; MARKETING-ML-004; MARKETING-ML-005; MARKETING-ML-006; MARKETING-ML-007; MARKETING-ML-008; MARKETING-ML-009; MARKETING-ML-010; MARKETING-ML-011; MARKETING-ML-012; MARKETING-ML-013; MARKETING-ML-014; MARKETING-ML-015; MARKETING-ML-016; MARKETING-ML-017; MARKETING-ML-018; MARKETING-ML-019; MARKETING-ML-020,8,webapp/e2e/cabinet-flow.spec.ts; webapp/e2e/telegram-login-refresh.spec.ts; tests/test_frontend_text_integrity.py; webapp/e2e/oidc-fallback.spec.ts; tests/test_marketing_story_contracts.py; tests/test_marketing_release_readiness.py; tests/test_public_copy_guardrails.py; tests/test_ui_visual_smoke.py,Entrypoint maps to canonical story row(s) with direct test refs.,Keep story mapping current when handler/component behavior changes.,2026-07-05
MKT-ROUTE-007,next_page_route,Marketing site,/privacy,page,marketing\src\app\privacy\page.tsx,direct_story_test_ref,1,MARKETING-ML-045,5,tests/test_marketing_story_contracts.py; tests/test_marketing_release_readiness.py; tests/test_public_copy_guardrails.py; tests/test_frontend_text_integrity.py; tests/test_ui_visual_smoke.py,Entrypoint maps to canonical story row(s) with direct test refs.,Keep story mapping current when handler/component behavior changes.,2026-07-05
MKT-ROUTE-008,next_page_route,Marketing site,/telegram,page,marketing\src\app\telegram\page.tsx,direct_story_test_ref,1,MARKETING-ML-024,5,tests/test_marketing_story_contracts.py; tests/test_marketing_release_readiness.py; tests/test_public_copy_guardrails.py; tests/test_frontend_text_integrity.py; tests/test_ui_visual_smoke.py,Entrypoint maps to canonical story row(s) with direct test refs.,Keep story mapping current when handler/component behavior changes.,2026-07-05
MKT-ROUTE-009,next_page_route,Marketing site,/tiktok,page,marketing\src\app\tiktok\page.tsx,direct_story_test_ref,1,MARKETING-ML-023,5,tests/test_marketing_story_contracts.py; tests/test_marketing_release_readiness.py; tests/test_public_copy_guardrails.py; tests/test_frontend_text_integrity.py; tests/test_ui_visual_smoke.py,Entrypoint maps to canonical story row(s) with direct test refs.,Keep story mapping current when handler/component behavior changes.,2026-07-05
MKT-ROUTE-010,next_page_route,Marketing site,/vpn,page,marketing\src\app\vpn\page.tsx,direct_story_test_ref,3,MARKETING-ML-030; MARKETING-ML-031; MARKETING-ML-032,5,tests/test_marketing_story_contracts.py; tests/test_marketing_release_readiness.py; tests/test_public_copy_guardrails.py; tests/test_frontend_text_integrity.py; tests/test_ui_visual_smoke.py,Entrypoint maps to canonical story row(s) with direct test refs.,Keep story mapping current when handler/component behavior changes.,2026-07-05
MKT-ROUTE-011,next_page_route,Marketing site,/youtube,page,marketing\src\app\youtube\page.tsx,direct_story_test_ref,1,MARKETING-ML-022,5,tests/test_marketing_story_contracts.py; tests/test_marketing_release_readiness.py; tests/test_public_copy_guardrails.py; tests/test_frontend_text_integrity.py; tests/test_ui_visual_smoke.py,Entrypoint maps to canonical story row(s) with direct test refs.,Keep story mapping current when handler/component behavior changes.,2026-07-05
CLIENT-FEATURE-FILE-001,flutter_feature_file,POKROV client app,packages\app_shell\lib\src\features\home\home_surface.dart,home_surface,packages\app_shell\lib\src\features\home\home_surface.dart,direct_story_test_ref,8,CLIENT_APP-US-008; CLIENT_APP-US-011; CLIENT_APP-US-013; CLIENT_APP-US-014; CLIENT_APP-US-016; CLIENT_APP-US-017; CLIENT_APP-US-020; CLIENT_APP-US-054,5,POKROV-app/packages/app_shell/test/pokrov_seed_app_test.dart; POKROV-app/packages/app_shell/test/design_system_contract_test.dart; POKROV-app/packages/runtime_engine/test/runtime_engine_test.dart; POKROV-app/packages/app_shell/test/warp_lifecycle_contract_test.dart; POKROV-app/packages/app_shell/test/app_first_runtime_bootstrap_test.dart,Entrypoint maps to canonical story row(s) with direct test refs.,Keep story mapping current when handler/component behavior changes.,2026-07-05
CLIENT-FEATURE-FILE-002,flutter_feature_file,POKROV client app,packages\app_shell\lib\src\features\locations\location_labels.dart,location_labels,packages\app_shell\lib\src\features\locations\location_labels.dart,direct_story_test_ref,4,CLIENT_APP-US-021; CLIENT_APP-US-022; CLIENT_APP-US-023; CLIENT_APP-US-024,3,POKROV-app/packages/app_shell/test/pokrov_seed_app_test.dart; POKROV-app/packages/app_shell/test/design_system_contract_test.dart; POKROV-app/packages/app_shell/test/app_first_runtime_bootstrap_test.dart,Entrypoint maps to canonical story row(s) with direct test refs.,Keep story mapping current when handler/component behavior changes.,2026-07-05
CLIENT-FEATURE-FILE-003,flutter_feature_file,POKROV client app,packages\app_shell\lib\src\features\locations\locations_surface.dart,locations_surface,packages\app_shell\lib\src\features\locations\locations_surface.dart,direct_story_test_ref,4,CLIENT_APP-US-021; CLIENT_APP-US-022; CLIENT_APP-US-023; CLIENT_APP-US-024,3,POKROV-app/packages/app_shell/test/pokrov_seed_app_test.dart; POKROV-app/packages/app_shell/test/design_system_contract_test.dart; POKROV-app/packages/app_shell/test/app_first_runtime_bootstrap_test.dart,Entrypoint maps to canonical story row(s) with direct test refs.,Keep story mapping current when handler/component behavior changes.,2026-07-05
CLIENT-FEATURE-FILE-004,flutter_feature_file,POKROV client app,packages\app_shell\lib\src\features\onboarding\onboarding_flow.dart,onboarding_flow,packages\app_shell\lib\src\features\onboarding\onboarding_flow.dart,direct_story_test_ref,3,CLIENT_APP-US-001; CLIENT_APP-US-003; CLIENT_APP-US-005,3,POKROV-app/packages/app_shell/test/pokrov_seed_app_test.dart; POKROV-app/packages/app_shell/test/ui_copy_contract_test.dart; POKROV-app/packages/app_shell/test/app_first_runtime_bootstrap_test.dart,Entrypoint maps to canonical story row(s) with direct test refs.,Keep story mapping current when handler/component behavior changes.,2026-07-05
CLIENT-FEATURE-FILE-005,flutter_feature_file,POKROV client app,packages\app_shell\lib\src\features\profile\access_labels.dart,access_labels,packages\app_shell\lib\src\features\profile\access_labels.dart,direct_story_test_ref,12,CLIENT_APP-US-007; CLIENT_APP-US-033; CLIENT_APP-US-034; CLIENT_APP-US-035; CLIENT_APP-US-037; CLIENT_APP-US-038; CLIENT_APP-US-039; CLIENT_APP-US-040; CLIENT_APP-US-041; CLIENT_APP-US-042; CLIENT_APP-US-043; CLIENT_APP-US-048,3,POKROV-app/packages/app_shell/test/pokrov_seed_app_test.dart; POKROV-app/packages/app_shell/test/design_system_contract_test.dart; POKROV-app/packages/app_shell/test/app_first_runtime_bootstrap_test.dart,Entrypoint maps to canonical story row(s) with direct test refs.,Keep story mapping current when handler/component behavior changes.,2026-07-05
CLIENT-FEATURE-FILE-006,flutter_feature_file,POKROV client app,packages\app_shell\lib\src\features\profile\profile_sheets.dart,profile_sheets,packages\app_shell\lib\src\features\profile\profile_sheets.dart,direct_story_test_ref,12,CLIENT_APP-US-007; CLIENT_APP-US-033; CLIENT_APP-US-034; CLIENT_APP-US-035; CLIENT_APP-US-037; CLIENT_APP-US-038; CLIENT_APP-US-039; CLIENT_APP-US-040; CLIENT_APP-US-041; CLIENT_APP-US-042; CLIENT_APP-US-043; CLIENT_APP-US-048,3,POKROV-app/packages/app_shell/test/pokrov_seed_app_test.dart; POKROV-app/packages/app_shell/test/design_system_contract_test.dart; POKROV-app/packages/app_shell/test/app_first_runtime_bootstrap_test.dart,Entrypoint maps to canonical story row(s) with direct test refs.,Keep story mapping current when handler/component behavior changes.,2026-07-05
CLIENT-FEATURE-FILE-007,flutter_feature_file,POKROV client app,packages\app_shell\lib\src\features\profile\profile_surface.dart,profile_surface,packages\app_shell\lib\src\features\profile\profile_surface.dart,direct_story_test_ref,12,CLIENT_APP-US-007; CLIENT_APP-US-033; CLIENT_APP-US-034; CLIENT_APP-US-035; CLIENT_APP-US-037; CLIENT_APP-US-038; CLIENT_APP-US-039; CLIENT_APP-US-040; CLIENT_APP-US-041; CLIENT_APP-US-042; CLIENT_APP-US-043; CLIENT_APP-US-048,3,POKROV-app/packages/app_shell/test/pokrov_seed_app_test.dart; POKROV-app/packages/app_shell/test/design_system_contract_test.dart; POKROV-app/packages/app_shell/test/app_first_runtime_bootstrap_test.dart,Entrypoint maps to canonical story row(s) with direct test refs.,Keep story mapping current when handler/component behavior changes.,2026-07-05
CLIENT-FEATURE-FILE-008,flutter_feature_file,POKROV client app,packages\app_shell\lib\src\features\rewards\rewards_hub.dart,rewards_hub,packages\app_shell\lib\src\features\rewards\rewards_hub.dart,direct_story_test_ref,5,CLIENT_APP-US-044; CLIENT_APP-US-045; CLIENT_APP-US-046; CLIENT_APP-US-047; CLIENT_APP-US-054,2,POKROV-app/packages/app_shell/test/pokrov_seed_app_test.dart; POKROV-app/packages/app_shell/test/app_first_runtime_bootstrap_test.dart,Entrypoint maps to canonical story row(s) with direct test refs.,Keep story mapping current when handler/component behavior changes.,2026-07-05
CLIENT-FEATURE-FILE-009,flutter_feature_file,POKROV client app,packages\app_shell\lib\src\features\rules\route_labels.dart,route_labels,packages\app_shell\lib\src\features\rules\route_labels.dart,direct_story_test_ref,7,CLIENT_APP-US-026; CLIENT_APP-US-027; CLIENT_APP-US-028; CLIENT_APP-US-029; CLIENT_APP-US-030; CLIENT_APP-US-031; CLIENT_APP-US-032,2,POKROV-app/packages/app_shell/test/pokrov_seed_app_test.dart; POKROV-app/packages/app_shell/test/app_first_runtime_bootstrap_test.dart,Entrypoint maps to canonical story row(s) with direct test refs.,Keep story mapping current when handler/component behavior changes.,2026-07-05
CLIENT-FEATURE-FILE-010,flutter_feature_file,POKROV client app,packages\app_shell\lib\src\features\rules\rules_helpers.dart,rules_helpers,packages\app_shell\lib\src\features\rules\rules_helpers.dart,direct_story_test_ref,7,CLIENT_APP-US-026; CLIENT_APP-US-027; CLIENT_APP-US-028; CLIENT_APP-US-029; CLIENT_APP-US-030; CLIENT_APP-US-031; CLIENT_APP-US-032,2,POKROV-app/packages/app_shell/test/pokrov_seed_app_test.dart; POKROV-app/packages/app_shell/test/app_first_runtime_bootstrap_test.dart,Entrypoint maps to canonical story row(s) with direct test refs.,Keep story mapping current when handler/component behavior changes.,2026-07-05
CLIENT-FEATURE-FILE-011,flutter_feature_file,POKROV client app,packages\app_shell\lib\src\features\rules\rules_surface.dart,rules_surface,packages\app_shell\lib\src\features\rules\rules_surface.dart,direct_story_test_ref,7,CLIENT_APP-US-026; CLIENT_APP-US-027; CLIENT_APP-US-028; CLIENT_APP-US-029; CLIENT_APP-US-030; CLIENT_APP-US-031; CLIENT_APP-US-032,2,POKROV-app/packages/app_shell/test/pokrov_seed_app_test.dart; POKROV-app/packages/app_shell/test/app_first_runtime_bootstrap_test.dart,Entrypoint maps to canonical story row(s) with direct test refs.,Keep story mapping current when handler/component behavior changes.,2026-07-05
CLIENT-FEATURE-FILE-012,flutter_feature_file,POKROV client app,packages\app_shell\lib\src\features\support\support_chat.dart,support_chat,packages\app_shell\lib\src\features\support\support_chat.dart,direct_story_test_ref,6,CLIENT_APP-US-012; CLIENT_APP-US-048; CLIENT_APP-US-049; CLIENT_APP-US-050; CLIENT_APP-US-051; CLIENT_APP-US-052,3,POKROV-app/packages/app_shell/test/pokrov_seed_app_test.dart; POKROV-app/packages/app_shell/test/warp_lifecycle_contract_test.dart; POKROV-app/packages/app_shell/test/assistant_contract_test.dart,Entrypoint maps to canonical story row(s) with direct test refs.,Keep story mapping current when handler/component behavior changes.,2026-07-05
CLIENT-FEATURE-FILE-013,flutter_feature_file,POKROV client app,packages\app_shell\lib\src\features\warp\warp_sheet.dart,warp_sheet,packages\app_shell\lib\src\features\warp\warp_sheet.dart,direct_story_test_ref,2,CLIENT_APP-US-017; CLIENT_APP-US-018,3,POKROV-app/packages/app_shell/test/pokrov_seed_app_test.dart; POKROV-app/packages/app_shell/test/warp_lifecycle_contract_test.dart; POKROV-app/packages/app_shell/test/app_first_runtime_bootstrap_test.dart,Entrypoint maps to canonical story row(s) with direct test refs.,Keep story mapping current when handler/component behavior changes.,2026-07-05
OPS-SCRIPT-001,script_cli,Scripts and Ops,python scripts/add_manual_users.py,main()/CLI,scripts/manifest.yaml active[1]; scripts/add_manual_users.py; main() present; argparse detected; tests: tests/test_ops_script_gap_batch.py,direct_script_test_ref,1,OPS-SCRIPT-001,1,tests/test_ops_script_gap_batch.py,Script CLI maps to script workflow coverage with direct test refs.,Keep script workflow coverage current when operator behavior changes.,2026-07-05
OPS-SCRIPT-002,script_cli,Scripts and Ops,python scripts/add_node.py,main()/CLI,scripts/manifest.yaml active[2]; scripts/add_node.py; main() present; argparse detected; tests/test_smart_connect_api.py; tests/test_smart_connect_api.py; tests/test_smart_connect_api.py; tests/test_smart_connect_api.py; tests/test_smart_connect_api.py; tests/test_smart_connect_api.py; tests: tests/test_client_ui_api_additions.py; tests/test_smart_connect_api.py,direct_script_test_ref,1,OPS-SCRIPT-002,2,tests/test_client_ui_api_additions.py; tests/test_smart_connect_api.py,Script CLI maps to script workflow coverage with direct test refs.,Keep script workflow coverage current when operator behavior changes.,2026-07-05
OPS-SCRIPT-003,script_cli,Scripts and Ops,python scripts/audit_node_dns.py,main()/CLI,scripts/manifest.yaml active[3]; scripts/audit_node_dns.py; main() present; argparse detected; tests/test_ops_script_gap_batch.py; tests/test_ops_script_gap_batch.py; tests/test_ops_script_gap_batch.py; tests/test_ops_script_gap_batch.py; tests/test_ops_script_gap_batch.py; tests/test_ops_script_gap_batch.py; tests: tests/test_audit_node_dns.py; tests/test_ops_script_gap_batch.py,direct_script_test_ref,1,OPS-SCRIPT-003,2,tests/test_audit_node_dns.py; tests/test_ops_script_gap_batch.py,Script CLI maps to script workflow coverage with direct test refs.,Keep script workflow coverage current when operator behavior changes.,2026-07-05
OPS-SCRIPT-004,script_cli,Scripts and Ops,python scripts/audit_node_dns_matrix.py,main()/CLI,scripts/manifest.yaml active[4]; scripts/audit_node_dns_matrix.py; main() present; argparse detected; tests: tests/test_ops_script_gap_batch.py,direct_script_test_ref,1,OPS-SCRIPT-004,1,tests/test_ops_script_gap_batch.py,Script CLI maps to script workflow coverage with direct test refs.,Keep script workflow coverage current when operator behavior changes.,2026-07-05
OPS-SCRIPT-005,script_cli,Scripts and Ops,python scripts/api_lifecycle_smoke.py,main()/CLI,scripts/manifest.yaml active[5]; scripts/api_lifecycle_smoke.py; main() present; argparse detected,direct_script_test_ref,1,OPS-SCRIPT-005,1,tests/test_ops_script_gap_batch.py,Script CLI maps to script workflow coverage with direct test refs.,Keep script workflow coverage current when operator behavior changes.,2026-07-05
OPS-SCRIPT-006,script_cli,Scripts and Ops,python scripts/backup_portal_db.py,main()/CLI,scripts/manifest.yaml active[6]; scripts/backup_portal_db.py; main() present; argparse detected; tests: tests/test_ops_script_gap_batch.py,direct_script_test_ref,1,OPS-SCRIPT-006,1,tests/test_ops_script_gap_batch.py,Script CLI maps to script workflow coverage with direct test refs.,Keep script workflow coverage current when operator behavior changes.,2026-07-05
OPS-SCRIPT-007,script_cli,Scripts and Ops,python scripts/check-links.py,main()/CLI,scripts/manifest.yaml active[7]; scripts/check-links.py; main() present; argparse detected; tests: tests/test_release_gate_check.py,direct_script_test_ref,1,OPS-SCRIPT-007,1,tests/test_release_gate_check.py,Script CLI maps to script workflow coverage with direct test refs.,Keep script workflow coverage current when operator behavior changes.,2026-07-05
OPS-SCRIPT-008,script_cli,Scripts and Ops,python scripts/client_security_smoke.py,main()/CLI,scripts/manifest.yaml active[8]; scripts/client_security_smoke.py; main() present; argparse not detected; tests/test_release_gate_check.py; tests/test_release_gate_check.py; tests/test_release_gate_check.py; tests/test_release_gate_check.py; tests/test_release_gate_check.py; tests/test_release_gate_check.py; tests: tests/test_client_security_smoke.py; tests/test_release_gate_check.py,direct_script_test_ref,1,OPS-SCRIPT-008,2,tests/test_client_security_smoke.py; tests/test_release_gate_check.py,Script CLI maps to script workflow coverage with direct test refs.,Keep script workflow coverage current when operator behavior changes.,2026-07-05
OPS-SCRIPT-009,script_cli,Scripts and Ops,python scripts/check_script_manifest.py,main()/CLI,scripts/manifest.yaml active[9]; scripts/check_script_manifest.py; main() present; argparse detected; tests: tests/test_check_script_manifest.py,direct_script_test_ref,1,OPS-SCRIPT-009,1,tests/test_check_script_manifest.py,Script CLI maps to script workflow coverage with direct test refs.,Keep script workflow coverage current when operator behavior changes.,2026-07-05
OPS-SCRIPT-010,script_cli,Scripts and Ops,python scripts/ci_check_artifacts.py,main()/CLI,scripts/manifest.yaml active[10]; scripts/ci_check_artifacts.py; main() present; argparse detected; tests: tests/test_ops_script_gap_batch.py,direct_script_test_ref,1,OPS-SCRIPT-010,1,tests/test_ops_script_gap_batch.py,Script CLI maps to script workflow coverage with direct test refs.,Keep script workflow coverage current when operator behavior changes.,2026-07-05
OPS-SCRIPT-011,script_cli,Scripts and Ops,python scripts/cleanup_inventory.py,main()/CLI,scripts/manifest.yaml active[11]; scripts/cleanup_inventory.py; main() present; argparse detected; tests: tests/test_cleanup_inventory.py,direct_script_test_ref,1,OPS-SCRIPT-011,1,tests/test_cleanup_inventory.py,Script CLI maps to script workflow coverage with direct test refs.,Keep script workflow coverage current when operator behavior changes.,2026-07-05
OPS-SCRIPT-012,script_cli,Scripts and Ops,python scripts/collect_node_metrics.py,main()/CLI,scripts/manifest.yaml active[12]; scripts/collect_node_metrics.py; main() present; argparse detected; tests/test_remote_script_gap_batch.py; tests: tests/test_collect_node_metrics_observability.py; tests/test_remote_script_gap_batch.py,direct_script_test_ref,1,OPS-SCRIPT-012,2,tests/test_collect_node_metrics_observability.py; tests/test_remote_script_gap_batch.py,Script CLI maps to script workflow coverage with direct test refs.,Keep script workflow coverage current when operator behavior changes.,2026-07-05
OPS-SCRIPT-013,script_cli,Scripts and Ops,python scripts/collect_xray_observer.py,main()/CLI,scripts/manifest.yaml active[13]; scripts/collect_xray_observer.py; main() present; argparse detected; tests/test_remote_script_gap_batch.py; tests: tests/test_collect_xray_observer.py; tests/test_remote_script_gap_batch.py,direct_script_test_ref,1,OPS-SCRIPT-013,2,tests/test_collect_xray_observer.py; tests/test_remote_script_gap_batch.py,Script CLI maps to script workflow coverage with direct test refs.,Keep script workflow coverage current when operator behavior changes.,2026-07-05
OPS-SCRIPT-014,script_cli,Scripts and Ops,python scripts/configure_ssh_additional_port.py,main()/CLI,scripts/manifest.yaml active[14]; scripts/configure_ssh_additional_port.py; main() present; argparse detected,direct_script_test_ref,1,OPS-SCRIPT-014,1,tests/test_remote_script_gap_batch.py,Script CLI maps to script workflow coverage with direct test refs.,Keep script workflow coverage current when operator behavior changes.,2026-07-05
OPS-SCRIPT-015,script_cli,Scripts and Ops,python scripts/control_plane_drift_report.py,main()/CLI,scripts/manifest.yaml active[15]; scripts/control_plane_drift_report.py; main() present; argparse detected; tests: tests/test_control_plane_drift_report.py,direct_script_test_ref,1,OPS-SCRIPT-015,1,tests/test_control_plane_drift_report.py,Script CLI maps to script workflow coverage with direct test refs.,Keep script workflow coverage current when operator behavior changes.,2026-07-05
OPS-SCRIPT-016,script_cli,Scripts and Ops,python scripts/create_reality_inbounds.py,main()/CLI,scripts/manifest.yaml active[16]; scripts/create_reality_inbounds.py; main() present; argparse detected,direct_script_test_ref,1,OPS-SCRIPT-016,1,tests/test_remote_script_gap_batch.py,Script CLI maps to script workflow coverage with direct test refs.,Keep script workflow coverage current when operator behavior changes.,2026-07-05
OPS-SCRIPT-017,script_cli,Scripts and Ops,python scripts/export_manual_user_links.py,main()/CLI,scripts/manifest.yaml active[17]; scripts/export_manual_user_links.py; main() present; argparse detected; tests: tests/test_ops_script_gap_batch.py,direct_script_test_ref,1,OPS-SCRIPT-017,1,tests/test_ops_script_gap_batch.py,Script CLI maps to script workflow coverage with direct test refs.,Keep script workflow coverage current when operator behavior changes.,2026-07-05
OPS-SCRIPT-018,script_cli,Scripts and Ops,python scripts/export_release_gate_snapshot.py,main()/CLI,scripts/manifest.yaml active[18]; scripts/export_release_gate_snapshot.py; main() present; argparse detected; tests: tests/test_ops_script_gap_batch.py,direct_script_test_ref,1,OPS-SCRIPT-018,1,tests/test_ops_script_gap_batch.py,Script CLI maps to script workflow coverage with direct test refs.,Keep script workflow coverage current when operator behavior changes.,2026-07-05
OPS-SCRIPT-019,script_cli,Scripts and Ops,python scripts/email_delivery_probe.py,main()/CLI,scripts/manifest.yaml active[19]; scripts/email_delivery_probe.py; main() present; argparse detected; tests/test_public_beta_post_deploy_probe.py; tests/test_public_beta_post_deploy_probe.py; tests/test_public_beta_post_deploy_probe.py; tests/test_public_beta_post_deploy_probe.py; tests/test_public_beta_post_deploy_probe.py; tests/test_public_beta_post_deploy_probe.py; tests: tests/test_live_probe_scripts.py; tests/test_public_beta_post_deploy_probe.py,direct_script_test_ref,1,OPS-SCRIPT-019,2,tests/test_live_probe_scripts.py; tests/test_public_beta_post_deploy_probe.py,Script CLI maps to script workflow coverage with direct test refs.,Keep script workflow coverage current when operator behavior changes.,2026-07-05
OPS-SCRIPT-020,script_cli,Scripts and Ops,python scripts/lavatop_invoice_probe.py,main()/CLI,scripts/manifest.yaml active[20]; scripts/lavatop_invoice_probe.py; main() present; argparse detected; tests/test_live_probe_scripts.py; tests/test_public_beta_external_access_preflight.py; tests/test_public_beta_post_deploy_probe.py; tests/test_live_probe_scripts.py; tests/test_public_beta_external_access_preflight.py; tests/test_public_beta_post_deploy_probe.py; tests/test_live_probe_scripts.py; tests/test_public_beta_external_access_preflight.py; tests/test_public_beta_post_deploy_probe.py; tests/test_live_probe_scripts.py; tests/test_public_beta_external_access_preflight.py; tests/test_public_beta_post_deploy_probe.py; tests/test_live_probe_scripts.py; tests/test_public_beta_external_access_preflight.py; tests/test_public_beta_post_deploy_probe.py; tests/test_live_probe_scripts.py; tests/test_public_beta_external_access_preflight.py; tests/test_public_beta_post_deploy_probe.py; tests: tests/test_brain_payment_email_readiness.py; tests/test_live_probe_scripts.py; tests/test_public_beta_external_access_preflight.py; tests/test_public_beta_post_deploy_probe.py,direct_script_test_ref,1,OPS-SCRIPT-020,4,tests/test_brain_payment_email_readiness.py; tests/test_live_probe_scripts.py; tests/test_public_beta_external_access_preflight.py; tests/test_public_beta_post_deploy_probe.py,Script CLI maps to script workflow coverage with direct test refs.,Keep script workflow coverage current when operator behavior changes.,2026-07-05
OPS-SCRIPT-021,script_cli,Scripts and Ops,python scripts/lavatop_webhook_replay_smoke.py,main()/CLI,scripts/manifest.yaml active[21]; scripts/lavatop_webhook_replay_smoke.py; main() present; argparse detected,direct_script_test_ref,1,OPS-SCRIPT-021,1,tests/test_ops_script_gap_batch.py,Script CLI maps to script workflow coverage with direct test refs.,Keep script workflow coverage current when operator behavior changes.,2026-07-05
OPS-SCRIPT-022,script_cli,Scripts and Ops,python scripts/grant_all_users_days.py,main()/CLI,scripts/manifest.yaml active[22]; scripts/grant_all_users_days.py; main() present; argparse detected; tests: tests/test_ops_script_gap_batch.py,direct_script_test_ref,1,OPS-SCRIPT-022,1,tests/test_ops_script_gap_batch.py,Script CLI maps to script workflow coverage with direct test refs.,Keep script workflow coverage current when operator behavior changes.,2026-07-05
OPS-SCRIPT-023,script_cli,Scripts and Ops,python scripts/inspect_local_xui_db.py,main()/CLI,scripts/manifest.yaml active[23]; scripts/inspect_local_xui_db.py; main() present; argparse detected; tests: tests/test_ops_script_gap_batch.py,direct_script_test_ref,1,OPS-SCRIPT-023,1,tests/test_ops_script_gap_batch.py,Script CLI maps to script workflow coverage with direct test refs.,Keep script workflow coverage current when operator behavior changes.,2026-07-05
OPS-SCRIPT-024,script_cli,Scripts and Ops,python scripts/inspect_nodes_inbounds.py,main()/CLI,scripts/manifest.yaml active[24]; scripts/inspect_nodes_inbounds.py; main() present; argparse detected; tests: tests/test_remote_script_gap_batch.py,direct_script_test_ref,1,OPS-SCRIPT-024,1,tests/test_remote_script_gap_batch.py,Script CLI maps to script workflow coverage with direct test refs.,Keep script workflow coverage current when operator behavior changes.,2026-07-05
OPS-SCRIPT-025,script_cli,Scripts and Ops,python scripts/inspect_public_subscription_hosts.py,main()/CLI,scripts/manifest.yaml active[25]; scripts/inspect_public_subscription_hosts.py; main() present; argparse detected; tests: tests/test_ops_script_gap_batch.py,direct_script_test_ref,1,OPS-SCRIPT-025,1,tests/test_ops_script_gap_batch.py,Script CLI maps to script workflow coverage with direct test refs.,Keep script workflow coverage current when operator behavior changes.,2026-07-05
OPS-SCRIPT-026,script_cli,Scripts and Ops,python scripts/inspect_public_subscription_names.py,main()/CLI,scripts/manifest.yaml active[26]; scripts/inspect_public_subscription_names.py; main() present; argparse detected; tests: tests/test_ops_script_gap_batch.py,direct_script_test_ref,1,OPS-SCRIPT-026,1,tests/test_ops_script_gap_batch.py,Script CLI maps to script workflow coverage with direct test refs.,Keep script workflow coverage current when operator behavior changes.,2026-07-05
OPS-SCRIPT-027,script_cli,Scripts and Ops,python scripts/inspect_reality_inbound_remote.py,main()/CLI,scripts/manifest.yaml active[27]; scripts/inspect_reality_inbound_remote.py; main() present; argparse detected; tests: tests/test_remote_script_gap_batch.py,direct_script_test_ref,1,OPS-SCRIPT-027,1,tests/test_remote_script_gap_batch.py,Script CLI maps to script workflow coverage with direct test refs.,Keep script workflow coverage current when operator behavior changes.,2026-07-05
OPS-SCRIPT-028,script_cli,Scripts and Ops,python scripts/inspect_xui_schema.py,main()/CLI,scripts/manifest.yaml active[28]; scripts/inspect_xui_schema.py; main() present; argparse detected; tests: tests/test_remote_script_gap_batch.py,direct_script_test_ref,1,OPS-SCRIPT-028,1,tests/test_remote_script_gap_batch.py,Script CLI maps to script workflow coverage with direct test refs.,Keep script workflow coverage current when operator behavior changes.,2026-07-05
OPS-SCRIPT-029,script_cli,Scripts and Ops,python scripts/list_nodes.py,main()/CLI,scripts/manifest.yaml active[29]; scripts/list_nodes.py; main() present; argparse detected; tests: tests/test_ops_script_gap_batch.py,direct_script_test_ref,1,OPS-SCRIPT-029,1,tests/test_ops_script_gap_batch.py,Script CLI maps to script workflow coverage with direct test refs.,Keep script workflow coverage current when operator behavior changes.,2026-07-05
OPS-SCRIPT-030,script_cli,Scripts and Ops,python scripts/migrate_to_nodes.py,main()/CLI,scripts/manifest.yaml active[30]; scripts/migrate_to_nodes.py; main() present; argparse detected,direct_script_test_ref,1,OPS-SCRIPT-030,1,tests/test_remote_script_gap_batch.py,Script CLI maps to script workflow coverage with direct test refs.,Keep script workflow coverage current when operator behavior changes.,2026-07-05
OPS-SCRIPT-031,script_cli,Scripts and Ops,python scripts/node_dataplane_probe.py,main()/CLI,scripts/manifest.yaml active[31]; scripts/node_dataplane_probe.py; main() present; argparse detected; tests: tests/test_node_dataplane_probe.py,direct_script_test_ref,1,OPS-SCRIPT-031,1,tests/test_node_dataplane_probe.py,Script CLI maps to script workflow coverage with direct test refs.,Keep script workflow coverage current when operator behavior changes.,2026-07-05
OPS-SCRIPT-032,script_cli,Scripts and Ops,python scripts/node_observability_gate.py,main()/CLI,scripts/manifest.yaml active[32]; scripts/node_observability_gate.py; main() present; argparse detected; tests: tests/test_node_observability_gate.py,direct_script_test_ref,1,OPS-SCRIPT-032,1,tests/test_node_observability_gate.py,Script CLI maps to script workflow coverage with direct test refs.,Keep script workflow coverage current when operator behavior changes.,2026-07-05
OPS-SCRIPT-033,script_cli,Scripts and Ops,python scripts/pokrov_ai_docs_assistant.py,main()/CLI,scripts/manifest.yaml active[33]; scripts/pokrov_ai_docs_assistant.py; main() present; argparse detected; tests: tests/test_pokrov_ai_docs_assistant.py,direct_script_test_ref,1,OPS-SCRIPT-033,1,tests/test_pokrov_ai_docs_assistant.py,Script CLI maps to script workflow coverage with direct test refs.,Keep script workflow coverage current when operator behavior changes.,2026-07-05
OPS-SCRIPT-034,script_cli,Scripts and Ops,python scripts/pokrov_operator_copilot.py,main()/CLI,scripts/manifest.yaml active[34]; scripts/pokrov_operator_copilot.py; main() present; argparse detected; tests: tests/test_pokrov_operator_copilot.py,direct_script_test_ref,1,OPS-SCRIPT-034,1,tests/test_pokrov_operator_copilot.py,Script CLI maps to script workflow coverage with direct test refs.,Keep script workflow coverage current when operator behavior changes.,2026-07-05
OPS-SCRIPT-035,script_cli,Scripts and Ops,python scripts/pokrov_support_ai_kb_refresh.py,main()/CLI,scripts/manifest.yaml active[35]; scripts/pokrov_support_ai_kb_refresh.py; main() present; argparse detected; tests: tests/test_pokrov_support_ai_kb_refresh.py,direct_script_test_ref,1,OPS-SCRIPT-035,1,tests/test_pokrov_support_ai_kb_refresh.py,Script CLI maps to script workflow coverage with direct test refs.,Keep script workflow coverage current when operator behavior changes.,2026-07-05
OPS-SCRIPT-036,script_cli,Scripts and Ops,python scripts/predeploy_node_readiness.py,main()/CLI,scripts/manifest.yaml active[36]; scripts/predeploy_node_readiness.py; main() present; argparse detected; tests: tests/test_predeploy_node_readiness.py,direct_script_test_ref,1,OPS-SCRIPT-036,1,tests/test_predeploy_node_readiness.py,Script CLI maps to script workflow coverage with direct test refs.,Keep script workflow coverage current when operator behavior changes.,2026-07-05
OPS-SCRIPT-037,script_cli,Scripts and Ops,python scripts/release_gate_check.py,main()/CLI,scripts/manifest.yaml active[37]; scripts/release_gate_check.py; main() present; argparse detected; tests/test_check_script_manifest.py; tests/test_pokrov_migration_defaults.py; tests/test_release_gate_check.py; tests/test_release_orchestrator.py; tests/test_check_script_manifest.py; tests/test_pokrov_migration_defaults.py; tests/test_release_gate_check.py; tests/test_release_orchestrator.py; tests/test_check_script_manifest.py; tests/test_pokrov_migration_defaults.py; tests/test_release_gate_check.py; tests/test_release_orchestrator.py; tests/test_check_script_manifest.py; tests/test_pokrov_migration_defaults.py; tests/test_release_gate_check.py; tests/test_release_orchestrator.py; tests/test_check_script_manifest.py; tests/test_pokrov_migration_defaults.py; tests/test_release_gate_check.py; tests/test_release_orchestrator.py; tests/test_check_script_manifest.py; tests/test_pokrov_migration_defaults.py; tests/test_release_gate_check.py; tests/test_release_orchestrator.py; tests: tests/test_android_release_bundle_guard.py; tests/test_check_script_manifest.py; tests/test_pokrov_migration_defaults.py; tests/test_release_gate_check.py; tests/test_release_orchestrator.py,direct_script_test_ref,1,OPS-SCRIPT-037,5,tests/test_android_release_bundle_guard.py; tests/test_check_script_manifest.py; tests/test_pokrov_migration_defaults.py; tests/test_release_gate_check.py; tests/test_release_orchestrator.py,Script CLI maps to script workflow coverage with direct test refs.,Keep script workflow coverage current when operator behavior changes.,2026-07-05
OPS-SCRIPT-038,script_cli,Scripts and Ops,python scripts/render_ru_probe_report.py,main()/CLI,scripts/manifest.yaml active[38]; scripts/render_ru_probe_report.py; main() present; argparse detected; tests: tests/test_render_ru_probe_report.py,direct_script_test_ref,1,OPS-SCRIPT-038,1,tests/test_render_ru_probe_report.py,Script CLI maps to script workflow coverage with direct test refs.,Keep script workflow coverage current when operator behavior changes.,2026-07-05
OPS-SCRIPT-039,script_cli,Scripts and Ops,python scripts/release_orchestrator.py,main()/CLI,scripts/manifest.yaml active[39]; scripts/release_orchestrator.py; main() present; argparse detected; tests: tests/test_release_orchestrator.py,direct_script_test_ref,1,OPS-SCRIPT-039,1,tests/test_release_orchestrator.py,Script CLI maps to script workflow coverage with direct test refs.,Keep script workflow coverage current when operator behavior changes.,2026-07-05
OPS-SCRIPT-040,script_cli,Scripts and Ops,python scripts/run_client_release_gate.py,main()/CLI,scripts/manifest.yaml active[40]; scripts/run_client_release_gate.py; main() present; argparse detected; tests/test_package_windows_script.py; tests/test_pokrov_migration_defaults.py; tests/test_run_client_release_gate.py; tests/test_package_windows_script.py; tests/test_pokrov_migration_defaults.py; tests/test_run_client_release_gate.py; tests/test_package_windows_script.py; tests/test_pokrov_migration_defaults.py; tests/test_run_client_release_gate.py; tests/test_package_windows_script.py; tests/test_pokrov_migration_defaults.py; tests/test_run_client_release_gate.py; tests/test_package_windows_script.py; tests/test_pokrov_migration_defaults.py; tests/test_run_client_release_gate.py; tests/test_package_windows_script.py; tests/test_pokrov_migration_defaults.py; tests/test_run_client_release_gate.py; tests: tests/test_android_release_bundle_guard.py; tests/test_package_windows_script.py; tests/test_pokrov_migration_defaults.py; tests/test_run_client_release_gate.py,direct_script_test_ref,1,OPS-SCRIPT-040,4,tests/test_android_release_bundle_guard.py; tests/test_package_windows_script.py; tests/test_pokrov_migration_defaults.py; tests/test_run_client_release_gate.py,Script CLI maps to script workflow coverage with direct test refs.,Keep script workflow coverage current when operator behavior changes.,2026-07-05
OPS-SCRIPT-041,script_cli,Scripts and Ops,python scripts/admin_webapp_smoke.py,main()/CLI,scripts/manifest.yaml active[41]; scripts/admin_webapp_smoke.py; main() present; argparse detected; tests: tests/test_admin_webapp_smoke.py,direct_script_test_ref,1,OPS-SCRIPT-041,1,tests/test_admin_webapp_smoke.py,Script CLI maps to script workflow coverage with direct test refs.,Keep script workflow coverage current when operator behavior changes.,2026-07-05
OPS-SCRIPT-042,script_cli,Scripts and Ops,python scripts/agent_context_packet_audit.py,main()/CLI,scripts/manifest.yaml active[42]; scripts/agent_context_packet_audit.py; main() present; argparse detected; tests: tests/test_agent_context_packet_audit.py,direct_script_test_ref,1,OPS-SCRIPT-042,1,tests/test_agent_context_packet_audit.py,Script CLI maps to script workflow coverage with direct test refs.,Keep script workflow coverage current when operator behavior changes.,2026-07-05
OPS-SCRIPT-043,script_cli,Scripts and Ops,python scripts/android_localhost_audit.py,main()/CLI,scripts/manifest.yaml active[43]; scripts/android_localhost_audit.py; main() present; argparse detected; tests/test_release_gate_check.py; tests/test_validate_android_physical_audit_evidence.py; tests/test_release_gate_check.py; tests/test_validate_android_physical_audit_evidence.py; tests/test_release_gate_check.py; tests/test_validate_android_physical_audit_evidence.py; tests/test_release_gate_check.py; tests/test_validate_android_physical_audit_evidence.py; tests/test_release_gate_check.py; tests/test_validate_android_physical_audit_evidence.py; tests/test_release_gate_check.py; tests/test_validate_android_physical_audit_evidence.py; tests: tests/test_android_localhost_audit.py; tests/test_release_gate_check.py; tests/test_validate_android_physical_audit_evidence.py,direct_script_test_ref,1,OPS-SCRIPT-043,3,tests/test_android_localhost_audit.py; tests/test_release_gate_check.py; tests/test_validate_android_physical_audit_evidence.py,Script CLI maps to script workflow coverage with direct test refs.,Keep script workflow coverage current when operator behavior changes.,2026-07-05
OPS-SCRIPT-044,script_cli,Scripts and Ops,python scripts/remote_bootstrap_nodes.py,main()/CLI,scripts/manifest.yaml active[44]; scripts/remote_bootstrap_nodes.py; main() present; argparse detected; tests: tests/test_remote_bootstrap_nodes.py,direct_script_test_ref,1,OPS-SCRIPT-044,1,tests/test_remote_bootstrap_nodes.py,Script CLI maps to script workflow coverage with direct test refs.,Keep script workflow coverage current when operator behavior changes.,2026-07-05
OPS-SCRIPT-045,script_cli,Scripts and Ops,python scripts/remote_brain_cat_default_xui.py,main()/CLI,scripts/manifest.yaml active[45]; scripts/remote_brain_cat_default_xui.py; main() present; argparse not detected; tests: tests/test_remote_script_gap_batch.py,direct_script_test_ref,1,OPS-SCRIPT-045,1,tests/test_remote_script_gap_batch.py,Script CLI maps to script workflow coverage with direct test refs.,Keep script workflow coverage current when operator behavior changes.,2026-07-05
OPS-SCRIPT-046,script_cli,Scripts and Ops,python scripts/remote_brain_copy_env_var.py,main()/CLI,scripts/manifest.yaml active[46]; scripts/remote_brain_copy_env_var.py; main() present; argparse detected; tests: tests/test_remote_script_gap_batch.py,direct_script_test_ref,1,OPS-SCRIPT-046,1,tests/test_remote_script_gap_batch.py,Script CLI maps to script workflow coverage with direct test refs.,Keep script workflow coverage current when operator behavior changes.,2026-07-05
OPS-SCRIPT-047,script_cli,Scripts and Ops,python scripts/remote_brain_fix_xui_sub_server.py,main()/CLI,scripts/manifest.yaml active[47]; scripts/remote_brain_fix_xui_sub_server.py; main() present; argparse not detected,direct_script_test_ref,1,OPS-SCRIPT-047,1,tests/test_remote_script_gap_batch.py,Script CLI maps to script workflow coverage with direct test refs.,Keep script workflow coverage current when operator behavior changes.,2026-07-05
OPS-SCRIPT-048,script_cli,Scripts and Ops,python scripts/remote_brain_inspect_xui_files.py,main()/CLI,scripts/manifest.yaml active[48]; scripts/remote_brain_inspect_xui_files.py; main() present; argparse not detected; tests: tests/test_remote_script_gap_batch.py,direct_script_test_ref,1,OPS-SCRIPT-048,1,tests/test_remote_script_gap_batch.py,Script CLI maps to script workflow coverage with direct test refs.,Keep script workflow coverage current when operator behavior changes.,2026-07-05
OPS-SCRIPT-049,script_cli,Scripts and Ops,python scripts/remote_brain_network_probe.py,main()/CLI,scripts/manifest.yaml active[49]; scripts/remote_brain_network_probe.py; main() present; argparse detected; tests: tests/test_remote_brain_network_probe.py,direct_script_test_ref,1,OPS-SCRIPT-049,1,tests/test_remote_brain_network_probe.py,Script CLI maps to script workflow coverage with direct test refs.,Keep script workflow coverage current when operator behavior changes.,2026-07-05
OPS-SCRIPT-050,script_cli,Scripts and Ops,python scripts/remote_brain_nodes_sanity.py,main()/CLI,scripts/manifest.yaml active[50]; scripts/remote_brain_nodes_sanity.py; main() present; argparse detected,direct_script_test_ref,1,OPS-SCRIPT-050,1,tests/test_remote_script_gap_batch.py,Script CLI maps to script workflow coverage with direct test refs.,Keep script workflow coverage current when operator behavior changes.,2026-07-05
OPS-SCRIPT-051,script_cli,Scripts and Ops,python scripts/remote_brain_patch_caddy_webapp_api_proxy.py,main()/CLI,scripts/manifest.yaml active[51]; scripts/remote_brain_patch_caddy_webapp_api_proxy.py; main() present; argparse detected; tests: tests/test_remote_script_gap_batch.py,direct_script_test_ref,1,OPS-SCRIPT-051,1,tests/test_remote_script_gap_batch.py,Script CLI maps to script workflow coverage with direct test refs.,Keep script workflow coverage current when operator behavior changes.,2026-07-05
OPS-SCRIPT-052,script_cli,Scripts and Ops,python scripts/remote_brain_promo_grant_premium_days.py,main()/CLI,scripts/manifest.yaml active[52]; scripts/remote_brain_promo_grant_premium_days.py; main() present; argparse detected,direct_script_test_ref,1,OPS-SCRIPT-052,1,tests/test_remote_script_gap_batch.py,Script CLI maps to script workflow coverage with direct test refs.,Keep script workflow coverage current when operator behavior changes.,2026-07-05
OPS-SCRIPT-053,script_cli,Scripts and Ops,python scripts/remote_brain_set_env_kv.py,main()/CLI,scripts/manifest.yaml active[53]; scripts/remote_brain_set_env_kv.py; main() present; argparse detected; tests: tests/test_remote_script_gap_batch.py,direct_script_test_ref,1,OPS-SCRIPT-053,1,tests/test_remote_script_gap_batch.py,Script CLI maps to script workflow coverage with direct test refs.,Keep script workflow coverage current when operator behavior changes.,2026-07-05
OPS-SCRIPT-054,script_cli,Scripts and Ops,python scripts/remote_brain_set_node_hosts_dns.py,main()/CLI,scripts/manifest.yaml active[54]; scripts/remote_brain_set_node_hosts_dns.py; main() present; argparse detected,direct_script_test_ref,1,OPS-SCRIPT-054,1,tests/test_remote_script_gap_batch.py,Script CLI maps to script workflow coverage with direct test refs.,Keep script workflow coverage current when operator behavior changes.,2026-07-05
OPS-SCRIPT-055,script_cli,Scripts and Ops,python scripts/remote_brain_sync_users_to_nodes.py,main()/CLI,scripts/manifest.yaml active[55]; scripts/remote_brain_sync_users_to_nodes.py; main() present; argparse detected,direct_script_test_ref,1,OPS-SCRIPT-055,1,tests/test_remote_script_gap_batch.py,Script CLI maps to script workflow coverage with direct test refs.,Keep script workflow coverage current when operator behavior changes.,2026-07-05
OPS-SCRIPT-056,script_cli,Scripts and Ops,python scripts/remote_brain_update_env_urls.py,main()/CLI,scripts/manifest.yaml active[56]; scripts/remote_brain_update_env_urls.py; main() present; argparse detected; tests: tests/test_remote_script_gap_batch.py,direct_script_test_ref,1,OPS-SCRIPT-056,1,tests/test_remote_script_gap_batch.py,Script CLI maps to script workflow coverage with direct test refs.,Keep script workflow coverage current when operator behavior changes.,2026-07-05
OPS-SCRIPT-057,script_cli,Scripts and Ops,python scripts/remote_audit_paid_node_coverage.py,main()/CLI,scripts/manifest.yaml active[57]; scripts/remote_audit_paid_node_coverage.py; main() present; argparse detected,direct_script_test_ref,1,OPS-SCRIPT-057,1,tests/test_remote_script_gap_batch.py,Script CLI maps to script workflow coverage with direct test refs.,Keep script workflow coverage current when operator behavior changes.,2026-07-05
OPS-SCRIPT-058,script_cli,Scripts and Ops,python scripts/remote_apply_node_qdisc.py,main()/CLI,scripts/manifest.yaml active[58]; scripts/remote_apply_node_qdisc.py; main() present; argparse detected; tests: tests/test_qdisc_scripts.py,direct_script_test_ref,1,OPS-SCRIPT-058,1,tests/test_qdisc_scripts.py,Script CLI maps to script workflow coverage with direct test refs.,Keep script workflow coverage current when operator behavior changes.,2026-07-05
OPS-SCRIPT-059,script_cli,Scripts and Ops,python scripts/remote_apply_transport_front.py,main()/CLI,scripts/manifest.yaml active[59]; scripts/remote_apply_transport_front.py; main() present; argparse detected; tests: tests/test_remote_apply_transport_front.py,direct_script_test_ref,1,OPS-SCRIPT-059,1,tests/test_remote_apply_transport_front.py,Script CLI maps to script workflow coverage with direct test refs.,Keep script workflow coverage current when operator behavior changes.,2026-07-05
OPS-SCRIPT-060,script_cli,Scripts and Ops,python scripts/remote_brain_apply_release_handoff.py,main()/CLI,scripts/manifest.yaml active[60]; scripts/remote_brain_apply_release_handoff.py; main() present; argparse detected; tests/test_release_orchestrator.py; tests/test_remote_brain_apply_release_handoff.py; tests/test_release_orchestrator.py; tests/test_remote_brain_apply_release_handoff.py; tests/test_release_orchestrator.py; tests/test_remote_brain_apply_release_handoff.py; tests/test_release_orchestrator.py; tests/test_remote_brain_apply_release_handoff.py; tests/test_release_orchestrator.py; tests/test_remote_brain_apply_release_handoff.py; tests/test_release_orchestrator.py; tests/test_remote_brain_apply_release_handoff.py; tests: tests/test_public_beta_launch_decision.py; tests/test_release_orchestrator.py; tests/test_remote_brain_apply_release_handoff.py,direct_script_test_ref,1,OPS-SCRIPT-060,3,tests/test_public_beta_launch_decision.py; tests/test_release_orchestrator.py; tests/test_remote_brain_apply_release_handoff.py,Script CLI maps to script workflow coverage with direct test refs.,Keep script workflow coverage current when operator behavior changes.,2026-07-05
OPS-SCRIPT-061,script_cli,Scripts and Ops,python scripts/remote_check_brain_panel.py,main()/CLI,scripts/manifest.yaml active[61]; scripts/remote_check_brain_panel.py; main() present; argparse not detected; tests: tests/test_remote_script_gap_batch.py,direct_script_test_ref,1,OPS-SCRIPT-061,1,tests/test_remote_script_gap_batch.py,Script CLI maps to script workflow coverage with direct test refs.,Keep script workflow coverage current when operator behavior changes.,2026-07-05
OPS-SCRIPT-062,script_cli,Scripts and Ops,python scripts/remote_configure_brain_for_vless_443.py,main()/CLI,scripts/manifest.yaml active[62]; scripts/remote_configure_brain_for_vless_443.py; main() present; argparse detected,direct_script_test_ref,1,OPS-SCRIPT-062,1,tests/test_remote_script_gap_batch.py,Script CLI maps to script workflow coverage with direct test refs.,Keep script workflow coverage current when operator behavior changes.,2026-07-05
OPS-SCRIPT-063,script_cli,Scripts and Ops,python scripts/remote_deploy_brain_portal_code.py,main()/CLI,scripts/manifest.yaml active[63]; scripts/remote_deploy_brain_portal_code.py; main() present; argparse detected; tests: tests/test_remote_deploy_brain_portal_code.py,direct_script_test_ref,1,OPS-SCRIPT-063,1,tests/test_remote_deploy_brain_portal_code.py,Script CLI maps to script workflow coverage with direct test refs.,Keep script workflow coverage current when operator behavior changes.,2026-07-05
OPS-SCRIPT-064,script_cli,Scripts and Ops,python scripts/remote_deploy_brain_static_sites.py,main()/CLI,scripts/manifest.yaml active[64]; scripts/remote_deploy_brain_static_sites.py; main() present; argparse detected; tests/test_static_deploy_cache_bust.py; tests/test_static_deploy_cache_bust.py; tests/test_static_deploy_cache_bust.py; tests/test_static_deploy_cache_bust.py; tests/test_static_deploy_cache_bust.py; tests/test_static_deploy_cache_bust.py; tests: tests/test_remote_deploy_brain_static_sites.py; tests/test_static_deploy_cache_bust.py,direct_script_test_ref,1,OPS-SCRIPT-064,2,tests/test_remote_deploy_brain_static_sites.py; tests/test_static_deploy_cache_bust.py,Script CLI maps to script workflow coverage with direct test refs.,Keep script workflow coverage current when operator behavior changes.,2026-07-05
OPS-SCRIPT-065,script_cli,Scripts and Ops,python scripts/remote_find_panel_service.py,main()/CLI,scripts/manifest.yaml active[65]; scripts/remote_find_panel_service.py; main() present; argparse not detected; tests: tests/test_remote_script_gap_batch.py,direct_script_test_ref,1,OPS-SCRIPT-065,1,tests/test_remote_script_gap_batch.py,Script CLI maps to script workflow coverage with direct test refs.,Keep script workflow coverage current when operator behavior changes.,2026-07-05
OPS-SCRIPT-066,script_cli,Scripts and Ops,python scripts/remote_grant_all_users_days.py,main()/CLI,scripts/manifest.yaml active[66]; scripts/remote_grant_all_users_days.py; main() present; argparse detected,direct_script_test_ref,1,OPS-SCRIPT-066,1,tests/test_remote_script_gap_batch.py,Script CLI maps to script workflow coverage with direct test refs.,Keep script workflow coverage current when operator behavior changes.,2026-07-05
OPS-SCRIPT-067,script_cli,Scripts and Ops,python scripts/remote_grep_brain_xui_sh.py,main()/CLI,scripts/manifest.yaml active[67]; scripts/remote_grep_brain_xui_sh.py; main() present; argparse not detected; tests: tests/test_remote_script_gap_batch.py,direct_script_test_ref,1,OPS-SCRIPT-067,1,tests/test_remote_script_gap_batch.py,Script CLI maps to script workflow coverage with direct test refs.,Keep script workflow coverage current when operator behavior changes.,2026-07-05
OPS-SCRIPT-068,script_cli,Scripts and Ops,python scripts/remote_inspect_brain_subscription_hosts.py,main()/CLI,scripts/manifest.yaml active[68]; scripts/remote_inspect_brain_subscription_hosts.py; main() present; argparse detected,direct_script_test_ref,1,OPS-SCRIPT-068,1,tests/test_remote_script_gap_batch.py,Script CLI maps to script workflow coverage with direct test refs.,Keep script workflow coverage current when operator behavior changes.,2026-07-05
OPS-SCRIPT-069,script_cli,Scripts and Ops,python scripts/remote_install_feedbackbot_service.py,main()/CLI,scripts/manifest.yaml active[69]; scripts/remote_install_feedbackbot_service.py; main() present; argparse detected; tests: tests/test_remote_script_gap_batch.py,direct_script_test_ref,1,OPS-SCRIPT-069,1,tests/test_remote_script_gap_batch.py,Script CLI maps to script workflow coverage with direct test refs.,Keep script workflow coverage current when operator behavior changes.,2026-07-05
OPS-SCRIPT-070,script_cli,Scripts and Ops,python scripts/remote_install_free_per_ip_limiter.py,main()/CLI,scripts/manifest.yaml active[70]; scripts/remote_install_free_per_ip_limiter.py; main() present; argparse detected,direct_script_test_ref,1,OPS-SCRIPT-070,1,tests/test_remote_script_gap_batch.py,Script CLI maps to script workflow coverage with direct test refs.,Keep script workflow coverage current when operator behavior changes.,2026-07-05
OPS-SCRIPT-071,script_cli,Scripts and Ops,python scripts/remote_install_mtproto_proxy.py,main()/CLI,scripts/manifest.yaml active[71]; scripts/remote_install_mtproto_proxy.py; main() present; argparse detected; tests: tests/test_remote_install_mtproto_proxy.py,direct_script_test_ref,1,OPS-SCRIPT-071,1,tests/test_remote_install_mtproto_proxy.py,Script CLI maps to script workflow coverage with direct test refs.,Keep script workflow coverage current when operator behavior changes.,2026-07-05
OPS-SCRIPT-072,script_cli,Scripts and Ops,python scripts/remote_install_mini_canary_stack.py,main()/CLI,scripts/manifest.yaml active[72]; scripts/remote_install_mini_canary_stack.py; main() present; argparse detected; tests: tests/test_remote_install_mini_canary_stack.py,direct_script_test_ref,1,OPS-SCRIPT-072,1,tests/test_remote_install_mini_canary_stack.py,Script CLI maps to script workflow coverage with direct test refs.,Keep script workflow coverage current when operator behavior changes.,2026-07-05
OPS-SCRIPT-073,script_cli,Scripts and Ops,python scripts/remote_install_node_metrics_timer.py,main()/CLI,scripts/manifest.yaml active[73]; scripts/remote_install_node_metrics_timer.py; main() present; argparse detected; tests: tests/test_remote_script_gap_batch.py,direct_script_test_ref,1,OPS-SCRIPT-073,1,tests/test_remote_script_gap_batch.py,Script CLI maps to script workflow coverage with direct test refs.,Keep script workflow coverage current when operator behavior changes.,2026-07-05
OPS-SCRIPT-074,script_cli,Scripts and Ops,python scripts/remote_install_node_observer.py,main()/CLI,scripts/manifest.yaml active[74]; scripts/remote_install_node_observer.py; main() present; argparse detected; tests: tests/test_remote_script_gap_batch.py,direct_script_test_ref,1,OPS-SCRIPT-074,1,tests/test_remote_script_gap_batch.py,Script CLI maps to script workflow coverage with direct test refs.,Keep script workflow coverage current when operator behavior changes.,2026-07-05
OPS-SCRIPT-075,script_cli,Scripts and Ops,python scripts/remote_install_xui_service.py,main()/CLI,scripts/manifest.yaml active[75]; scripts/remote_install_xui_service.py; main() present; argparse detected,direct_script_test_ref,1,OPS-SCRIPT-075,1,tests/test_remote_script_gap_batch.py,Script CLI maps to script workflow coverage with direct test refs.,Keep script workflow coverage current when operator behavior changes.,2026-07-05
OPS-SCRIPT-076,script_cli,Scripts and Ops,python scripts/remote_manage_xui.py,main()/CLI,scripts/manifest.yaml active[76]; scripts/remote_manage_xui.py; main() present; argparse detected,direct_script_test_ref,1,OPS-SCRIPT-076,1,tests/test_remote_script_gap_batch.py,Script CLI maps to script workflow coverage with direct test refs.,Keep script workflow coverage current when operator behavior changes.,2026-07-05
OPS-SCRIPT-077,script_cli,Scripts and Ops,python scripts/remote_node_qdisc_smoke.py,main()/CLI,scripts/manifest.yaml active[77]; scripts/remote_node_qdisc_smoke.py; main() present; argparse detected; tests/test_release_orchestrator.py; tests/test_release_orchestrator.py; tests/test_release_orchestrator.py; tests/test_release_orchestrator.py; tests/test_release_orchestrator.py; tests/test_release_orchestrator.py; tests: tests/test_qdisc_scripts.py; tests/test_release_orchestrator.py,direct_script_test_ref,1,OPS-SCRIPT-077,2,tests/test_qdisc_scripts.py; tests/test_release_orchestrator.py,Script CLI maps to script workflow coverage with direct test refs.,Keep script workflow coverage current when operator behavior changes.,2026-07-05
OPS-SCRIPT-078,script_cli,Scripts and Ops,python scripts/remote_prepare_brain_public.py,main()/CLI,scripts/manifest.yaml active[78]; scripts/remote_prepare_brain_public.py; main() present; argparse detected,direct_script_test_ref,1,OPS-SCRIPT-078,1,tests/test_remote_script_gap_batch.py,Script CLI maps to script workflow coverage with direct test refs.,Keep script workflow coverage current when operator behavior changes.,2026-07-05
OPS-SCRIPT-079,script_cli,Scripts and Ops,python scripts/remote_setup_pl_free_8443.py,main()/CLI,scripts/manifest.yaml active[79]; scripts/remote_setup_pl_free_8443.py; main() present; argparse detected,direct_script_test_ref,1,OPS-SCRIPT-079,1,tests/test_remote_script_gap_batch.py,Script CLI maps to script workflow coverage with direct test refs.,Keep script workflow coverage current when operator behavior changes.,2026-07-05
OPS-SCRIPT-080,script_cli,Scripts and Ops,python scripts/remote_start_brain_bot.py,main()/CLI,scripts/manifest.yaml active[80]; scripts/remote_start_brain_bot.py; main() present; argparse detected; tests: tests/test_remote_script_gap_batch.py,direct_script_test_ref,1,OPS-SCRIPT-080,1,tests/test_remote_script_gap_batch.py,Script CLI maps to script workflow coverage with direct test refs.,Keep script workflow coverage current when operator behavior changes.,2026-07-05
OPS-SCRIPT-081,script_cli,Scripts and Ops,python scripts/remote_strings_brain_xui.py,main()/CLI,scripts/manifest.yaml active[81]; scripts/remote_strings_brain_xui.py; main() present; argparse not detected,direct_script_test_ref,1,OPS-SCRIPT-081,1,tests/test_remote_script_gap_batch.py,Script CLI maps to script workflow coverage with direct test refs.,Keep script workflow coverage current when operator behavior changes.,2026-07-05
OPS-SCRIPT-082,script_cli,Scripts and Ops,python scripts/remote_switch_bot_tokens.py,main()/CLI,scripts/manifest.yaml active[82]; scripts/remote_switch_bot_tokens.py; main() present; argparse detected; tests: tests/test_remote_switch_bot_tokens.py,direct_script_test_ref,1,OPS-SCRIPT-082,1,tests/test_remote_switch_bot_tokens.py,Script CLI maps to script workflow coverage with direct test refs.,Keep script workflow coverage current when operator behavior changes.,2026-07-05
OPS-SCRIPT-083,script_cli,Scripts and Ops,python scripts/remote_sync_users_to_nodes.py,main()/CLI,scripts/manifest.yaml active[83]; scripts/remote_sync_users_to_nodes.py; main() present; argparse detected,direct_script_test_ref,1,OPS-SCRIPT-083,1,tests/test_remote_script_gap_batch.py,Script CLI maps to script workflow coverage with direct test refs.,Keep script workflow coverage current when operator behavior changes.,2026-07-05
OPS-SCRIPT-084,script_cli,Scripts and Ops,python scripts/remote_transport_front_smoke.py,main()/CLI,scripts/manifest.yaml active[84]; scripts/remote_transport_front_smoke.py; main() present; argparse detected; tests: tests/test_remote_transport_front_smoke.py,direct_script_test_ref,1,OPS-SCRIPT-084,1,tests/test_remote_transport_front_smoke.py,Script CLI maps to script workflow coverage with direct test refs.,Keep script workflow coverage current when operator behavior changes.,2026-07-05
OPS-SCRIPT-085,script_cli,Scripts and Ops,python scripts/remote_xui_db_tables_brain.py,main()/CLI,scripts/manifest.yaml active[85]; scripts/remote_xui_db_tables_brain.py; main() present; argparse not detected; tests: tests/test_remote_script_gap_batch.py,direct_script_test_ref,1,OPS-SCRIPT-085,1,tests/test_remote_script_gap_batch.py,Script CLI maps to script workflow coverage with direct test refs.,Keep script workflow coverage current when operator behavior changes.,2026-07-05
OPS-SCRIPT-086,script_cli,Scripts and Ops,python scripts/remote_xui_help_brain.py,main()/CLI,scripts/manifest.yaml active[86]; scripts/remote_xui_help_brain.py; main() present; argparse not detected; tests: tests/test_remote_script_gap_batch.py,direct_script_test_ref,1,OPS-SCRIPT-086,1,tests/test_remote_script_gap_batch.py,Script CLI maps to script workflow coverage with direct test refs.,Keep script workflow coverage current when operator behavior changes.,2026-07-05
OPS-SCRIPT-087,script_cli,Scripts and Ops,python scripts/remote_xui_logs.py,main()/CLI,scripts/manifest.yaml active[87]; scripts/remote_xui_logs.py; main() present; argparse not detected; tests: tests/test_remote_script_gap_batch.py,direct_script_test_ref,1,OPS-SCRIPT-087,1,tests/test_remote_script_gap_batch.py,Script CLI maps to script workflow coverage with direct test refs.,Keep script workflow coverage current when operator behavior changes.,2026-07-05
OPS-SCRIPT-088,script_cli,Scripts and Ops,python scripts/remote_xui_setting_show.py,main()/CLI,scripts/manifest.yaml active[88]; scripts/remote_xui_setting_show.py; main() present; argparse not detected; tests: tests/test_remote_script_gap_batch.py,direct_script_test_ref,1,OPS-SCRIPT-088,1,tests/test_remote_script_gap_batch.py,Script CLI maps to script workflow coverage with direct test refs.,Keep script workflow coverage current when operator behavior changes.,2026-07-05
OPS-SCRIPT-089,script_cli,Scripts and Ops,python scripts/remote_xui_settings_brain.py,main()/CLI,scripts/manifest.yaml active[89]; scripts/remote_xui_settings_brain.py; main() present; argparse not detected; tests: tests/test_remote_script_gap_batch.py,direct_script_test_ref,1,OPS-SCRIPT-089,1,tests/test_remote_script_gap_batch.py,Script CLI maps to script workflow coverage with direct test refs.,Keep script workflow coverage current when operator behavior changes.,2026-07-05
OPS-SCRIPT-090,script_cli,Scripts and Ops,python scripts/ru_probe_runner.py,main()/CLI,scripts/manifest.yaml active[90]; scripts/ru_probe_runner.py; main() present; argparse detected; tests: tests/test_ru_probe_runner.py,direct_script_test_ref,1,OPS-SCRIPT-090,1,tests/test_ru_probe_runner.py,Script CLI maps to script workflow coverage with direct test refs.,Keep script workflow coverage current when operator behavior changes.,2026-07-05
OPS-SCRIPT-091,script_cli,Scripts and Ops,python scripts/runtime_app_download_smoke.py,main()/CLI,scripts/manifest.yaml active[91]; scripts/runtime_app_download_smoke.py; main() present; argparse not detected; tests/test_public_beta_external_access_preflight.py; tests/test_release_gate_check.py; tests/test_runtime_app_download_smoke.py; tests/test_public_beta_external_access_preflight.py; tests/test_release_gate_check.py; tests/test_runtime_app_download_smoke.py; tests/test_public_beta_external_access_preflight.py; tests/test_release_gate_check.py; tests/test_runtime_app_download_smoke.py; tests/test_public_beta_external_access_preflight.py; tests/test_release_gate_check.py; tests/test_runtime_app_download_smoke.py; tests/test_public_beta_external_access_preflight.py; tests/test_release_gate_check.py; tests/test_runtime_app_download_smoke.py; tests/test_public_beta_external_access_preflight.py; tests/test_release_gate_check.py; tests/test_runtime_app_download_smoke.py; tests: tests/test_brain_runtime_app_download_smoke.py; tests/test_public_beta_external_access_preflight.py; tests/test_release_gate_check.py; tests/test_runtime_app_download_smoke.py,direct_script_test_ref,1,OPS-SCRIPT-091,4,tests/test_brain_runtime_app_download_smoke.py; tests/test_public_beta_external_access_preflight.py; tests/test_release_gate_check.py; tests/test_runtime_app_download_smoke.py,Script CLI maps to script workflow coverage with direct test refs.,Keep script workflow coverage current when operator behavior changes.,2026-07-05
OPS-SCRIPT-092,script_cli,Scripts and Ops,python scripts/seed_nodes_from_facts.py,main()/CLI,scripts/manifest.yaml active[92]; scripts/seed_nodes_from_facts.py; main() present; argparse detected; tests: tests/test_ops_script_gap_batch.py,direct_script_test_ref,1,OPS-SCRIPT-092,1,tests/test_ops_script_gap_batch.py,Script CLI maps to script workflow coverage with direct test refs.,Keep script workflow coverage current when operator behavior changes.,2026-07-05
OPS-SCRIPT-093,script_cli,Scripts and Ops,python scripts/smoke_client_apps.py,main()/CLI,scripts/manifest.yaml active[93]; scripts/smoke_client_apps.py; main() present; argparse detected; tests/test_smoke_client_apps.py; tests/test_smoke_client_apps.py; tests/test_smoke_client_apps.py; tests/test_smoke_client_apps.py; tests/test_smoke_client_apps.py; tests/test_smoke_client_apps.py; tests: tests/test_release_gate_check.py; tests/test_smoke_client_apps.py,direct_script_test_ref,1,OPS-SCRIPT-093,2,tests/test_release_gate_check.py; tests/test_smoke_client_apps.py,Script CLI maps to script workflow coverage with direct test refs.,Keep script workflow coverage current when operator behavior changes.,2026-07-05
OPS-SCRIPT-094,script_cli,Scripts and Ops,python scripts/sync_shared_surface_facts.py,main()/CLI,scripts/manifest.yaml active[94]; scripts/sync_shared_surface_facts.py; main() present; argparse detected; tests: tests/test_shared_surface_facts.py,direct_script_test_ref,1,OPS-SCRIPT-094,1,tests/test_shared_surface_facts.py,Script CLI maps to script workflow coverage with direct test refs.,Keep script workflow coverage current when operator behavior changes.,2026-07-05
OPS-SCRIPT-095,script_cli,Scripts and Ops,python scripts/ui_visual_smoke.py,main()/CLI,scripts/manifest.yaml active[95]; scripts/ui_visual_smoke.py; main() present; argparse detected; tests: tests/test_ui_visual_smoke.py,direct_script_test_ref,1,OPS-SCRIPT-095,1,tests/test_ui_visual_smoke.py,Script CLI maps to script workflow coverage with direct test refs.,Keep script workflow coverage current when operator behavior changes.,2026-07-05
OPS-SCRIPT-096,script_cli,Scripts and Ops,python scripts/verify_brain_ready.py,main()/CLI,scripts/manifest.yaml active[96]; scripts/verify_brain_ready.py; main() present; argparse detected; tests/test_verify_brain_ready.py; tests/test_verify_brain_ready.py; tests/test_verify_brain_ready.py; tests/test_verify_brain_ready.py; tests/test_verify_brain_ready.py; tests/test_verify_brain_ready.py; tests: tests/test_public_beta_launch_decision.py; tests/test_verify_brain_ready.py,direct_script_test_ref,1,OPS-SCRIPT-096,2,tests/test_public_beta_launch_decision.py; tests/test_verify_brain_ready.py,Script CLI maps to script workflow coverage with direct test refs.,Keep script workflow coverage current when operator behavior changes.,2026-07-05
OPS-SCRIPT-097,script_cli,Scripts and Ops,python scripts/generate_code_function_inventory.py,main()/CLI,scripts/manifest.yaml active[97]; scripts/generate_code_function_inventory.py; main() present; argparse detected; tests: tests/test_code_function_inventory.py,direct_script_test_ref,1,OPS-SCRIPT-097,1,tests/test_code_function_inventory.py,Script CLI maps to script workflow coverage with direct test refs.,Keep script workflow coverage current when operator behavior changes.,2026-07-05
OPS-SCRIPT-098,script_cli,Scripts and Ops,python scripts/app_bot_parity_smoke.py,main()/CLI,scripts/manifest.yaml active[98]; scripts/app_bot_parity_smoke.py; main() present; argparse detected; tests: tests/test_app_bot_parity_smoke.py,direct_script_test_ref,1,OPS-SCRIPT-098,1,tests/test_app_bot_parity_smoke.py,Script CLI maps to script workflow coverage with direct test refs.,Keep script workflow coverage current when operator behavior changes.,2026-07-05
OPS-SCRIPT-099,script_cli,Scripts and Ops,python scripts/audit_story_test_evidence.py,main()/CLI,scripts/manifest.yaml active[99]; scripts/audit_story_test_evidence.py; main() present; argparse detected; tests: tests/test_story_test_evidence_audit.py,direct_script_test_ref,1,OPS-SCRIPT-099,1,tests/test_story_test_evidence_audit.py,Script CLI maps to script workflow coverage with direct test refs.,Keep script workflow coverage current when operator behavior changes.,2026-07-05
OPS-SCRIPT-100,script_cli,Scripts and Ops,python scripts/brain_payment_email_readiness.py,main()/CLI,scripts/manifest.yaml active[100]; scripts/brain_payment_email_readiness.py; main() present; argparse detected; tests: tests/test_brain_payment_email_readiness.py,direct_script_test_ref,1,OPS-SCRIPT-100,1,tests/test_brain_payment_email_readiness.py,Script CLI maps to script workflow coverage with direct test refs.,Keep script workflow coverage current when operator behavior changes.,2026-07-05
OPS-SCRIPT-101,script_cli,Scripts and Ops,python scripts/brain_runtime_app_download_smoke.py,main()/CLI,scripts/manifest.yaml active[101]; scripts/brain_runtime_app_download_smoke.py; main() present; argparse detected; tests: tests/test_brain_runtime_app_download_smoke.py,direct_script_test_ref,1,OPS-SCRIPT-101,1,tests/test_brain_runtime_app_download_smoke.py,Script CLI maps to script workflow coverage with direct test refs.,Keep script workflow coverage current when operator behavior changes.,2026-07-05
OPS-SCRIPT-102,script_cli,Scripts and Ops,python scripts/brain_telegram_bot_menu_check.py,main()/CLI,scripts/manifest.yaml active[102]; scripts/brain_telegram_bot_menu_check.py; main() present; argparse detected; tests: tests/test_brain_telegram_bot_menu_check.py,direct_script_test_ref,1,OPS-SCRIPT-102,1,tests/test_brain_telegram_bot_menu_check.py,Script CLI maps to script workflow coverage with direct test refs.,Keep script workflow coverage current when operator behavior changes.,2026-07-05
OPS-SCRIPT-103,script_cli,Scripts and Ops,python scripts/migrate_sqlite_to_postgres.py,main()/CLI,scripts/manifest.yaml active[103]; scripts/migrate_sqlite_to_postgres.py; main() present; argparse detected; tests: tests/test_postgres_operator_scripts.py,direct_script_test_ref,1,OPS-SCRIPT-103,1,tests/test_postgres_operator_scripts.py,Script CLI maps to script workflow coverage with direct test refs.,Keep script workflow coverage current when operator behavior changes.,2026-07-05
OPS-SCRIPT-104,script_cli,Scripts and Ops,python scripts/paid_checkout_launch_evidence_check.py,main()/CLI,scripts/manifest.yaml active[104]; scripts/paid_checkout_launch_evidence_check.py; main() present; argparse detected; tests: tests/test_paid_checkout_launch_evidence_check.py,direct_script_test_ref,1,OPS-SCRIPT-104,1,tests/test_paid_checkout_launch_evidence_check.py,Script CLI maps to script workflow coverage with direct test refs.,Keep script workflow coverage current when operator behavior changes.,2026-07-05
OPS-SCRIPT-105,script_cli,Scripts and Ops,python scripts/payment_email_readiness_smoke.py,main()/CLI,scripts/manifest.yaml active[105]; scripts/payment_email_readiness_smoke.py; main() present; argparse detected; tests: tests/test_payment_email_readiness_smoke.py,direct_script_test_ref,1,OPS-SCRIPT-105,1,tests/test_payment_email_readiness_smoke.py,Script CLI maps to script workflow coverage with direct test refs.,Keep script workflow coverage current when operator behavior changes.,2026-07-05
OPS-SCRIPT-106,script_cli,Scripts and Ops,python scripts/prepare_github_release_plan.py,main()/CLI,scripts/manifest.yaml active[106]; scripts/prepare_github_release_plan.py; main() present; argparse detected; tests: tests/test_prepare_github_release_plan.py,direct_script_test_ref,1,OPS-SCRIPT-106,1,tests/test_prepare_github_release_plan.py,Script CLI maps to script workflow coverage with direct test refs.,Keep script workflow coverage current when operator behavior changes.,2026-07-05
OPS-SCRIPT-107,script_cli,Scripts and Ops,python scripts/public_beta_external_access_preflight.py,main()/CLI,scripts/manifest.yaml active[107]; scripts/public_beta_external_access_preflight.py; main() present; argparse detected; tests: tests/test_public_beta_external_access_preflight.py,direct_script_test_ref,1,OPS-SCRIPT-107,1,tests/test_public_beta_external_access_preflight.py,Script CLI maps to script workflow coverage with direct test refs.,Keep script workflow coverage current when operator behavior changes.,2026-07-05
OPS-SCRIPT-108,script_cli,Scripts and Ops,python scripts/public_beta_launch_decision.py,main()/CLI,scripts/manifest.yaml active[108]; scripts/public_beta_launch_decision.py; main() present; argparse detected; tests: tests/test_public_beta_launch_decision.py,direct_script_test_ref,1,OPS-SCRIPT-108,1,tests/test_public_beta_launch_decision.py,Script CLI maps to script workflow coverage with direct test refs.,Keep script workflow coverage current when operator behavior changes.,2026-07-05
OPS-SCRIPT-109,script_cli,Scripts and Ops,python scripts/public_beta_post_deploy_probe.py,main()/CLI,scripts/manifest.yaml active[109]; scripts/public_beta_post_deploy_probe.py; main() present; argparse detected; tests: tests/test_public_beta_post_deploy_probe.py,direct_script_test_ref,1,OPS-SCRIPT-109,1,tests/test_public_beta_post_deploy_probe.py,Script CLI maps to script workflow coverage with direct test refs.,Keep script workflow coverage current when operator behavior changes.,2026-07-05
OPS-SCRIPT-110,script_cli,Scripts and Ops,python scripts/publish_github_release_assets.py,main()/CLI,scripts/manifest.yaml active[110]; scripts/publish_github_release_assets.py; main() present; argparse detected; tests: tests/test_publish_github_release_assets.py,direct_script_test_ref,1,OPS-SCRIPT-110,1,tests/test_publish_github_release_assets.py,Script CLI maps to script workflow coverage with direct test refs.,Keep script workflow coverage current when operator behavior changes.,2026-07-05
OPS-SCRIPT-111,script_cli,Scripts and Ops,python scripts/remote_apply_ru_bridge_relay.py,main()/CLI,scripts/manifest.yaml active[111]; scripts/remote_apply_ru_bridge_relay.py; main() present; argparse detected; tests: tests/test_remote_apply_ru_bridge_relay.py,direct_script_test_ref,1,OPS-SCRIPT-111,1,tests/test_remote_apply_ru_bridge_relay.py,Script CLI maps to script workflow coverage with direct test refs.,Keep script workflow coverage current when operator behavior changes.,2026-07-05
OPS-SCRIPT-112,script_cli,Scripts and Ops,python scripts/remote_check_postgres.py,main()/CLI,scripts/manifest.yaml active[112]; scripts/remote_check_postgres.py; main() present; argparse detected; tests: tests/test_postgres_operator_scripts.py,direct_script_test_ref,1,OPS-SCRIPT-112,1,tests/test_postgres_operator_scripts.py,Script CLI maps to script workflow coverage with direct test refs.,Keep script workflow coverage current when operator behavior changes.,2026-07-05
OPS-SCRIPT-113,script_cli,Scripts and Ops,python scripts/remote_check_subscription_interval.py,main()/CLI,scripts/manifest.yaml active[113]; scripts/remote_check_subscription_interval.py; main() present; argparse detected; tests: tests/test_postgres_operator_scripts.py,direct_script_test_ref,1,OPS-SCRIPT-113,1,tests/test_postgres_operator_scripts.py,Script CLI maps to script workflow coverage with direct test refs.,Keep script workflow coverage current when operator behavior changes.,2026-07-05
OPS-SCRIPT-114,script_cli,Scripts and Ops,python scripts/remote_inspect_user.py,main()/CLI,scripts/manifest.yaml active[114]; scripts/remote_inspect_user.py; main() present; argparse detected; tests: tests/test_postgres_operator_scripts.py,direct_script_test_ref,1,OPS-SCRIPT-114,1,tests/test_postgres_operator_scripts.py,Script CLI maps to script workflow coverage with direct test refs.,Keep script workflow coverage current when operator behavior changes.,2026-07-05
OPS-SCRIPT-115,script_cli,Scripts and Ops,python scripts/remote_install_portal_worker_service.py,main()/CLI,scripts/manifest.yaml active[115]; scripts/remote_install_portal_worker_service.py; main() present; argparse detected; tests: tests/test_postgres_operator_scripts.py,direct_script_test_ref,1,OPS-SCRIPT-115,1,tests/test_postgres_operator_scripts.py,Script CLI maps to script workflow coverage with direct test refs.,Keep script workflow coverage current when operator behavior changes.,2026-07-05
OPS-SCRIPT-116,script_cli,Scripts and Ops,python scripts/remote_postgres_cutover.py,main()/CLI,scripts/manifest.yaml active[116]; scripts/remote_postgres_cutover.py; main() present; argparse detected; tests: tests/test_postgres_operator_scripts.py,direct_script_test_ref,1,OPS-SCRIPT-116,1,tests/test_postgres_operator_scripts.py,Script CLI maps to script workflow coverage with direct test refs.,Keep script workflow coverage current when operator behavior changes.,2026-07-05
OPS-SCRIPT-117,script_cli,Scripts and Ops,python scripts/remote_reconcile_payment.py,main()/CLI,scripts/manifest.yaml active[117]; scripts/remote_reconcile_payment.py; main() present; argparse detected; tests: tests/test_postgres_operator_scripts.py,direct_script_test_ref,1,OPS-SCRIPT-117,1,tests/test_postgres_operator_scripts.py,Script CLI maps to script workflow coverage with direct test refs.,Keep script workflow coverage current when operator behavior changes.,2026-07-05
OPS-SCRIPT-118,script_cli,Scripts and Ops,python scripts/text_integrity.py,main()/CLI,scripts/manifest.yaml active[118]; scripts/text_integrity.py; main() present; argparse detected; tests: tests/test_frontend_text_integrity.py,direct_script_test_ref,1,OPS-SCRIPT-118,1,tests/test_frontend_text_integrity.py,Script CLI maps to script workflow coverage with direct test refs.,Keep script workflow coverage current when operator behavior changes.,2026-07-05
OPS-SCRIPT-119,script_cli,Scripts and Ops,python scripts/validate_android_physical_audit_evidence.py,main()/CLI,scripts/manifest.yaml active[119]; scripts/validate_android_physical_audit_evidence.py; main() present; argparse detected; tests: tests/test_validate_android_physical_audit_evidence.py,direct_script_test_ref,1,OPS-SCRIPT-119,1,tests/test_validate_android_physical_audit_evidence.py,Script CLI maps to script workflow coverage with direct test refs.,Keep script workflow coverage current when operator behavior changes.,2026-07-05
OPS-SCRIPT-120,script_cli,Scripts and Ops,python scripts/generate_private_helper_coverage.py,main()/CLI,scripts/manifest.yaml active[120]; scripts/generate_private_helper_coverage.py; main() present; argparse detected; tests: tests/test_code_function_inventory.py,direct_script_test_ref,1,OPS-SCRIPT-120,1,tests/test_code_function_inventory.py,Script CLI maps to script workflow coverage with direct test refs.,Keep script workflow coverage current when operator behavior changes.,2026-07-05
OPS-SCRIPT-121,script_cli,Scripts and Ops,python scripts/generate_defect_fix_retest_ledger.py,main()/CLI,scripts/manifest.yaml active[121]; scripts/generate_defect_fix_retest_ledger.py; main() present; argparse detected; tests: tests/test_story_test_evidence_audit.py,direct_script_test_ref,1,OPS-SCRIPT-121,1,tests/test_story_test_evidence_audit.py,Script CLI maps to script workflow coverage with direct test refs.,Keep script workflow coverage current when operator behavior changes.,2026-07-05
OPS-SCRIPT-122,script_cli,Scripts and Ops,python scripts/remote_audit_inactive_users.py,main()/CLI,scripts/manifest.yaml active[64]; scripts/remote_audit_inactive_users.py; main() present; argparse detected; tests: tests/test_postgres_operator_scripts.py,direct_script_test_ref,1,OPS-SCRIPT-122,1,tests/test_postgres_operator_scripts.py,Script CLI maps to script workflow coverage with direct test refs.,Keep script workflow coverage current when operator behavior changes.,2026-07-05
OPS-SCRIPT-123,script_cli,Scripts and Ops,python scripts/remote_cleanup_inactive_users.py,main()/CLI,scripts/manifest.yaml active[66]; scripts/remote_cleanup_inactive_users.py; main() present; argparse detected; tests: tests/test_postgres_operator_scripts.py,direct_script_test_ref,1,OPS-SCRIPT-123,1,tests/test_postgres_operator_scripts.py,Script CLI maps to script workflow coverage with direct test refs.,Keep script workflow coverage current when operator behavior changes.,2026-07-05
