"plan","id","phase","summary","status","index","evidence","next_action"
"REL","PAY-001","P05","Remove duplicate FreeKassa payment URL parser","LOCALLY_PROVED","I3","WO-007 007A closure; parser moved to payment_providers.py, compatibility export preserved, source regression proves one definition and no root implementation; payment matrix PASS","Retain exact deployed compatibility-route evidence before I4; FreeKassa remains disabled"
"REL","PAY-002","P05","Make missing FreeKassa checkout URL fail closed; never build oa=0","LOCALLY_PROVED","I3","WO-007 007A closure; known response shapes require exact configured HTTPS host and missing/http/userinfo/cross-host/no-path values return stable 502; source regression proves no oa=0 fallback","Retain exact configured-host/provider response evidence before I4; do not enable FreeKassa from this local proof"
"REL","REL-001","P01","Protect promotion branches with required checks and reviewed provenance","CANDIDATE33_GATE_F_BLOCKED_2_17_0_HOSTED_ACCESS_OWNER_SOLO","I3","WO-013GT binds private signed candidate.33 and all 19 Gate F pointers; supply and release docs pass. Three platform/client jobs remain zero-step BLOCKED_BY_ACCESS_GITHUB_BILLING while release-index source-contract, signer and receipt jobs pass with real steps. OWNER_SOLO_EXCEPTION and promotion_authorized=false remain explicit.","Restore the three hosted jobs and complete exact candidate.33 Gates A-E, device, origin, rollback and approval rows before any separately authorized Gate G"
"REL","REL-002","P01","Add mandatory client GitHub Actions release gates","CANDIDATE_PROVED_HOSTED_CLIENT_RELEASE_GATE","I4","WO-003B/013AC/013AE; exact candidate.3 artifact source ac22825e857a313c9e4eba61030eb548d6346ead passed PR/post-merge Release v2 runs 33031007292/33032033161; clean-host control PR/post-merge runs 33032654414/33033052385 pass and exact installer/manifest pass hosted clean-Windows run 33033294889","Retain same-byte public promotion and post-promotion gate readback before I5"
"REL","WIN-001","P03","Enforce Windows single instance with typed forwarding","CANDIDATE33_EXACT_SINGLETON_TYPED_FORWARDING_FOCUS_PASS","I4","WO-013GT proves exact candidate.33 update to 11/11 installed identity. Plain and typed second launches each exit 0, retain one original PID, forward activation and return foreground focus; service stays Running/Auto/LocalSystem and the disconnected route/DNS contour is unchanged.","Retain same-byte public artifact identity and post-promotion Windows readback before I5; execute connected default/AWG/Smart-DNS and lifecycle rows separately"
"REL","WIN-002","P03","Move privilege from full Flutter process to constrained helper/service","CANDIDATE32_CLEAN_PUBLIC_MIGRATION_AND_POSTMIGRATION_UI_IPC_PASS_POSTPROMOTION_OPEN","I4","WO-013GM/013GN prove exact candidate.32 clean machine install, Auto LocalSystem service and ordinary non-elevated UI/trusted IPC. WO-013GO/013GP prove exact public per-user 1.1.6 package migration to 11/11 machine files, legacy cleanup, then ordinary migrated-state UI/trusted IPC/disconnected initialize. Full-process elevation remains absent.","Retain public same-byte promotion and post-promotion service/IPC observation before I5; non-owner/admin and connected network recovery remain separate gates"
"REL","WIN-003","P11","Retain clean-host Windows TUN and DNS proof for exact candidate","CANDIDATE32_CLEAN_INSTALL_BOOT_UI_IPC_PUBLIC116_MIGRATION_AND_POSTRUNTIME_PASS_MANAGED_TUN_DNS_OPEN","I4","WO-013GM/013GN prove exact candidate.32 clean install, boot-before-login, ordinary UI/trusted IPC and disconnected initialize. WO-013GO/013GP prove exact public 1.1.6 per-user package migration plus post-migration ordinary UI/trusted IPC/disconnected initialize with legacy cleanup and unchanged route/DNS. Connected TUN/DNS remain open.","Run successor candidate managed default/AWG/Smart-DNS, connected recovery/uninstall, Windows 10, sleep, SmartScreen and IPv6/leak matrices"
"REL","REL-003","P01","Remove allow-missing-client-root from release-bound portal gates","CANDIDATE_PROVED_HOSTED_PLATFORM_RELEASE_GATE","I4","WO-003B/013AC/013AE; strict platform Release v2 contract is bound to candidate.3 platform eafaca3e64c0619dea7f58fc9c430682b4520559; post-merge Guardrails/Release v2 runs 33029917507/33029917498 pass with no release-bound missing-client-root allowance","Retain same-byte public promotion and post-promotion contract readback before I5"
"REL","VER-001","P01","Reconcile component, UI, API and documentation versions","LOCALLY_PROVED","I3","WO-003H; client package/Core parity and strict-v2 API/UI projection PASS; four active platform owners are validated from client release-handoff truth; six completed old-version waves are EVIDENCE; client full gate, platform 89/89, API 6/6, widget 1/1 PASS","Retain clean hosted cross-repository run, exact-candidate artifact identity and deployed API/UI/doc readback before I4"
"REL","CONTRACT-001","P06","Centralize product facts and validate all consumers","LOCALLY_PROVED","I3","WO-008A and WO-008H; platform product/public/commercial/tariff owners project digest-pinned JSON and typed Dart into active client; read-only drift rejection, runtime-consumer guard, 25 platform tests, client seed gate/analyze and focused Flutter runtime test PASS","Retain exact clean candidate digest/readback and deployed consumer evidence before I4; server remains price, promo, referral-account and payment authority"
"REL","CORE-001","P02","Expand core CI to platform artifacts, ABI, race, security and reproducibility","FINAL_SOURCE_ARTIFACT_AND_HOSTED_MATRIX_PROVED","I3","WO-004B2/013I/013P; final Core main bdbd97fae35103e705f55908caebf75b4a9ff72f is the source for locally byte-identical Android tree 565266016cf823b30a36645c37156a8ba69d3f0fd55f8b22df665c321bcfcc90 and Windows tree 32089d0e133703433f43e4e8041f45fdf931e937bfb9ca10f2a72725a5c24d9f embedded by final client main; DLL exports 15/15 and proxy-only cycles 100/100 pass; Core main run 32651975372 passes test, release-contract, Android/Windows reproducibility and Apple source build; hosted Linux Android bytes are not mislabeled as identical to the Windows-produced embedded AAR","Retain candidate signing, device/origin, license disposition, SBOM/provenance and same-byte public promotion before I4"
"REL","TEST-001","P01","Make client standard test entrypoint cross-platform and contract-complete","HOSTED_FINAL_SOURCE_STANDARD_GATE_PROVED","I3","WO-013N/013P; final client PR head 4864e439126263296a68ea8c1ba213f25c57a5fb passes Actions run 32655837199/job 97234316532 against final platform/Core promotion lines; signed client main 3904734ce7761cc92c4136f1eaf13e20f2354f72 preserves the exact checked tree and push run 32656692926/job 97236406043 repeats cross-repository contract, full standard client gate and both Android flavors successfully; prior runner disk failure remains INFRA_FAILURE, not PASS","Bind and repeat the exact signed candidate/device/origin gates before I4; hosted source proof is not physical-device, signing, store or stable-promotion proof"
"REL","AND-001","P03","Remove private route/speed details from Android lockscreen notification","LOCALLY_PROVED","I3","WO-005 005D1; private generic foreground/public lockscreen content; legacy detail preferences forced false; Android JVM 147/147, app-shell 230/230, analyze and docs contract PASS","Retain OEM/lockscreen and exact signed-candidate device evidence"
"REL","AND-002","P03","Replace UID-wide Android speed with core/TUN counters","LOCALLY_PROVED","I3","WO-005 005D2; Core CommandStatus TUN totals, monotonic per-session rates and explicit unavailable/warming/reset/overflow states; Android JVM 155/155, runtime-engine 52/52 plus one external-artifact skip, app-shell 325/325 and analyze PASS","Retain long-run counter sampling, process-restart and exact-candidate physical-device proof for I4"
"REL","UPD-001","P03","Validate Android package id and signing certificate before install flow","LOCALLY_PROVED","I3","POKROV-app direct/store flavor source; sanitized APK identity fixtures; direct/store JVM 161/161; debug APK manifest/bytecode inspection","Run exact production-signed same-lineage upgrade and negative device matrix for I4"
"REL","DEP-001","P01","Pin reproducible backend and frontend dependencies","CANDIDATE33_SIGNED_REPRODUCIBLE_SUPPLY","I4","WO-013GT freezes platform f530005, client 6ab1bca and Core cd8f0f4, binding six freshly built artifacts to strict-v2 handoff 30d9d044, CycloneDX SBOM 3b586c6e, provenance 9aadcb1d, strict validation c1259e7a and trusted manifest/signature/receipt 5620c2f0/5115ab3c/f84843c8.","Retain candidate.33 public same-byte artifact digests and post-promotion provenance before I5; do not rewrite candidate.32 history"
"REL","API-001","P05","Define non-blocking DB strategy for async API surface","LOCALLY_PROVED_PAYMENT_ROUTES","I3","WO-007 007E closure; complete payment DB use cases own sync sessions in bounded Starlette/AnyIO worker threads; no ORM crosses await; fixed integer health; exact payment matrix 139 passed plus 12 subtests","Non-payment async ORM inventory and exact deployed DB/threadpool capacity/latency/fault evidence remain open before broader claim or I4"
"REL","HTTP-001","P05","Use shared bounded HTTP clients with timeouts and telemetry","LOCALLY_PROVED_PAYMENT_SURFACE","I3","WO-007 007D closure; FastAPI lifespan owns bounded reusable provider-policy sessions for Lava.top/Cardlink/Pally/Platima/FreeKassa; safe aggregate telemetry only; exact payment matrix 135 passed plus 12 subtests","Broader non-provider client inventory remains explicit; retain deployed exact-candidate provider pool/timeout/latency evidence before I4"
"REL","ARCH-001","P08","Decompose client bootstrap by state ownership","LOCALLY_PROVED","I3","WO-010B1..B5; Home uses one bounded state/intent pair and ConnectionCoordinator FirstSessionCoordinator AccountSessionCoordinator and DiagnosticsCoordinator own the four named mutable seams; architecture guard docs focused tests and full seed gate pass","Retain exact-candidate client evidence before I4; do not widen into a shell rewrite"
"REL","ARCH-002","P05","Split portal composition roots through bounded contexts","LOCALLY_PROVED_PORTAL_DECOMPOSITION","I3","WO-007 007F-007I; payment/public/client/admin route owners plus explicit single-policy Action Intent domain/runtime boundary; affected local matrices, source contracts and 300 unique method/path pairs PASS","Retain exact-candidate, deployed PostgreSQL/load/rollback and production operator-action evidence before I4; no second backend or big-bang split"
"REL","ARCH-003","P08","Separate large client screens from orchestration and data access","LOCALLY_PROVED","I3","WO-010B6/010J; Protection Center and the release-critical update flow have focused mutable/presentation owners with host data access and side effects injected; client analyze, 379/379 app-shell, boundary and cross-repo seed gates PASS","Retain exact-candidate Android/Windows installer, accessibility and public release-index evidence before I4"
"REL","LNX-001","P03","Build conditional Linux daemon and non-root UI beta lane","CURRENT_MAIN_NATIVE_PROVED_SOURCE_ONLY_CONDITIONAL","I3","WO-005G/WO-013AP/WO-013CS; client PR 28 head 646e944 resolves on current main and merges as 30ccf4f. Full client/seed/docs gates, Linux Flutter 4/4, runtime engine 70 plus one expected host skip and native Ubuntu 22.04 x86_64 gofmt/test/vet/build pass. Hosted zero-step run is SKIPPED_BY_OWNER. The source retains non-root UI, typed Unix-socket daemon, kernel peer credentials, polkit mutation boundary, bounded profile store, secret-free journal and exact Ubuntu 24.04 amd64 foundation row; candidate.10 is unchanged and contains no Linux","Implement live Core/TUN plus NetworkManager/resolved/nft rollback, suspend recovery, signed DEB and exact clean Ubuntu 24.04 desktop VM matrix before I4; Fedora/RPM remains backlog"
"REL","AND-003","P03","Replace MTU 9000 fallback with safe default and measured adaptation","LOCALLY_PROVED","I3","WO-005 005D1; managed/native integer MTU 1280..1500, default 1280, usable platform-interface ceiling; malformed/boundary JVM and Dart tests; Android JVM 147/147","Retain physical-network/PMTU, large-transfer, QUIC and exact-candidate evidence"
"REL","AND-004","P03","Replace raw Android bridge threads with structured lifecycle concurrency","LOCALLY_PROVED_EXACT_CANDIDATE6_LDPLAYER_FORCE_STOP","I3","WO-005 005D2 plus WO-013BP; generation-fenced lifecycle source tests remain. Exact signed candidate.6 LDPlayer service and TUN are observed before process force-stop; both are absent at one and five seconds, and relaunch is not protected with no service/TUN, proving bounded cleanup without false-green","Repeat process-kill/restart, network-switch endurance and cleanup on the physical exact candidate before I4"
"REL","AND-005","P03","Limit REQUEST_INSTALL_PACKAGES to direct Android flavor","LOCALLY_PROVED","I3","POKROV-app direct/store manifests and code; merged debug manifests; direct/store JVM 161/161","Repeat merged-manifest and install-path checks on exact release artifacts for I4"
"REL","WIN-004","P03","Create idempotent Windows shutdown and route/DNS rollback coordinator","CANDIDATE32_DISCONNECTED_FORCED_SERVICE_RECOVERY_PASS_CONNECTED_RECOVERY_OPEN","I3","WO-013GK proves exact candidate.32 in-place installation, ordinary IPC and managed reboot. WO-013GL then forcibly terminates the disconnected service process and observes automatic SCM recovery in 5,252 ms with 11/11 identity, clean journal and unchanged route/DNS contour; no manual restart is used. IPC contention, connected reboot/rollback and connected uninstall remain open.","Run successor candidate IPC contention plus connected default/AWG/Smart-DNS service termination, reboot/rollback and connected uninstall before advancing"
"REL","WIN-005","P03","Start Windows tray/UI without UAC or premature autoconnect","CANDIDATE32_CLEAN_AND_INPLACE_ORDINARY_UI_NO_PREMATURE_AUTOCONNECT_PASS_LOGIN_AUTOSTART_TIMING_OPEN","I3","WO-013GK proves ordinary UI/trusted IPC on the in-place state. WO-013GN repeats it after exact clean install: service runs before login, ordinary same-owner/session UI opens a main window without UAC, initialize remains disconnected and the network is unchanged. The launchAtLogin preference was not enabled, so its timing path is not claimed.","Enable launchAtLogin through the product preference and retain exact successor candidate login-startup/service-readiness timing; then repeat with delayed network availability before I4"
"REL","DOC-001","P01","Separate active readiness truth from immutable historical evidence","LOCALLY_PROVED","I3","WO-003G; eight current client readiness owners are registry-separated from six immutable EVIDENCE snapshots; platform beta and 2026-08-13 trackers are evidence-only; executable docs/seed/context gates PASS","Retain clean exact-candidate hosted/deployed readback before I4; historical evidence never authorizes new bytes"
"REL","REPO-001","P01","Remove tracked temporary files and separate source from signed release index","CANDIDATE33_SIGNED_INDEX_RECEIPT_PUBLIC_ASSETS_OPEN","I3","WO-013GT binds exact candidate.33 sources and six private artifacts to strict-v2 handoff 30d9d044, candidate-bound SBOM/provenance and trusted manifest/signature/receipt 5620c2f0/5115ab3c/f84843c8 from release-index source 63993fb. Promotion is false; OWNER_SOLO_EXCEPTION remains explicit, and no public asset, tag, Store object or stable pointer exists.","Retain six same-byte candidate.33 public asset digests, immutable public index readback and guarded rollback evidence before I4"
"REL","STATE-001","P02","Make green connection state require DNS and egress proof","LOCALLY_PROVED","I3","WO-004A; RuntimeSnapshot.isCleanlyHealthy; connection_experience_test 9 passed; client repository gate PASS","Retain native and exact-candidate proof in Phase 11"
"REL","OBS-001","P04","Unify correlation IDs, error taxonomy and redacted support evidence","LOCALLY_PROVED","I3","WO-006A through 006F; canonical correlation/error contracts; bounded runtime evidence; deterministic redacted encrypted-bundle boundary and exact preview; client/platform gates PASS","Retain local boundary while implementing case upload retention and exact-candidate I4 proof"
"REL","ABI-001","P02","Publish machine-readable app/core ABI contract and compatibility tests","LOCALLY_PROVED","I3","WO-004B/013I; Core config/abi-contract.json and additive event ABI are bound to exact Core source; the rebuilt 1.1.0 Windows DLL passes all 15 required exports and client descriptor/event/fail-closed tests; client runtime gate passes","Retain signed exact-candidate DLL descriptor/callback compatibility and installed-host proof in Phase 11"
"REL","UX-001","P02","Expose typed connecting, verifying, degraded, recovering and failed states","LOCALLY_PROVED","I3","WO-004A; sealed ConnectionExperienceState and ConnectionPresentation; app-shell 319 passed","Retain native and exact-candidate proof in Phase 11"
"REL","UX-002","P08","Keep runtime internals behind progressive diagnostic disclosure","LOCALLY_PROVED","I3","WO-010B6; Protection Center is summary-first and keeps tunnel/DNS/egress/routes live stats history and support diagnostics behind explicit detail/support disclosure; safe-copy and raw-diagnostic widget tests plus full app-shell regression pass","Retain exact-candidate accessibility/device evidence before I4"
"REL","PERF-001","P08","Version cold-start, connect, idle resource and API latency budgets","CANDIDATE32_SOURCE_BUDGETS_PASS_EXACT_DEVICE_ORIGIN_BASELINES_OPEN","I3","WO-013GA passes the candidate.32-bound source quality aggregate 15/15 with cabinet 69/69 and static budgets 9/9. WO-013GF binds those sources but performs no exact current/Brain origin or device performance measurement. Candidate.31 origin numbers remain predecessor history.","Capture successor candidate tunnel-free current origin plus comparable physical Android, Windows and browser cold-start/connect/frame/idle/battery/thermal baselines"
"REL","SEC-001","P03","Authenticate Windows IPC sender and typed protocol","CANDIDATE32_CLEAN_OWNER_MEDIUM_IPC_PASS_NONOWNER_ADMIN_MATRIX_OPEN","I3","WO-013GK proves ordinary owner status/initialize IPC after in-place replacement. WO-013GN repeats exact-source status/initialize and UI-attached status from the clean-installed owner account: SCM-bound IPC is available, trusted, compatible and accepted; the diagnostic is removed. Non-owner and elevated-admin denial/acceptance cases remain absent.","Retain actual SCM non-owner and elevated-admin IPC matrix for exact successor candidate before I4"
"REL","MIG-001","P02","Version and rollback-test saved session/config/update state migrations","LOCALLY_PROVED","I3","WO-004C; canonical persisted-state inventory; sanitized v0 fixtures; focused 90 pass; app shell 326 and Android JVM 146 pass","Retain physical-device upgrade/downgrade and exact-candidate rollback proof in Phase 11"
"REL_GATE","GATE-A","P01","Release-line security: branches, CI, payment fallback, manifest, clean-host proof, signing","CANDIDATE33_WIN_001_PASS_AGGREGATE_NOT_RUN","I1","WO-013GT binds valid candidate.33 signed supply and exact WIN-001 PASS. The full candidate.33 Gate A and mandatory STOP-SHIP aggregate has not yet been replayed; three hosted jobs are zero-step access-blocked, and physical Android, trusted Windows signing plus final live aggregate remain non-PASS.","Replay candidate.33 source-owned STOP-SHIP and Gate A, retain the hosted-access blocker honestly and complete remaining live/manual boundaries before any aggregate PASS"
"REL_GATE","GATE-B","P02","State control: typed state, shutdown/recovery, diagnostics and false-green tests","CANDIDATE32_EXACT_SOURCE_STATE_PASS_MANAGED_RUNTIME_PHYSICAL_OPEN","I3","WO-013GG passes exact candidate.32 platform state/diagnostics 70/70, focused client 111/111 and full widgets 413/413 with zero source failures. Non-elevated installer fail-closed remains supplemental; connected Windows recovery and physical-device false-green boundaries stay open.","Run successor candidate elevated managed Windows state/recovery and physical Android external leak/device slices before I4"
"REL_GATE","GATE-C","P03","Platform implementations: Windows, Android, conditional Linux and core matrix","CANDIDATE32_EXACT_SOURCE_AND_SIGNED_PACKAGES_PASS_PLATFORM_RUNTIME_OPEN","I3","WO-013GG binds exact source quality 15/15 and signed packages to candidate.32; WO-013GF retains VM identity and non-elevated fail-closed. Elevated Windows lifecycle, Windows 10/SmartScreen/sleep/IPv6, physical Android, Store delivery and conditional Linux packaging remain open.","Run exact successor candidate elevated Windows install/upgrade and managed lifecycle, then physical Android AWG/Smart-DNS/device matrices"
"REL_GATE","GATE-D","P05","Server decomposition: payments, HTTP, DB, outbox and bounded routers/services","CANDIDATE32_EXACT_SOURCE_PAYMENT_OUTBOX_POLICY_PASS_PROVIDER_RUNTIME_OPEN","I3","WO-013GG passes exact platform payment/provider/callback/HTTP/DB/outbox/module tests 196/196 plus 12 subtests and Action Intent/policy 25/25. No provider order, production PostgreSQL/outbox delivery/reconciliation/reversal or real Operator rollback ran.","Run a minimal authorized successor candidate provider E2E and redacted deployed PostgreSQL/outbox/reconciliation/runtime-rollback matrix before I4"
"REL_GATE","GATE-E","P08","Truth-first UX, diagnostics, accessibility and performance budgets","CANDIDATE32_EXACT_LOCAL_QUALITY_PASS_DEVICE_ORIGIN_GATES_OPEN","I3","WO-013GG passes exact candidate.32 local quality 15/15, client 413/413, cabinet 69/69, Admin v2 SDK 75/75, static performance 9/9 and dependency audits 0/0/0. Authenticated journeys, physical accessibility/OEM/scaling, comparable performance, support and named origins remain non-PASS.","Run successor candidate origins, authenticated journeys and physical Android/Windows accessibility, comparable performance, support and RU-origin gates"
"REL_GATE","GATE-F","P11","Exact RC migrations, chaos/security, signed artifacts, rollback and manifest-derived docs","CANDIDATE33_GATE_F_BLOCKED_2_17_0","I3","WO-013GT validates candidate.33 signed identity, exact four-source tuple and all 19 evidence pointers with zero validation errors. Signed supply and release docs pass; exact decision is BLOCKED 2 PASS / 17 non-PASS / 0 FAIL. Exact WIN-001 passes separately, but the full Gates A-E and mandatory STOP-SHIP aggregates are NOT_RUN.","Close candidate.33 exact Gates A-E, devices, network, origins, rollback, approvals, performance and final rows; regenerate Gate F and prohibit Gate G until exact GO"
"REL_DOD","DOD-01","P11","All STOP-SHIP defects have permanent regression tests","CANDIDATE32_SIGNED_SUPPLY_AND_LOCAL_REGRESSIONS_PASS_LIVE_AGGREGATE_OPEN","I3","WO-013GA/013GF bind candidate.32 to the complete local quality and signed supply contours. Exact Windows non-elevated fail-closed passes; elevated/managed Windows, physical Android and final live no-open-P0/false-green/privacy attestation remain open.","Retain successor candidate exact installed-device matrices and final live aggregate attestation before I4; accepted solo branch policy is not technical PASS"
"REL_DOD","DOD-02","P01","All components bind to a signed release manifest","CANDIDATE32_SIGNED_SUPPLY_ANDROID_STATIC_PASS_RUNTIME_PUBLIC_OPEN","I2","WO-013GF binds candidate.32 platform/client/Core/release-index sources and six exact artifacts to strict-v2 handoff df85e2ee, SBOM 5ddf2a96, provenance 4785cd00 and trusted release-index manifest/signature/receipt b15938e1/e63d8ee3/7bfaf81f; promotion_authorized=false. WO-013GH independently validates all four APK signatures, alignment, package/version/ABI identity and the AAB bundle/certificate against those signed bytes. Windows managed runtime, installed Android identity/runtime and public same-byte readback remain absent.","Prove successor candidate installed Android and managed Windows runtime, then retain six same-byte public asset digests before I3/I4"
"REL_DOD","DOD-03","P02","App/core/portal compatibility is automatically checked","CANDIDATE32_EXACT_SOURCE_AND_SIGNED_CONTRACTS_PASS","I3","WO-013GF binds exact candidate.32 platform/client/Core/release-index revisions, strict-v2 handoff, candidate-specific SBOM/provenance and trusted signature. WO-013GA/013GC/013GD retain the exact bound-source local build and contract passes.","Retain the same exact-candidate contract after public promotion before I4/I5; source checks do not replace physical runtime"
"REL_DOD","DOD-04","P11","Windows TUN, DNS and rollback pass clean-host matrix","CANDIDATE32_CLEAN_INSTALL_BOOT_UI_IPC_AND_DISCONNECTED_RECOVERY_PASS_CONNECTED_MATRIX_OPEN","I4","WO-013GK proves in-place/reboot, WO-013GL disconnected forced-service recovery, WO-013GM exact clean install, and WO-013GN clean-snapshot boot-before-login plus ordinary UI/IPC/initialize with unchanged disconnected network. Connected TUN/DNS/egress, rollback, sleep and uninstall remain open.","Run successor candidate managed default/AWG/Smart-DNS connected recovery/uninstall, Windows 10, sleep, IPv6/leak and clean restoration"
"REL_DOD","DOD-05","P03","Android direct/store builds have distinct permissions and update paths","CANDIDATE32_SIGNED_DIRECT_STORE_STATIC_SEPARATION_PASS_RUNTIME_UPDATE_MATRIX_OPEN","I3","WO-013GF binds five production-signed candidate.32 Android outputs with one certificate lineage. WO-013GH independently validates all four APKs and the AAB, then proves the signed direct APK alone contains REQUEST_INSTALL_PACKAGES plus a non-exported URI-grant update FileProvider while the Store AAB contains none of that direct-update surface; focused direct/store source contracts pass 10/10. Installed Android runtime, Play-managed update and physical direct-installer permission/retained-settings upgrade remain open.","Retain exact successor candidate installed-byte identity and launch, Play-managed update and physical direct-installer permission/retained-settings upgrade evidence before I4"
"REL_DOD","DOD-06","P03","Linux beta has daemon, non-root UI, signed package and basic matrix","IMPLEMENTED_PARTIAL_AUTH_TRACE_SOURCE_RUNTIME_OPEN","I2","WO-005G/013DJ/013EF; daemon, non-root UI, typed authenticated IPC, polkit policy, systemd units and native journald delivery/fallback exist. Client main eceb130 adds one closed peer-credential/polkit-D-Bus authorization event per mutation plus bounded read/auth/write deadlines; PR run 33544192198 passes the real Ubuntu Linux daemon step. Live connect remains fail-closed; no signed package or clean desktop-session proof exists. Candidate.20 excludes Linux","Keep Linux outside 1.2.0; complete Core/TUN plus NetworkManager/resolved/nft lifecycle, signed DEB and clean Ubuntu desktop matrix including allow/deny/dismiss/no-agent/timeout journald readback only in its separate beta lane"
"REL_DOD","DOD-07","P02","Green state requires DNS and egress proof","LOCALLY_PROVED_CANDIDATE16_DEFAULT_PASS_LAB_FALSE_GREEN_BLOCKED","I3","WO-013B source contract requires DNS, host/uplink and egress proof before green. WO-013DE observes exact default success. WO-013DF observes both AWG labs reach tunnel/DNS/routes but fail egress; the UI stays non-green and removes the VPN, proving fail-closed behavior","Resolve lab egress and repeat forced DNS/egress failure/recovery on exact Android and Windows before I4"
"REL_DOD","DOD-08","P05","Payment fulfillment is idempotent and uses immutable local order","CANDIDATE32_SOURCE_BOUND_PROVIDER_RUNTIME_OPEN","I3","WO-013GF binds candidate.32 platform source and exact local release contracts. Earlier payment/provider/callback/HTTP/DB/outbox suites remain source evidence; no real provider or production worker ran for candidate.32.","Retain successor candidate production provider/callback/worker/reconciliation evidence before I4"
"REL_DOD","DOD-09","P01","Branch protection and required checks are active","OWNER_SOLO_EFFECTIVE_PROMOTION_CONTROLS_PROVED","I3","WO-013O/013P authenticated read-only GitHub API: Core main retains five strict app-bound checks, signatures, admins, linear history, conversation resolution and force/deletion bans; paid private platform/client protection remains BLOCKED_BY_ACCESS, while the authorized owner-solo compensation binds exact PR heads and successful GitHub App checks 2/2, 1/1 and 5/5 before PR-only signed merges; complete live readback passes owner-solo controls 3/3 without claiming independent review","Repeat exact candidate and stable-promotion controls for the immutable candidate; no source-only control proves signing, device, origin or production readiness"
"REL_DOD","DOD-10","P02","Core passes platform builds, ABI and security checks","CANDIDATE_SOURCE_PLATFORM_ABI_SECURITY_PROVED_CI_CONTROL_RECONCILED","I3","WO-006C/013I/013P/013AA; signed candidate Core 344b317a7a09eca7943a93866b193553538bd8f6 run 32944235783 retains SUCCESS for test/vet/race/reachable govulncheck/staticcheck/fuzz/SBOM, byte-identical Android and Windows builds, four Android ABIs, 15 DLL exports, 100-cycle backtest and Apple source build; its aggregate remains red because the old release-contract checkout omitted client Git LFS; product-identical workflow-only fix 9b94e0bda7e454536e8fa9b4519f2281211798e0 passes all five PR and post-merge jobs including bound-source materialization","Retain physical Android/Windows exact-candidate runtime, origin and public same-byte promotion evidence before I4; never relabel red run 32944235783 as aggregate PASS"
"REL_DOD","DOD-11","P02","State migrations 1.1.x to 1.2.0 and rollback are tested","CANDIDATE32_PUBLIC116_PACKAGE_AND_ORDINARY_RUNTIME_MIGRATION_PASS_SAVED_STATE_ANDROID_AND_ROLLBACK_OPEN","I3","WO-013GO proves exact public 1.1.6+29 ordinary per-user package to candidate.32 1.2.0+4053 machine/service migration and legacy cleanup. WO-013GP then proves ordinary migrated-state UI/trusted IPC and disconnected initialization. The public app was not used to create account/profile state, so saved-state compatibility, Android upgrade/downgrade and guarded runtime rollback remain open.","Run saved-state fixtures, production-signed physical Android upgrade/downgrade and guarded runtime rollback before I4"
"REL_DOD","DOD-12","P04","Support bundle is redacted and reproducible","CANDIDATE21_STATIC_PRIVACY_HISTORY_CANDIDATE32_PHYSICAL_UPLOAD_OPEN","I3","WO-006F establishes deterministic canonical manifest/hashes and encryption-only output. WO-013EQ/013EP retain candidate.21 source, bundle and bounded six-artifact static-privacy proof as predecessor history. WO-013GG passes candidate.32 exact-source observability/support contracts within its 70/70 platform slice, but no candidate.32 physical bundle, artifact privacy replay, production encryption/upload/ingest or live no-plaintext result exists.","Retain exact physical successor candidate bundle generation plus candidate-bound privacy replay, production key, encrypted upload/ingest and live no-plaintext evidence before I4"
"REL_DOD","DOD-13","P08","Performance baselines exist without stop regressions","CANDIDATE32_SOURCE_PERFORMANCE_BUDGETS_PASS_DEVICE_BASELINES_OPEN","I1","WO-013GA passes candidate.32-bound source performance budgets 9/9. WO-013GF performs exact VM identity/non-elevated validation only. Candidate.32 cold-start/connect/frame, physical Android, Windows, battery/thermal, comparable hardware/browser and post-promotion baselines remain absent.","Capture comparable successor candidate physical Android/Windows cold-start/connect/frame/idle, battery/thermal and browser-lab baselines"
"REL_DOD","DOD-14","P08","Accessibility smoke suite passes","CANDIDATE32_AUTOMATED_COVERAGE_PASS_MANUAL_DEVICE_OPEN","I3","WO-013GA binds the passing client/cabinet automated contours to candidate.32 source and WO-013GF signs that source. No candidate.32 physical assistive-technology run occurred.","Run TalkBack, Narrator, OS zoom/scaling and successor candidate manual accessibility matrix before I4"
"REL_DOD","DOD-15","P11","Stable artifacts are signed, have SBOM/provenance and are not rebuilt on promotion","CANDIDATE32_SIGNED_SUPPLY_ANDROID_STATIC_PASS_PUBLIC_PROMOTION_OPEN","I2","WO-013GF binds exact candidate.32 bytes to strict-v2 handoff df85e2ee, SBOM 5ddf2a96, provenance 4785cd00 and trusted release-index manifest/signature/receipt b15938e1/e63d8ee3/7bfaf81f with rebuild=false and promotion_authorized=false. WO-013GH independently revalidates all five Android size/SHA/signer bindings, four APKs and the AAB bundle structure. Trusted Windows signing, installed Android/runtime, named-origin/manual/runtime rollback gates, six public assets and same-byte promotion remain absent.","Close successor candidate device/Windows/origin/runtime gates and retain same-byte public asset/promotion proof before I3/I4/I5; provision trusted signing before any trusted, Store or broad-stable Windows claim"
"REL_DOD","DOD-16","P01","Release notes and UI version derive from one manifest","LOCALLY_PROVED","I3","WO-003F; strict v2 requires version-matched bounded notes; client generator validates package/UI version parity; runtime/API project the same version/notes to client update prompt and cabinet; platform 57/57, client contract 15/15, widget 1/1, API 6/6, cabinet 67/67 PASS","Retain exact-candidate hosted CI, signed artifact identity and deployed client/cabinet readback before I4"
"REL_DOD","DOD-17","P11","Linux and Android OEM limitations are explicit","CANDIDATE21_LIMITATIONS_HISTORY_CANDIDATE32_PHYSICAL_OEM_OPEN","I3","WO-013C defines the structured limitations; WO-013EA/013EH retain predecessor limitation history. The current candidate.32 authority in WO-013GF/013GG keeps Linux unshipped and physical Android Wi-Fi/Beeline, Doze/OEM, Private DNS, leak and endurance explicit non-PASS gates. No candidate.32 physical OEM result is claimed.","Retain the exact successor candidate physical Android OEM, network, Private DNS, leak and endurance matrix before I4"
"REL_DOD","DOD-18","P11","Portal and client-channel rollback drill is retained","CANDIDATE32_EXACT_LOCAL_ROLLBACK_PASS_RUNTIME_OPEN","I3","WO-013GG drives exact signed candidate.32 through isolated 1.1.6 -> 1.2.0 -> 1.1.6 portal/client pointer mechanisms; both restore byte-identically and preserve unrelated state. Runtime pointer/kill rollback and current/Brain post-rollback readback remain unrun.","Run separately authorized successor candidate runtime pointer/kill rollback with external backup, receipt, current/Brain readback and post-rollback health before I4"
"REL_DOD","DOD-19","P01","Active readiness documents do not mix current and historical status","LOCALLY_PROVED","I3","WO-003G; eight active client readiness owners carry current 1.1.6/1.2.0 truth; six prior bodies are retained as EVIDENCE; platform beta/2026-08-13 trackers are evidence-only; client docs/seed and platform docs/context gates PASS","Retain clean exact-candidate hosted/deployed readback before I4; historical evidence never authorizes new bytes"
"REL_DOD","DOD-20","P11","Final go/no-go is evidence-based","CANDIDATE32_GATE_F_NO_GO_2_17_2","I3","WO-013GQ emits candidate.32 Gate F at NO_GO 2 PASS / 17 non-PASS / 2 FAIL with candidate validation PASS and zero pointer errors. Exact WIN-001 focus fails; promotion_authorized=false and no deploy, public release, Store object or stable state exists.","Keep candidate.32 immutable; only a newly numbered corrected candidate with exact Gate F GO can permit separately authorized Gate G"
"OBS","OBS-001","P04","Approve observability ADR and four data modes","LOCALLY_PROVED","I3","WO-006A; shared/contracts/observability/README.md; docs registry/contracts tests PASS","Retain four-mode boundary while implementing 006B-006H"
"OBS","OBS-002","P04","Create observability-event.schema.json","LOCALLY_PROVED","I3","WO-006A; closed event schema; validator planted-field and event fixture tests 16/16 PASS","Consume through typed 006B/006C producers without widening fields"
"OBS","OBS-003","P04","Create versioned error-catalog.json","LOCALLY_PROVED","I3","WO-006A; version 1.2.0 catalog with 117 unique codes and all 29 required families; tests PASS","Map producers to canonical codes in 006B-006E"
"OBS","OBS-004","P04","Bind schema and catalog hashes into release manifest","LOCALLY_PROVED","I3","WO-006A; release-handoff v2 JSON Schema and semantic validator require canonical hashes; client generator derives them; cross-repo parity PASS","Retain exact hashes in future candidate metadata; I4 requires exact candidate"
"OBS","OBS-005","P04","Block raw print, arbitrary logcat and secret interpolation","CANDIDATE21_STATIC_PRIVACY_HISTORY_CANDIDATE32_RUNTIME_OPEN","I3","WO-006/006B establish the source contract. WO-013EQ/013EP retain candidate.21 release-logging and bounded static-artifact privacy proof as predecessor history. WO-013GG passes candidate.32 exact-source observability contracts, but no candidate.32 physical runtime journal, bundle or artifact privacy replay exists.","Retain successor candidate physical Android/Windows runtime journal, bundle and candidate-bound privacy replay before I4; source/static inspection is not runtime proof"
"OBS","OBS-006","P04","Block Authorization, Cookie and body logging","CANDIDATE21_STATIC_PRIVACY_HISTORY_CANDIDATE32_RUNTIME_INGEST_OPEN","I3","WO-006/006B establish the pipeline contract. WO-013EQ/013EP retain candidate.21 rejection and bounded six-artifact static-privacy proof as predecessor history. WO-013GG passes candidate.32 exact-source observability/support contracts, but no candidate.32 physical runtime, artifact privacy replay or deployed-ingest result exists.","Retain successor candidate deployed ingest, physical Android/Windows runtime and candidate-bound privacy replay before I4; preserve the bounded Windows installer/staging limitation"
"OBS","OBS-007","P04","Replace raw core lines with structured callback","LOCALLY_PROVED","I3","WO-006C; Core event ABI 1 callback/gomobile handler emits closed lifecycle and egress events; Android release discards arbitrary upstream debug lines; Windows protected journal accepts only strict event records; planted raw corpus and host tests PASS","Retain exact-candidate runtime evidence; debug/support redaction expansion remains later WO-006 slices"
"OBS","OBS-008","P04","Propagate correlation hierarchy app to portal","LOCALLY_PROVED","I3","WO-006 006C-006E closures; active app-first requests emit canonical X-Correlation-ID; platform 41/41 and client exact transport test PASS","Retain exact-candidate cross-process/request evidence in WO-013"
"OBS","OBS-009","P04","Guard stale callbacks with generation and sequence","LOCALLY_PROVED","I3","WO-006 006B closure; OperationalSequenceFence generation/sequence regression 13/13","Instrument phase producers in 006E and retain exact-candidate stale-callback proof"
"OBS","OBS-010","P04","Run planted-secret regression corpus","CANDIDATE21_CORPUS_STATIC_HISTORY_CANDIDATE32_RUNTIME_OPEN","I3","WO-006/006B/006F establish the corpus. WO-013EQ/013EP retain candidate.21 planted-secret, generated-redaction and bounded static-artifact proof as predecessor history. WO-013GG passes candidate.32 exact-source observability contracts, but no candidate.32 physical or deployed-ingest corpus replay exists.","Retain exact physical successor candidate and deployed-ingest corpus evidence before I4; source/static coverage does not replace the live aggregate attestation"
"OBS","OBS-011","P04","Create observability_contracts package","LOCALLY_PROVED","I3","WO-006A; client typed package/snapshot and Core snapshot; Flutter 3/3, Core gate and cross-repo parity PASS","Use package from observability_runtime and host adapters in 006B/006C"
"OBS","OBS-012","P04","Create observability_runtime queue, sinks, rotation and backpressure","LOCALLY_PROVED","I3","WO-006 006B closure; pure-Dart observability_runtime package analyze PASS and 13/13 tests; workspace gate adoption","Wire Core/host/portal producers in 006C-006E"
"OBS","OBS-013","P04","Create isolated diagnostics collectors and rules","LOCALLY_PROVED","I3","WO-013B; diagnostics_collectors analyze PASS and full 6/6 tests PASS; collectors remain isolated from transport/runtime ownership","Retain exact-candidate connection-fault and device proof in WO-013E"
"OBS","OBS-014","P04","Create deterministic support_bundle package","LOCALLY_PROVED","I3","WO-006F; packages/diagnostics_collectors; packages/support_bundle; 15 focused tests and analyzers PASS","Integrate only through signed-key encrypted upload in WO-006G"
"OBS","OBS-015","P04","Create encrypted resumable support_upload package","LOCALLY_PROVED","I3","WO-006 006G closure; encrypted private client outbox plus case-bound ticket, authoritative resume offset, replay/conflict and offline-retry tests; platform/client focused and canonical gates PASS","Retain exact deployed object-storage, key-custody and successful real-upload evidence before I4"
"OBS","OBS-016","P04","Instrument bootstrap phases and spans","LOCALLY_PROVED","I3","WO-006 006E closure; pre-runApp initialize and post-frame UI-ready events; runtime/app-shell tests 20/20 and 329/329","Retain exact-candidate startup/crash timing in WO-013"
"OBS","OBS-017","P04","Instrument connection reducer transitions","LOCALLY_PROVED","I3","WO-006 006E closure; generation-fenced canonical reducer drives profile/Core/TUN/routes/DNS/egress/verified/rollback/stopped timeline","Retain physical-host attempt evidence in WO-013"
"OBS","OBS-018","P04","Record phase durations and proof outcomes","LOCALLY_PROVED","I3","WO-006 006E closure; bounded duration_ms and explicit DNS/egress/host proof or missing-proof facts; false-green regression PASS","Measure exact-candidate overhead and retain device evidence in WO-013"
"OBS","OBS-019","P04","Keep safe in-memory breadcrumb ring","LOCALLY_PROVED","I3","WO-006 006B/006E closures; bounded priority rings feed safe previous-exit recovery; runtime 20/20 PASS","Retain exact-candidate crash survival evidence in WO-013"
"OBS","OBS-020","P04","Record previous exit and crash marker","LOCALLY_PROVED","I3","WO-006 006E closure; atomic versioned marker with clean/unclean/crash/corrupt states and synchronous sanitized crash write; source tests PASS","Retain real crash/relaunch proof for exact candidate in WO-013"
"OBS","OBS-021","P04","Bound Android rotation to 24 MB","LOCALLY_PROVED","I3","WO-006 006B closure; exact Android 24 MiB policy and two-generation rotation regression 13/13","Retain physical-device cap and crash evidence in WO-013"
"OBS","OBS-022","P04","Bound Windows/Linux rotation to 64 MB","LOCALLY_PROVED","I3","WO-006 006B closure; exact Windows 64 MiB policy and two-generation rotation regression 13/13; Linux not shipped","Retain clean-VM Windows cap evidence; Linux remains inactive"
"OBS","OBS-023","P04","Use non-blocking batching","LOCALLY_PROVED","I3","WO-006 006B closure; blocked-writer connect-loop and single-writer batched-drain regression 13/13","Measure exact-candidate latency/overhead in WO-013"
"OBS","OBS-024","P04","Use priority-aware dropping","LOCALLY_PROVED","I3","WO-006 006B closure; fatal/security eviction and lower-priority drop-order regression 13/13","Retain saturation evidence for exact candidate"
"OBS","OBS-025","P04","Expose pipeline health metrics","LOCALLY_PROVED","I3","WO-006 006B closure; queue depth/bytes/drop/serialize/write/rotation health metrics and failure regression 13/13","Expose bounded support/operator projection in 006F/006H"
"OBS","OBS-026","P04","Enforce field-level privacy class","LOCALLY_PROVED","I3","WO-006 006B closure; closed privacy modes and per-key type/range/mode validation; 13/13 tests","Apply to Core/portal adapters in 006C/006D"
"OBS","OBS-027","P04","Sanitize paths and local identity","LOCALLY_PROVED","I3","WO-006 006B closure; bounded path/local-identity sanitizers and planted-secret serialization guard 13/13","Apply in diagnostics collectors and bundle inventory in 006F"
"OBS","OBS-028","P04","Remove destinations and URLs from runtime logs","LOCALLY_PROVED","I3","WO-006 006B closure; closed schema has no URL/destination fields; raw release sinks removed and gated; legacy translation allowlisted","Repeat against Core callback and support bundle bytes in 006C/006F"
"OBS","OBS-029","P04","Keep only per-app routing counts remotely","LOCALLY_PROVED_EXACT_CANDIDATE6_COUNT_ONLY_RUNTIME","I3","WO-006J plus WO-013BP; strict source/ingest tests remain. Exact signed candidate.6 LDPlayer selected/excluded-app runs retain only selected_app_count values 0/1 in the bounded operational journal; the selected package identifier is absent from both client and Android private journals","Retain physical exact-candidate runtime plus deployed ingest/operator count-only readback before I4"
"OBS","OBS-030","P04","Generate safe config fingerprint","LOCALLY_PROVED","I3","WO-006 006B closure; canonical order-independent SHA-256 fingerprint never returns source; 13/13 tests","Instrument managed-profile phase in 006E"
"OBS","OBS-031","P03","Separate Windows UI and privileged service logs","LOCALLY_PROVED","I3","WO-005 005C3; protected POKROV_SERVICE_EVENT_V1 service-events.v1 log distinct from user runtime journal; bounded async queue, two-file 256 KiB rotation, forbidden-field native test; CTest 6/6","Retain exact-candidate ACL, rotation and support-collection boundary proof; broader pipeline remains WO-006"
"OBS","OBS-032","P03","Trace Windows IPC request and response spans","LOCALLY_PROVED","I3","WO-005 005C3; closed request/response command-status-correlation spans after caller authorization; no body, session token or nonce field; Debug build, CTest 6/6 and Flutter source contract PASS","Retain installed-service owner/admin/non-owner and exact-candidate correlation evidence"
"OBS","OBS-033","P03","Record Windows SCM and service lifecycle","LOCALLY_PROVED","I3","WO-005 005C3; closed start/running/stop/shutdown/preshutdown/stopped service events; non-blocking producer and drained background sink; strict Debug build and source contracts PASS","Retain actual SCM install/start/stop/shutdown/upgrade/uninstall evidence for exact candidate"
"OBS","OBS-034","P03","Record Wintun, adapter, route and DNS stages","LOCALLY_PROVED","I3","WO-005 005C3; runtime emits closed snapshot/Core/Wintun/adapter/route/DNS/egress/commit/rollback outcomes; fake-sink lifecycle test and bounded journal test; CTest 6/6","Retain live exact-candidate stage ordering against real rebuilt Core DLL and network state"
"OBS","OBS-035","P03","Use safe stack-only Windows crash profile","LOCALLY_PROVED","I3","WO-005C4; native UI/service POKROV_WINDOWS_CRASH_V1 retains exception code plus at most 32 allowlisted module-relative RVAs in separate protected current/previous files; no full dump, symbols, paths, absolute addresses, registers or exception text; Debug build and CTest 7/7, Release build and focused CTest 1/1, Flutter 21/21, analyze and seed PASS","Retain controlled exact-candidate UI/service crash, DACL/rotation, SCM recovery and support-bundle readback before I4"
"OBS","OBS-036","P03","Record sleep, resume and reboot breadcrumbs","CANDIDATE32_REBOOT_SLEEP_RUNTIME_NOT_RUN","I3","WO-013GF proves exact candidate.32 VM identity and non-elevated fail-closed only. Candidate.31 connected reboot and older breadcrumb evidence remain predecessor history; candidate.32 reboot, sleep/resume and crash breadcrumbs are not run.","After exact successor candidate install, retain connected reboot, physical sleep/resume and crash-recovery breadcrumbs on capable devices"
"OBS","OBS-037","P03","Keep Android release logs in app-private storage","LOCALLY_PROVED","I3","WO-005D4; app-private no-backup JSONL journal uses a closed schema, bounded 256-entry queue and current/previous 256 KiB files; direct/store JVM 172/172 and debug builds PASS","Retain exact-device file mode, rotation, process-death and support-export readback against the signed candidate before I4"
"OBS","OBS-038","P03","Record VpnService lifecycle and permission events","LOCALLY_PROVED","I3","WO-005D4; closed VPN service lifecycle plus VPN/notification permission outcomes are wired with optional positive session generation and no free-form payload; direct/store JVM 172/172 PASS","Exercise grant/deny/revoke/restart paths on exact candidate devices before I4"
"OBS","OBS-039","P03","Record NetworkCallback, Doze and standby diagnostics","LOCALLY_PROVED","I3","WO-005D4; rate-limited closed NetworkCallback, Doze, app-standby and background-restriction producers write only enum outcomes; direct/store JVM 172/172 PASS","Retain Wi-Fi/LTE, Doze, standby and process-lifecycle delivery on exact candidate devices before I4"
"OBS","OBS-040","P03","Use core/TUN counters instead of Android UID-wide counters","LOCALLY_PROVED","I3","WO-005 005D2; Libbox CommandStatus traffic capability and Core uplink/downlink totals feed a session-generation bridge; UID TrafficStats absent; reset/overflow/unavailable tests; Android JVM 155/155 and runtime-engine 52/52 PASS","Retain endurance, reset-after-real-Core-restart and exact-candidate support/observability evidence for I4"
"OBS","OBS-041","P03","Add Android ANR/watchdog breadcrumbs","LOCALLY_PROVED","I3","WO-005D4; process main-thread heartbeat emits a rate-limited closed stalled breadcrumb from a bounded background checker and has no stack/message field; watchdog policy tests PASS in both flavors","Run controlled exact-candidate ANR/hang injection and confirm device journal delivery, recovery and overhead before I4"
"OBS","OBS-042","P03","Record updater identity events for direct flavor","LOCALLY_PROVED","I3","WO-005D4; direct APK identity policy emits only verified/rejected after package/version/SDK/ABI/signer-lineage evaluation; handoff is a separate closed enum and store has no APK identity path; both flavor suites/builds PASS","Retain exact signed upgrade, rejected hostile APK and installer-permission device evidence before I4"
"OBS","OBS-043","P03","Emit structured Linux daemon journald events","NATIVE_JOURNAL_PROVEN_SUCCESSOR_SOURCE","I3","WO-005G/013AP/013CS/013DJ; client PR 47 merge 6470d76 retains the closed pokrov-linux-operational-v1 envelope and adds native Unix-datagram plus real missing-socket fallback tests. Exact Linux/ARM64 test binary 87607b7... passes on the owned Raspberry Pi 4 and sanitized journalctl readback confirms the expected safe fields through transport=journal; full client gate passes. Candidate.16 remains unchanged and has no Linux artifact","Retain exact signed-package Ubuntu 24.04 install/socket-activation/service lifecycle plus bounded journald retention/rotation and clean-host rollback before I4; implement real Linux network transactions separately under OBS-045"
"OBS","OBS-044","P03","Trace Linux D-Bus and polkit","CLIENT_MAIN_BOUNDED_POLKIT_DBUS_TRACE_SOURCE_PROVED_DESKTOP_READBACK_OPEN","I2","WO-005G/013EF; client main eceb130 preserves the exact pid/start-time/uid pkcheck subject and adds closed peer_credential/polkit_dbus decisions for allow, deny, missing agent, dismissed prompt, timeout, unavailable and invalid subject. Every mutation emits one validated authorization journal event without peer identity, action detail or command output; callers retain the generic fail-closed error. PR run 33544192198 passes the real Ubuntu Linux step; no clean desktop-session D-Bus/journald readback exists","Retain clean Ubuntu desktop-session allow/deny/dismiss/no-agent/timeout journald readback, then package and repeat the audit path before I3/I4"
"OBS","OBS-045","P03","Record NetworkManager, resolved and nft transactions","HOSTED_UBUNTU_TESTED_DORMANT_PARTICIPANTS","I2","WO-005G/WO-013AP/WO-013CS/WO-013EG; client PR 58 source 9fa8c76, merged as 7ae2427, adds a dormant closed transaction plan plus real NetworkManager D-Bus checkpoint/rollback, per-link resolved apply/revert and a dedicated atomic inet pokrov nft table. Fixed stage order, partial-apply reverse rollback, rollback continuation/retry, command allowlisting/timeouts/output bounds and injected faults pass on hosted Ubuntu. Product connect remains unavailable and no native network mutation or restoration was run","Bind the exact Linux Core/TUN interface, routing mark and DNS plan to the transaction with durable restart/suspend recovery; then retain clean Ubuntu 24.04 D-Bus/journald plus route/DNS/nft apply, partial-fault and exact restoration evidence before I3/I4"
"OBS","OBS-046","P03","Export sanitized daemon slice to Linux UI","LOCALLY_PROVED_SOURCE_ONLY","I3","WO-005G; bounded protocol exports only closed snapshot/stack/diagnostic fields, Dart validates protocol/request identity and maps allowlisted failure/message values into the non-root UI; runtime-engine and Linux shell tests pass","Retain exact signed-package daemon/UI socket readback and hostile-response matrix on clean Linux before I4"
"OBS","OBS-047","P02","Define core event ABI v3","LOCALLY_PROVED_RECONCILED","I3","WO-006C; audit-proposed ABI v3 rejected by current authority; additive Core event ABI 1 on desktop ABI 2 is machine-owned, bounded, non-blocking and fail-closed; AAR/DLL builds and callback smoke PASS","Any future desktop ABI 3 needs a separate binding and compatibility decision"
"OBS","OBS-048","P02","Normalize third-party errors","LOCALLY_PROVED","I3","WO-006C; Core start/initialize/stop/egress failures cross host boundaries only as closed CORE/EGRESS catalog codes; raw upstream errors stay internal; planted hostile corpus PASS","Extend code coverage phase-by-phase in WO-006E without reintroducing raw UI strings"
"OBS","OBS-049","P02","Propagate core_run_id and attempt_id","LOCALLY_PROVED","I3","WO-006C; Core event ABI carries run/attempt/generation/sequence; Android and Windows fences reject stale run, attempt, generation and duplicate/late sequence; reordered tests PASS","Retain exact-candidate reconnect evidence"
"OBS","OBS-050","P02","Classify safe transport failures","LOCALLY_PROVED","I3","WO-006I; TRANSPORT-001..004 separately classify typed/string timeout, refusal, authentication and protocol negotiation; Core event ABI plus Dart/Android/Windows allowlists pass; raw URL/secret-like material remains rejected; catalog parity is exact across platform/client/Core","Retain exact-candidate Android/Windows runtime observations for all four classes and operator-action readback before I4"
"OBS","OBS-051","P04","Add portal request/correlation middleware","LOCALLY_PROVED","I3","WO-006 006D closure; safe client UUIDv4 replacement; distinct server request UUIDv4; success/auth/error headers and CORS; focused 25/25 PASS","Retain exact deployed request/header observation before I4"
"OBS","OBS-052","P04","Map portal exceptions to error catalog","LOCALLY_PROVED","I3","WO-006 006D closure; unhandled API-007 and ingest API-008/API-009 mapping; planted exception absent from response/log; focused 25/25 PASS","Retain deployed error-path observation and client recovery behavior before I4"
"OBS","OBS-053","P04","Add bounded batch telemetry endpoint","LOCALLY_PROVED","I3","WO-006 006D closure; authenticated 100-event 256-KiB/64-KiB-gzip boundary; closed projection; idempotency/conflict; quarantine counters; 157/157 owner regression PASS","Wire active-client aggregate sink in 006E; retain hosted load/rate/storage evidence before I4"
"OBS","OBS-054","P04","Make support-case creation idempotent","LOCALLY_PROVED","I3","WO-006 006G closure; canonical-owner or anonymous-nonce binding, existing-ticket reuse, unique conflict recovery and retry tests PASS","Retain exact deployed persistence and real retry evidence before I4"
"OBS","OBS-055","P04","Issue signed upload tickets bound to case, size, checksum and TTL","LOCALLY_PROVED","I3","WO-006 006G closure; HMAC ticket binds owner, case, upload, bundle, bytes, SHA-256, MIME and bounded expiry; expired/replay/conflict tests PASS","Retain production secret custody, rotation and deployed validation evidence before I4"
"OBS","OBS-056","P04","Process bundle ingest in isolated async worker","LOCALLY_PROVED","I3","WO-006 006G closure; web slice never imports ingest/decrypt; opt-in worker loads mounted X25519 keys and validates plaintext in memory while retaining ciphertext only; worker tests PASS","Retain deployed process-isolation, private-directory and successful worker-run evidence before I4"
"OBS","OBS-057","P04","Reject archive bombs, traversal and invalid MIME","LOCALLY_PROVED","I3","WO-006 006G closure; fixed JSON envelope and virtual-path schemas, count/byte/hash/MIME/redaction/malware allowlists and hostile traversal/unknown/forbidden corpus tests PASS","Retain deployed quarantine and exact real hostile-corpus evidence before I4"
"OBS","OBS-058","P04","Run retention and deletion jobs","LOCALLY_PROVED","I3","WO-006 006H closure; bounded worker retention selects health/bundle/quarantine/audit rows, validates owned paths, preserves holds and reports integer counters; service/worker tests PASS","Retain production schedule, backlog, private-directory permissions, alerts and applied deletion evidence before I4"
"OBS","OBS-059","P04","Aggregate release health by build and platform","LOCALLY_PROVED","I3","WO-006 006H closure; identity-free current/previous windows group exact app/build/candidate/revision/platform/architecture and expose crash/connect/update deltas; API/service tests PASS","Retain exact-candidate production observation window, traffic volume and alert thresholds before I4"
"OBS","OBS-060","P04","Maintain version-scoped known-issue registry","LOCALLY_PROVED","I3","WO-006 006H closure; candidate/code uniqueness, version/build/platform evidence, closed severity/status and observational incident/release refs covered by migration/service/API tests","Retain production operator ownership, review workflow and exact-candidate issue evidence before I4"
"OBS","OBS-061","P07","Show support case timeline in admin","LOCALLY_PROVED","I3","WO-009E2/013B; ticket creation, public/internal messages, notes and state are rendered as one ordered operator timeline; adminapp E2E 75/75 PASS","Retain exact-candidate authenticated staging/production case timeline and real operator evidence before I4"
"OBS","OBS-062","P07","Show diagnostics summary panel in admin","LOCALLY_PROVED","I3","WO-009E2/013B; selected attempt exposes allowlisted version plus permission/Core/TUN/DNS/egress facts without raw metadata; backend and browser regressions PASS","Retain exact-candidate real bundle/attempt facts and operator readback before I4"
"OBS","OBS-063","P07","Search by case, support and correlation code","LOCALLY_PROVED","I3","WO-009E2/013B; environment-scoped v2 search resolves case, opaque bundle ref and safe correlation code to canonical ticket hrefs; raw identity/path fields excluded by tests","Retain exact-candidate authenticated search evidence against real support data before I4"
"OBS","OBS-064","P07","Match known issues and actions","LOCALLY_PROVED","I3","WO-009E2/013B; open known issues match error code with nullable/exact app version, build and platform scope and expose only safe summary plus observational incident/release links","Retain reviewed exact-candidate known-issue registry ownership and production operator evidence before I4"
"OBS","OBS-065","P07","Enforce L1, L2, SRE and Security RBAC","LOCALLY_PROVED","I3","WO-009E2/013B; L1 lacks sensitive bundle permission while L2, explicit SRE and Security roles require support.sensitive.read plus fresh step-up; role, API and browser tests PASS","Retain real least-privilege role assignments and exact-environment access review before I4"
"OBS","OBS-066","P07","Audit bundle open and download","LOCALLY_PROVED","I3","WO-009E2/013B; case-scoped reasoned grant is actor-bound, short-lived and one-use; content verifies size/SHA and returns ciphertext only; grant/download actor, reason and timestamp audit asserted","Retain exact-candidate production storage, real audited access and scheduled access-review evidence before I4"
"OBS","OBS-067","P08","Build client Diagnostics screen","LOCALLY_PROVED","I3","WO-010G1; Profile opens a standalone refreshable Diagnostics route with freshness, tunnel/route/DNS/egress evidence, safe actions and support handoff; focused presenter/widgets, full 366-test app-shell suite and analyze PASS","Retain exact-candidate Android/Windows visual, accessibility and host-runtime evidence before I4"
"OBS","OBS-068","P08","Preview support bundle categories","LOCALLY_PROVED","I3","WO-010G1; Diagnostics and Support chat reuse one summary-profile builder; preview shows exact categories, files, bounded plaintext size and redaction count without exposing contents; focused and full app-shell tests PASS","Retain exact-candidate encryption/configuration and device UI evidence before I4"
"OBS","OBS-069","P08","Create case plus bundle in one action","LOCALLY_PROVED","I3","WO-010G1; one Diagnostics action calls the configured encrypted transfer authority with ticketId null so it creates a case and uploads or queues the encrypted package; focused widget verifies one call and returned case ID","Retain exact-candidate online and offline server/outbox delivery evidence before I4"
"OBS","OBS-070","P08","Export encrypted .pokrov-support only","LOCALLY_PROVED","I3","WO-006K; the app resolves a verified signed recipient and exposes one manual export action; Windows uses the system save dialog and Android uses a bounded SAF ACTION_CREATE_DOCUMENT channel that validates the exact encrypted envelope and writes only ciphertext; app-shell encryption/export tests, Android source contract, Android debug build and Windows debug build pass","Retain exact-candidate Android physical SAF and Windows clean-host save/readback showing one encrypted envelope and no plaintext artifact before I4"
"OBS","OBS-071","P08","Generate short support code usable without upload","LOCALLY_PROVED","I3","WO-006K; the cross-language PSD1 codec carries only platform, route/connection class, app/build, issue/expiry date and a 16-bit diagnostic hash prefix; client copy and support.read decoder require no upload or identity and share the retained fixture PSD1-6C4Q-J082-00FA-QK8B","Retain exact-candidate user/operator decode proof and confirm no upload/account/device correlation in deployed logs before I4"
"OBS","OBS-072","P08","Enable temporary support mode only by signed TTL policy","HOSTED_SOURCE_CUSTODY_PROVED","I3","WO-006K/013S; audited L2 support.mode.issue stores only the code hash for one case; one-time owner/exact-build redeem returns a closed Ed25519 v2 policy; client main 288c82b52cf3bda32b6c11f5261805aa8842bdc1 fail-closed binds public pin pokrov-support-2026-08; hosted run 32672708398 proves the private Ed25519 seed derives that exact pin, validates the code-secret contract and retains only a public revision-bound receipt","Deploy the production runtime configuration under separate authorization, retain deployed RBAC/audit readback, then prove exact-candidate Android and Windows activation/replay before I4"
"OBS","OBS-073","P08","Show persistent support-mode indicator","LOCALLY_PROVED","I3","WO-006K; the authoritative support-mode controller drives a root-level live-region banner with expiry, bundle usage, diagnostics entry and manual disable; focused widget proof verifies the visible banner actions and controller state is fail-closed across restart/corruption","Retain exact-candidate foreground/background/restart visibility and accessibility proof on physical Android and clean Windows before I4"
"OBS","OBS-074","P08","Enforce hard time and volume caps","LOCALLY_PROVED","I3","WO-006K; signed v2 policy validation enforces TTL <=30 minutes, exact category/collector pairs, per-bundle <=2 MiB, cumulative <=4 MiB and at most two bundles; the persisted usage ledger de-duplicates IDs, rejects cap/expiry/replay and auto-disables","Retain exact-candidate wall-clock expiry and cumulative-cap proof across restart on Android and Windows before I4"
"OBS","OBS-075","P11","Run property-based redaction tests","CANDIDATE21_PROPERTY_HISTORY_CANDIDATE32_RUNTIME_OPEN","I3","WO-013B establishes the 128-iteration/640-case generated fail-closed corpus. WO-013EQ retains the exact candidate.21 observability property-suite pass as predecessor history. Candidate.32 exact-source aggregate passes, but no physical candidate.32 runtime-output property replay exists.","Retain physical successor candidate runtime-output evidence; preserve any counterexample as stop-ship"
"OBS","OBS-076","P11","Run golden bundle-manifest tests","CANDIDATE21_GOLDEN_HISTORY_CANDIDATE32_RUNTIME_UPLOAD_OPEN","I3","WO-013B establishes the literal 1.2.0 manifest golden. WO-013EQ retains candidate.21 deterministic preview/manifest, golden and no-plaintext proof as predecessor history. No exact physical candidate.32 bundle generation or encrypted upload/ingest replay exists.","Bind the same golden to exact physical successor candidate generation and encrypted upload/ingest before I4"
"OBS","OBS-077","P11","Run E2E connection fault matrix","VERIFIED","I1","WO-013B; canonical 19-injection matrix binds every required fault to a closed phase and known code, including dual-code TLS/clock and planted-token cases; runtime source mappings and 3 focused tests PASS","Inject all 19 faults through the actual portal/client/Core/host boundaries on exact candidates; Linux remains NOT_SHIPPED"
"OBS","OBS-078","P11","Run crash and hang recovery matrix","LOCALLY_PROVED","I3","WO-013B; bounded dispatcher crash-tail/timeout/blocked-writer regressions plus Windows startup-pending, persisted-stage and rollback-fault tests prove fail-closed durable network restore; diagnostics timeline retains rollback and failed-DNS evidence","Repeat crash, forced-kill and hang recovery on exact Android/Windows candidates and prove no residual routes or DNS before I4"
"OBS","OBS-079","P11","Test loss, DNS, MTU and IPv6 observability","IMPLEMENTED_PARTIAL","I2","WO-013B; executable local synthetic timelines for packet loss, DNS unavailable, MTU black hole and IPv6 path unavailable retain distinct phase/code outcomes and never emit verified; full observability_runtime 27/27 tests PASS","Run controlled physical/emulator network mutation against exact Android/Windows candidates and retain route/DNS cleanup evidence before I3/I4"
"OBS","OBS-080","P11","Benchmark observability overhead","VERIFIED","I1","WO-013B; Windows-host in-process harness accepted 266/266 events with no loss; idle 8472 B, connect burst 216872 B, max event 849 B and peak queue 216872 B pass initial local budgets; report is forced PARTIAL_LOCAL","Measure same-build exact Android/Windows cold-start, connect latency, idle CPU/app, battery and thermal deltas; local RSS/emit timing is not candidate proof"
"OBS","OBS-081","P11","Test offline queue and deterministic backpressure","LOCALLY_PROVED","I3","WO-013B; bounded priority queue deterministically evicts lower priority entries, counts drops, never blocks emitters and retains only encrypted support bundles when upload is unavailable; full focused package regressions PASS","Repeat under exact-candidate long-session/offline pressure on Android and Windows before I4"
"OBS","OBS-082","P11","Load and abuse-test ingest","LOCALLY_PROVED","I3","WO-013B; release-health ingest 26/26 PASS including twenty maximum 100-event batches, 100-event idempotent replay, rate/size/decompression rejection and a less-than-10-second local budget","Retain deployed rate/decompression/idempotency and resource-budget evidence for the exact candidate before I4"
"OBS","OBS-083","P11","Maintain privacy threat model and field inventory","LOCALLY_PROVED","I3","WO-013B; canonical pokrov.observability-data-inventory.v1 assigns purpose, modes, retention and owner to every event-schema and persisted observability/support field; generator compares live JSON Schema and SQLAlchemy columns; 8/8 plus Ruff PASS","Perform production field/retention owner review against the exact deployed schema before I4"
"OBS","OBS-084","P11","Run access-review playbook","VERIFIED","I1","WO-013B; canonical observability-access-review playbook defines independent owners, post-JIT/weekly/monthly/quarterly cadence, Action Intent review/revoke flow, redacted evidence and fail-closed findings; docs contracts 30/30 PASS","Execute and retain the current production review; local tests or the written cadence are not evidence that regular review occurred"
"OBS","OBS-085","P11","Stop staged promotion on health regression","LOCALLY_PROVED","I3","WO-013B; operator release regression injects crash, connect and update deterioration, proves release.observation.close fails with release_health_gate_failed and keeps rollout staged at 10%; 5/5 PASS","Repeat against exact-candidate deployed cohort health before any promotion"
"OBS","OBS-086","P08","Generate evidence-only causal summary","LOCALLY_PROVED","I3","WO-010G1; typed presenter derives summary and causal key only from tunnel/route/DNS/egress proof, maps supported reason-catalog entries and explicitly states evidence gaps without a cause claim; raw-summary regression PASS","Retain exact-candidate host evidence and operator review before I4"
"OBS","OBS-087","P08","Diff against healthy same-build/platform baseline","IMPLEMENTED_SOURCE_ONLY","I2","WO-013AQ; platform 3e52b73 adds an exact-build UTC-week k=10 bucketed and contribution-capped store plus authenticated band-only projection; client 44c9cca adds a strict existing-session-only consumer on explicit diagnostics refresh and PSD2 support for build 4046; platform/client/Core regression and seed gates pass","Merge and deploy exact bound sources, configure the private cohort secret, accumulate a real same-build k-anonymous cohort and retain Android/Windows runtime readback before I3/I4"
"OBS","OBS-088","P08","Graph connection phases and reconnects","VERIFIED","I3","WO-010G3 exposes a bounded phase graph from the sanitized connection breadcrumb ring: closed event names only, latest four attempts, collapsed phase outcomes and reconnect label only with recorded rollback; analyze PASS, focused 6/6, full app-shell 374/374","Retain physical-device, long-session ring-pressure and exact-candidate presentation proof for I4"
"OBS","OBS-089","P08","Run local offline diagnostic rules","LOCALLY_PROVED","I3","WO-010G1; the importable presenter evaluates the current local RuntimeSnapshot against the shipped OperationalProblemBook without network access and exposes only supported rule IDs/codes/actions; focused offline tests PASS","Retain exact-candidate Android/Windows runtime comparison before I4"
"OBS","OBS-090","P08","Use multilingual safe-message keys","LOCALLY_PROVED","I3","WO-010G1; closed diagnostics.summary.* and diagnostics.causal.* keys resolve through bounded Russian/English safe-copy tables; focused locale and raw-detail exclusion tests PASS","Retain owner translation review and exact-candidate locale/device evidence before I4"
"OBS_DOD","DOD-01","P04","Every user-impacting auth/connect/update failure has stable error code","LOCALLY_PROVED","I3","WO-006 006E closure; closed portal/auth, all public runtime-connect and update mappings validate against catalog; focused tests PASS","Reject new unmapped failures and retain exact-candidate occurrence evidence"
"OBS_DOD","DOD-02","P04","App, host/service, core and portal correlate without raw identity","LOCALLY_PROVED","I3","WO-006 006C-006E closures; UUIDv4 app/host/Core/portal chain plus identity-free release projection; cross-repo 41/41 PASS","Retain one exact-candidate end-to-end trace in WO-013"
"OBS_DOD","DOD-03","P04","Timeline distinguishes profile, core, TUN, routes, DNS, egress and rollback","LOCALLY_PROVED","I3","WO-006 006E closure; canonical reducer timeline and distinct stopped phase covered by runtime/app-shell tests","Retain physical-host timeline samples in WO-013"
"OBS_DOD","DOD-04","P04","Connected without verified is impossible and tested","LOCALLY_PROVED","I3","WO-006 006E closure; only ConnectionConnectedVerified can emit success; unverified emits missing proof; regression PASS","Repeat on exact Android/Windows candidates in WO-013"
"OBS_DOD","DOD-05","P04","Logs do not block UI/runtime and overhead is measured","IMPLEMENTED_PARTIAL","I2","WO-013B dispatcher regression proves emit never waits for blocked writer; Windows in-process harness accepts 266/266 with measured payload/volume/queue limits PASS, but CPU/cold-start/connect/idle/battery remain NOT_MEASURED","Capture exact Android/Windows same-build device CPU, cold-start, connect, idle, battery and thermal deltas before I3/I4"
"OBS_DOD","DOD-06","P04","Rotation bounds Android and desktop volume","LOCALLY_PROVED","I3","WO-006 006B closure; exact 24/64 MiB policies, at-most-two files and truncated-tail recovery 13/13","Retain device/clean-VM exact-candidate cap evidence in WO-013"
"OBS_DOD","DOD-07","P04","Crash keeps breadcrumbs without secrets","LOCALLY_PROVED","I3","WO-006 006E closure; sanitized synchronous crash marker plus bounded allowlisted breadcrumbs; planted privacy/source gates PASS","Retain real crash/relaunch evidence for exact candidate in WO-013"
"OBS_DOD","DOD-08","P04","Windows service and Linux daemon export sanitized slices","LOCALLY_PROVED_SHIPPED_SCOPE","I3","WO-006J/006L; Windows service owns a closed 512-byte-line, 4096-pending-event, two-file 256-KiB-per-file journal; current MSVC Debug target and all 7 native CTests PASS after correcting the malformed CMake warning flag; Linux remains explicitly NOT_SHIPPED_IN_1.2.0","Retain exact-candidate installed-service journal ACL/rotation/readback on a clean Windows host before I4; implement Linux daemon slice only if Linux enters a future supported release scope"
"OBS_DOD","DOD-09","P04","Android release logs do not depend on logcat","LOCALLY_PROVED","I3","WO-006 006B closure; production Android Log calls removed; release source gate plus direct/store 161/161","Retain release-build/device source and runtime proof in WO-013"
"OBS_DOD","DOD-10","P04","Core emits structured safe events","LOCALLY_PROVED","I3","WO-006C; Core source, Android gomobile and Windows C callback emit only closed safe event ABI 1 fields; planted secrets, stale ordering, queue saturation, race, builds and callback smoke PASS","Exact signed candidate and physical runtime observation remain I4"
"OBS_DOD","DOD-11","P04","Planted-secret bundle test has zero leaks","LOCALLY_PROVED","I3","WO-006F; Bearer raw-config hostname/domain IP/email corpus blocks before output; focused tests PASS","Retain corpus and add ingest-side hostile archive cases in WO-006G"
"OBS_DOD","DOD-12","P04","Bundle has canonical manifest, redaction report, hashes and encryption","LOCALLY_PROVED","I3","WO-006F; canonical JSON diagnostic ID manifest redaction report per-file SHA-256 and X25519/HKDF/AES-GCM round-trip PASS","Retain deterministic contract through upload and ingest"
"OBS_DOD","DOD-13","P04","User sees bundle preview","LOCALLY_PROVED","I3","WO-006F; Support sheet shows exact summary profile ID categories files byte sizes removals and omitted optional categories before action; widget suite PASS","Bind the same preview ID and hash to upload ticket in WO-006G"
"OBS_DOD","DOD-14","P04","No plaintext ZIP fallback exists","LOCALLY_PROVED","I3","WO-006F; private prepared payload; verified-recipient-only encrypted output; no production filesystem temp ZIP or plaintext chat path; source gate PASS","Preserve encryption-only boundary in WO-006G"
"OBS_DOD","DOD-15","P04","Upload is resumable, idempotent and uses short-lived ticket","LOCALLY_PROVED","I3","WO-006 006G closure; server-authoritative sequential chunks, exact replay, interrupted-response recovery, completion retry and expiry renewal covered by platform/client tests","Retain exact deployed resume/offline transfer evidence before I4"
"OBS_DOD","DOD-16","P04","Ingest is isolated and archive-abuse resistant","LOCALLY_PROVED","I3","WO-006 006G closure; no web-process unpack/decrypt path; mounted-key worker rejects malformed layout, traversal, limits, hash drift, unsafe content and preserves encrypted quarantine","Retain deployed isolation, key custody and quarantine observation before I4"
"OBS_DOD","DOD-17","P04","L1 sees summary/timeline without bundle download","LOCALLY_PROVED","I3","WO-006 006H closure; all admins default L1; closed phase/code/attempt/build/proof/byte/hold timeline omits owner/object/token/raw fields and no L1 grant path exists; tests PASS","Retain named real L1 account and deployed response evidence before I4"
"OBS_DOD","DOD-18","P04","L2/SRE bundle access is RBAC-controlled and audited","LOCALLY_PROVED","I3","WO-006 006H closure; explicit numeric allowlist defaults empty; fixed-reason case/upload-bound 60-900s grant is actor-bound, atomic single-use and audited; ciphertext size/SHA/path/symlink checks PASS","Retain production identity approval, least-privilege directory ACL and real audited access before I4"
"OBS_DOD","DOD-19","P04","Retention jobs have tests and metrics","LOCALLY_PROVED","I3","WO-006 006H closure; eligible versus held accepted/quarantine/access-audit/health deletion and exact integer counters are covered by service plus telemetry-worker regression","Retain production scheduling, backlog/file-error alerts and applied count evidence before I4"
"OBS_DOD","DOD-20","P04","Support mode is visible, signed and TTL/volume bounded","LOCALLY_PROVED","I3","WO-006 006F/006H; visible client preview, signed recipient/policy boundary, 30-minute extended policy, 2.5-MiB upload cap and 15-minute L2 access cap covered by cross-repo contracts/tests","Retain production signing/key distribution, real volume behavior and operator TTL observation before I4"
"OBS_DOD","DOD-21","P04","Aggregate telemetry contains no domains, IPs, account or package names","LOCALLY_PROVED","I3","WO-006 006D/006H; identity-free storage and aggregate read model expose only closed build/platform/outcome/count dimensions; forbidden request fields and response keys covered by API/service tests","Retain exact deployed aggregate readback, production window and retention evidence before I4"
"OBS_DOD","DOD-22","P11","Release health separates platform, build, channel and core ABI","LOCALLY_PROVED","I3","WO-013B; release-health grouping carries app version, build number, candidate, revision, platform, architecture, channel and core ABI; operator observability 6/6 PASS","Retain exact-candidate deployed aggregate readback before I4"
"OBS_DOD","DOD-23","P11","Promotion stops on crash, connect or update regression","CANDIDATE32_SIGNED_INDEX_PRESENT_PHYSICAL_IDENTITY_ABSENT_PB14_NOT_RUN","I3","WO-013B/013BO retain the corrected source control and candidate.6 exact-build historical proof. WO-013GF binds the exact candidate.32 manifest/signature/receipt and six artifacts. WO-013GG passes the focused PB-14/rollback harness 16/16 and an isolated pointer rollback, but no exact physical installed identity, incident, cohort, deploy, runtime rollback or post-promotion health run occurs. WO-013GI makes candidate.32 the current ledger authority without transferring older runtime credit.","Install and hash-bind exact successor candidate on physical Android, then replay PB-14 and retain deployed ingest/readback, guarded runtime rollback completion and post-promotion health before I4"
"OBS_DOD","DOD-24","P11","Known issue requires version, platform and error evidence","LOCALLY_PROVED","I3","WO-013B; known-issue upsert requires app version and platform plus a canonical nonempty error code; missing and unknown codes fail closed; operator observability 6/6 PASS","Retain an exact-candidate known-issue readback before I4"
"OBS_DOD","DOD-25","P11","Diagnostics screen explains problem and offers safe action","LOCALLY_PROVED","I3","WO-010G1/WO-013B; typed diagnostics presenter resolves catalog-backed safe explanation and bounded repair/support actions, exposes evidence gaps without inventing a cause and passes focused widget/source regressions","Retain exact-candidate Android/Windows screen and action evidence before I4"
"OBS_DOD","DOD-26","P11","Support code remains useful without upload","LOCALLY_PROVED","I3","WO-013B; deterministic diag-* code remains visible and copyable with explicit no-upload guidance when encrypted delivery is unavailable; app-shell analyze and both clipboard/no-upload widget regressions PASS","Retain exact-candidate device clipboard/share and support lookup evidence before I4"
"OBS_DOD","DOD-27","P11","Network failure case includes recovery and rollback evidence","LOCALLY_PROVED","I3","WO-013B; Windows runtime fault fixtures prove complete and retryable durable rollback/network restore, while the bounded client timeline retains rollback success followed by DNS-002 failure without raw host data","Repeat one exact-candidate Android and Windows network-failure case and prove restored routes/DNS before I4"
"OBS_DOD","DOD-28","P11","Data inventory matches actual fields","LOCALLY_PROVED","I3","WO-013B; checked-in data-inventory.json is generated from and compared field-for-field with the event JSON Schema and live SQLAlchemy model columns; inventory/support/manifest 8/8 and Ruff PASS","Re-run against the frozen candidate and deployed migration state before I4"
"OBS_DOD","DOD-29","P11","Schema and error hashes are in signed manifest","CANDIDATE_PROVED_SIGNED_MANIFEST_CONTRACT_HASHES","I4","WO-006A/WO-013B/WO-013Y/WO-013AC/WO-013AE; release-index 6a1afa95 signer run 33032397754 creates candidate pokrov-1.2.0-candidate.3; independently verified Ed25519 manifest a2752b6a3b95faacf13a68edb708c560966a0f5eb8727e109d7f1603fdc81090 binds error catalog 7d3bf242777d5bf76bbebcf162e5969d3f83d7f68b2787051e1c4fddeadc3dc7 and observability schema 24ae72442f778d7f1334ae0a4bf4d774738e4de275707b29420ec733af65cc17 to exact platform eafaca3 Git objects","Retain same-byte public asset digest and post-promotion observability cohort/health readback before I5; signed/private-carrier proof is not public runtime or release proof"
"OBS_DOD","DOD-30","P11","Support docs are generated or validated against error catalog","LOCALLY_PROVED","I3","WO-013B; deterministic SUPPORT-REFERENCE.md is generated from all 117 canonical errors and --check rejects catalog version/hash/count/content drift; focused generator/manifest tests PASS","Re-run generation check on the frozen exact candidate and retain owner review before I4"
"OBS_PB","PB-01","P04","Application does not start","LOCALLY_PROVED","I3","WO-006 006E; previous-exit/bootstrap-start/UI-ready missing-evidence map and sanitized marker producer tests PASS","Retain exact-candidate crash-before-UI proof"
"OBS_PB","PB-02","P04","Login fails","LOCALLY_PROVED","I3","WO-006 006E plus WO-006J; closed auth/API mapping now has active subscription-refresh auth start/finish producer and focused client producer/analyzer proof","Retain exact-candidate auth transport/policy failure observation before I4"
"OBS_PB","PB-03","P04","Connect tap has no visible result","LOCALLY_PROVED","I3","WO-006 006E; connection intent/profile boundary and cancelled/superseded/timeout outcomes are mapped and source-tested","Retain physical-host no-result recovery evidence"
"OBS_PB","PB-04","P04","Windows privilege or service failure","LOCALLY_PROVED","I3","WO-005/006C/006E; service command events, WIN-SVC codes and safe recovery map are source-tested","Retain installed-service exact-candidate failure proof"
"OBS_PB","PB-05","P04","Connected but no internet","LOCALLY_PROVED","I3","WO-006 006E; TUN observed versus verified missing proof and egress/DNS codes are source-tested","Retain device/network reproduction in WO-013"
"OBS_PB","PB-06","P04","Some sites do not open","LOCALLY_PROVED","I3","WO-005/006E; route/MTU codes, route phase evidence and bounded safe actions are machine-tested","Add owned RU-origin reproductions in WO-012/013"
"OBS_PB","PB-07","P04","DNS leak or name-resolution failure","LOCALLY_PROVED","I3","WO-006 006E; DNS phase/proof and rollback evidence map with DNS-002..004 are source-tested","Retain physical DNS/leak proof in WO-013"
"OBS_PB","PB-08","P04","Android disconnects itself","LOCALLY_PROVED_EXACT_CANDIDATE6_LDPLAYER_CLEANUP","I3","WO-005/006C/006E plus WO-013BP; source recovery map remains. Exact signed candidate.6 LDPlayer force-stop removes service/TUN within one second and relaunches not protected without false-green; ordinary/WARP EGRESS-001 paths also stop and destroy the service","Retain physical exact-candidate OEM/network-loss/process-death reproduction and recovery before I4"
"OBS_PB","PB-09","P04","Linux does not connect","LOCALLY_PROVED","I3","WO-005/006E; machine contract explicitly reports PB-09 notShipped and exposes no fake Linux runtime actions","Keep Linux inactive unless a separately approved lane is opened"
"OBS_PB","PB-10","P04","Low speed","LOCALLY_PROVED","I3","WO-006 006E plus WO-006J; Protection Center emits bounded start/finish performance samples from typed Core/TUN live counters; one-second-equivalent rates and unavailable-counter failure are focused-tested","Retain exact-candidate device/network performance observation and overhead evidence before I4"
"OBS_PB","PB-11","P04","Update does not install","LOCALLY_PROVED","I3","WO-005/006E; active update check/install events and UPD/AND-UPD codes are source-tested","Retain exact direct/store/Windows candidate failure proof"
"OBS_PB","PB-12","P04","Payment completed but access is missing","LOCALLY_PROVED","I3","WO-006 006E plus WO-006J; active subscription refresh emits entitlement start/finish and closed ENT/API failure codes while immutable server order remains authority; focused producer and shell analyzer pass","Retain exact-candidate payment-to-entitlement reconciliation observation before I4"
"OBS_PB","PB-13","P04","Support bundle does not send","LOCALLY_PROVED","I3","WO-006 006E plus WO-006J; diagnostics and support-chat encrypted delivery emit start/finish with closed SUP mappings; encrypted outbox/polling 7 tests and producer path 3 tests pass; no plaintext fallback","Retain exact-candidate offline/resume/server upload observation before I4"
"OBS_PB","PB-14","P04","Mass incident after release","CANDIDATE32_SIGNED_INDEX_PRESENT_PHYSICAL_IDENTITY_ABSENT_PREFLIGHT_NOT_RUN","I3","WO-006/006J/013BO retain the corrected release-health/action-intent control and historical candidate.6 proof. WO-013GF binds the exact candidate.32 manifest/signature/receipt and six artifacts. WO-013GG passes the focused PB-14/rollback harness 16/16 and an isolated pointer rollback; physical_phone_install_binding, a live candidate.32 cohort, external switch, deployed readback and runtime rollback remain NOT_RUN. WO-013GI updates only the current signed-candidate authority.","Install and hash-bind exact successor candidate on physical Android, then replay PB-14 with a real successor candidate cohort, deployed ingest/readback, guarded runtime rollback completion and post-promotion health before I4"
"OC","OC-000","P07","Canonicalize Operator Center and freeze legacy admin expansion","LOCALLY_PROVED","I3","WO-009 009A closure; checked-in operator-center.manifest.json makes adminapp/admin.pokrov.space canonical, freezes 17 current routes, maps them and 3 unique webadmin capabilities into exactly 7 workspaces, and forbids new legacy features/dual-write; manifest regression, production build and 60 E2E PASS","Identify exact public legacy bundle and retain authenticated candidate/cutover proof before I4"
"OC","OC-100","P07","Identity and session","LOCALLY_PROVED","I3","WO-009J; purpose-bound Telegram OIDC Authorization Code plus PKCE keeps the verifier in a dedicated signed HttpOnly transaction cookie, accepts only a preprovisioned active operator and environment role, supports same-identity OIDC step-up, retains CSRF/expiry/inventory/logout and permits explicit legacy bootstrap/step-up disablement; backend/OpenAPI/AdminApp proof PASS","Register the exact admin redirect in BotFather, migrate and provision real operators, set ADMIN_OPERATOR_LEGACY_BOOTSTRAP_ENABLED=false, and retain exact-candidate authenticated login/step-up/session inventory/logout/audit readback before I4"
"OC","OC-110","P07","RBAC","LOCALLY_PROVED","I3","WO-009I closure; exact retained-bridge permissions, permission-filtered search, query-suppressed field redaction, explicit support-diagnostics boundary, retained JIT/break-glass review and domain high-risk plus real step-up route/browser tests PASS","Prove exact-candidate authenticated production IdP/step-up, real role assignment/readback and retained audit evidence before I4"
"OC","OC-120","P07","Admin API v2","LOCALLY_PROVED","I3","WO-009D..009J; 75 live v2 method/path operations have deterministic OpenAPI, exact permission/cookie/CSRF metadata including the OIDC transaction cookie, generated TypeScript request contracts, strict Pydantic JSON envelopes, two explicit binary responses, bounded list/offset queries and a fail-closed browser route/envelope boundary; current semantic digest beebbea12e3c5168d0bb54cd96e752aeebf7768df15f5194d5f22bb94669531c","Retain a clean hosted generation check, publish the exact-candidate schema artifact and capture authenticated staging/production readback with exact revision/digest before I4"
"OC","OC-130","P07","CI and deploy identity","LOCALLY_PROVED","I3","WO-009 009A closure; deterministic __build.json/__routes.json hash 976030111b170e399639d1412403bd4c6dfe7c5581e8a79fd212e34875d48d2f, required adminapp lint/build/full E2E guardrail, static deploy identity rejection/smoke and rollback-pointer contract; local build, 60 E2E and plan-only PASS","Require hosted CI and retain exact public candidate/readback plus real rollback drill before I4"
"OC","OC-140","P07","Design system and shell","VERIFIED","I3","WO-009C local proof: seven active workspace entries plus 17 frozen capability routes; desktop rail/tablet drawer/bounded mobile nav; joined build/API/session identity with mismatch alert; explicit route refresh registry; last-good degradation; 26-page build and 63 Playwright tests","Retain exact-candidate authenticated accessibility/responsive/performance proof for WO-009G before I4"
"OC","OC-200","P07","My Shift work queue","LOCALLY_PROVED","I3","WO-009D closure; additive versioned OperatorTask plus environment-scoped mine/team/unassigned and six attention queues; v2 API and browser transition tests PASS","Retain authenticated exact-candidate/public-environment evidence before I4"
"OC","OC-210","P07","Incident lifecycle","LOCALLY_PROVED","I3","WO-009D closure; single ServiceIncident authority extended with optimistic workflow owner impact timeline links runbook comms postmortem and follow-ups; API/UI/migration tests PASS","Retain production migration and exact-candidate incident drill before I4"
"OC","OC-220","P07","Alert to incident","LOCALLY_PROVED","I3","WO-009D closure; explicit versioned ack false-positive link-existing and create-incident action-intent policies plus Alerts/Incident Room UI; backend and Playwright tests PASS","Retain authenticated deployed alert-to-incident drill before I4"
"OC","OC-230","P07","Compensation migration","LOCALLY_PROVED","I3","WO-009D closure; L3 action-intent delegates to existing idempotent incident/account compensation authority with step-up and replay proof; no second grant path","Retain authorized staging/production compensation rehearsal before I4; no real grant was issued"
"OC","OC-300","P07","Ticket backend","LOCALLY_PROVED","I3","WO-009E; additive ticket workflow/version/message-visibility migrations, shared repo authority, environment-safe incident projection, canonical account ownership and backend/API regression 131 passed","Retain production migration and authenticated exact-candidate readback before I4"
"OC","OC-310","P07","Support Inbox","LOCALLY_PROVED","I3","WO-009E; server-owned queue/detail, SLA/assignment/macros/internal notes and guarded version-bound workflows; Playwright 66/66","Retain authenticated staging/production workflow and rollback evidence before I4"
"OC","OC-320","P07","User 360 v2","LOCALLY_PROVED","I3","WO-009E; opaque account/install/session/attempt projections with observer and ticket context; API privacy tests pass","Retain authenticated production readback and operator validation before I4"
"OC","OC-330","P07","Diagnostic fingerprints","LOCALLY_PROVED","I3","WO-009E; allowlisted Event adapter, bounded fingerprints and sensitive correlated-attempt explorer; raw-field leak tests pass","Retain exact-candidate client/runtime diagnostic evidence before I4"
"OC","OC-340","P07","Client diagnostics wiring","LOCALLY_PROVED","I3","WO-009E; User 360 consumes Event Envelope, observer and support-bundle summary without raw meta or custody change; full local gates pass","Retain active-client plus authenticated deployed end-to-end evidence before I4"
"OC","OC-400","P07","Network fleet","LOCALLY_PROVED","I3","WO-009F1; environment-scoped fleet, traffic and alert read models expose authority/freshness without host, panel, subnet or raw provider notes; v2 API/privacy regressions pass","Retain authenticated exact-candidate production readback and operator validation before I4"
"OC","OC-410","P07","Node 360","LOCALLY_PROVED","I3","WO-009F1; canonical Node 360 projection and node action-intent policies use existing observability/network authorities with optimistic context and L3 step-up where required","Retain real node/source-age readback and separately authorized safe command evidence before I4"
"OC","OC-420","P07","RU, emergency and provider views","LOCALLY_PROVED","I3","WO-009F1; RU runs/latest/uploader, emergency catalog and redacted provider views migrated to v2; invalid RU configuration degrades explicitly; all network writes use action intent","Retain RU-origin, provider-dashboard, authenticated deployed and rollback evidence before I4"
"OC","OC-430","P07","Payments reconciliation","LOCALLY_PROVED","I3","WO-009F2; production-only v2 summary/list/payment-360 preserves order/callback/claim/grant/outbox lineage and redaction; guarded reconcile plus full relevant backend and browser regressions PASS","Retain authenticated exact-candidate provider/order/readback evidence before I4; no real payment repair was executed"
"OC","OC-440","P07","Access, promos and programs","LOCALLY_PROVED","I3","WO-009F2; v2 access/FREE/promo/bonus/program reads, one-time L3 code display and version-bound atomic idempotent program reward are implemented; lint/build, API and full Playwright regressions PASS","Retain authenticated exact-candidate access/promo/program mutation and readback evidence before I4; no production action was executed"
"OC","OC-500","P07","Release model","LOCALLY_PROVED","I3","WO-009F3 closure; v2 cockpit binds exact candidate/component revisions and artifact hashes to separate current/brain/RU evidence, 11 diagnostic gates and known issues; backend/UI regressions PASS","Retain exact-candidate authenticated staging/production cockpit readback before I4"
"OC","OC-510","P07","Version adoption and regression","LOCALLY_PROVED","I3","WO-009F3 closure; privacy-bounded platform/version adoption, release-health delta and version-bound support delta are composed from existing authorities and locally tested","Retain observation-window runtime cohort, support and regression evidence for the exact candidate before I4"
"OC","OC-520","P07","Rollout controls","LOCALLY_PROVED","I3","WO-009F3 closure; evidence-gated start, percent change, pause, retained-state rollback, minimum version and health-gated observation close use one stored Action Intent registry; public app APIs fail closed","Exercise authorized exact-candidate staged rollout, public readback and real external artifact rollback before I4"
"OC","OC-530","P07","Messaging","LOCALLY_PROVED","I3","WO-009F3 closure; v2 broadcast delivery/news/live-update reads and guarded growth intents preserve aggregate delivery and source-draft lineage without a second browser write path","Retain authenticated runtime send/status/publication evidence with recipient-safe delivery outcomes before I4"
"OC","OC-540","P07","Client and core evidence","LOCALLY_PROVED","I3","WO-009F3 closure; cockpit composes imported client/core components, exact revisions/artifacts, release gates, privacy-bounded operational health and support evidence; integration/browser tests PASS","Bind real Android/Windows/core artifacts, signing, device and RU-origin evidence to the exact RC before I4"
"OC","OC-600","P07","Operators","LOCALLY_PROVED","I3","WO-009F4; v2 role catalog and environment-scoped operator/session reads; standing/JIT/break-glass grants, revoke, suspend/activate, session revoke and access review use step-up-protected stored Action Intent; expiry authorization plus self-change, temporal-superadmin, pending-review and last-superadmin guards are locally tested","Retain hosted CI and exact-candidate real-environment role/session/JIT/break-glass matrix before I4; no production role mutation is claimed"
"OC","OC-610","P07","Audit explorer","LOCALLY_PROVED","I3","WO-009F4; permissioned bounded explorer and spreadsheet-safe CSV, self-audited export/sensitive reads, redacted support-bundle access, environment-isolated command lineage and same-transaction compatibility/operator command audit; backend and browser regressions PASS","Retain authenticated staging/production identity, sensitive-access and command-lineage readback for the exact candidate before I4"
"OC","OC-620","P07","Privacy and retention","LOCALLY_PROVED","I3","WO-009F4; live raw-table cutoffs/backlogs, antiabuse raw/full/prefix HMAC nulling policy/backlogs, diagnostic-bundle TTL/hold/backlog and explicit field inventory are exposed through v2 and rendered in governance UI; privacy/API/E2E regressions PASS","Retain hosted retention-worker cadence/backlog/file-error evidence and exact-candidate production field review before I4"
"OC","OC-630","P07","Production proof","VERIFIED","I1","WO-009G; exact route/API/cutover fingerprints, authenticated smoke requirements, fail-closed external gates and rollback preconditions are machine encoded and locally verified; backend 88/88, adminapp lint, cutover verifier and Playwright 72/72 PASS","Exact-candidate authenticated staging/production readback, retained screenshots, current/brain/RU origin evidence and real rollback remain BLOCKED_BY_ACCESS/NOT_RUN"
"OC","OC-640","P07","Legacy retirement","IMPLEMENTED_PARTIAL","I2","WO-009G; 28 canonical routes across seven workspaces have no legacy route state; four browser reads and referral mutation moved to v2; five retained legacy read patterns are inventoried read-only; no dual write; redirect/removal and atomic rollback tooling implemented","Do not redirect or remove public legacy shell until exact-candidate auth parity; execute and retain real static rollback before I3/I4"
"FE_BUG","P0-CONN-001","P02","Disconnect visually becomes reconnect","LOCALLY_PROVED","I3","WO-004A; explicit disconnect/reconnect intents and disc phases; connection and app-shell tests PASS","Retain native and exact-candidate proof in Phase 11"
"FE_BUG","P0-CONN-002","P02","Duplicate haptic feedback","LOCALLY_PROVED","I3","WO-004A; ConnectionHapticCoordinator; one-tap/bounded-outcome tests; app-shell gate PASS","Retain native and exact-candidate proof in Phase 11"
"FE_BUG","P0-CONN-003","P02","CTA and runtime state diverge","LOCALLY_PROVED","I3","WO-004A; shared ConnectionPresentation drives CTA/copy/tone/semantics/disc; app-shell gate PASS","Retain native and exact-candidate proof in Phase 11"
"FE","P12-001","P02","ConnectionExperienceState from one snapshot","LOCALLY_PROVED","I3","WO-004A; sealed reducer from RuntimeSnapshot and explicit intent; focused and full client gates PASS","Retain native and exact-candidate proof in Phase 11"
"FE","P12-002","P02","STOPPING always renders Disconnecting","LOCALLY_PROVED","I3","WO-004A; disconnect intent maps only to Disconnecting; transition tests PASS","Retain native and exact-candidate proof in Phase 11"
"FE","P12-003","P02","Haptic deduplication","LOCALLY_PROVED","I3","WO-004A; one action tap and at most one verified/error outcome; tests PASS","Retain native and exact-candidate proof in Phase 11"
"FE","P12-004","P02","Single ConnectionPresenter","LOCALLY_PROVED","I3","WO-004A; Home/Profile/Support consume ConnectionPresentation; parallel status-copy helpers removed; app-shell gate PASS","Retain native and exact-candidate proof in Phase 11"
"FE","P12-005","P02","Legal and illegal transition matrix tests","LOCALLY_PROVED","I3","WO-004A; exhaustive phase-pair matrix test; connection_experience_test 9 passed","Retain native and exact-candidate proof in Phase 11"
"FE","P12-006","P08","First-session coordinator","LOCALLY_PROVED","I3","WO-010C1; one coordinator owns trial/restore/acquisition/permission/first-open/home/verified-connect state; restart and idempotency tests PASS; complete app-shell suite 356/356 PASS","Retain exact-candidate Android/Windows first-session evidence before I4"
"FE","P12-007","P08","VPN permission explainer and recovery","LOCALLY_PROVED","I3","WO-010C1; pre-permission explanation runs immediately before Android host connect, dismissal does not connect, denial exposes explicit Home recovery; Flutter 8/8 and Android JVM contract PASS","Retain physical Android permission grant/deny/retry evidence for the exact candidate before I4"
"FE","P12-008","P08","Acquisition continuity after failed handoff","LOCALLY_PROVED","I3","WO-010C1; opaque host-bound handoff is ephemeral and deduplicated, invalid/expired consumption never hides or blocks trial/restore; focused widgets 3/3 and app-shell 356/356 PASS","Retain an exact installed-artifact marketing-to-app handoff before I4"
"FE","P12-009","P08","Cabinet platform detection","LOCALLY_PROVED","I3","WO-010D1; cabinet detects Android/Windows/Apple/unknown, requires explicit choice for unknown and never substitutes another platform artifact; cabinet 63/63 and full WebApp E2E 82/82 PASS","Retain exact-candidate browser/device and published-artifact evidence before I4"
"FE","P12-010","P01","Shared release card and catalog","LOCALLY_PROVED","I3","WO-003E; authenticated cabinet and marketing consume the same release-handoff-backed client-app catalog; Android/Windows cards expose version/date/size/architecture/channel/full SHA-256 and fail closed on missing or partial metadata; production build, cabinet 67/67, API 6/6 and focused marketing/copy 14/14 PASS","Retain exact-candidate authenticated/public browser readback and published artifact verification before I4"
"FE","P12-011","P06","State-aware subscription","LOCALLY_PROVED","I3","WO-008K; cabinet maps all six canonical server access states to state-correct subscription title and primary CTA, normalizes unknown states to a neutral presentation and keeps checkout routing unchanged; production build, focused 1/1 and full cabinet/rewards 68/68 browser regressions PASS","Retain exact-candidate authenticated browser, deployed server-state and provider/public-origin evidence before I4"
"FE","P12-012","P06","Provider capability mapping","IMPLEMENTED_PARTIAL","I2","WO-008F; server-owned ordered method capabilities drive both checkouts and unavailable methods remain disabled with a closed reason; API/frontend/contract tests PASS; WO-013Z adds current stable Brain runtime provider-policy readback PASS without payment or candidate mutation","Retain exact-candidate provider capability/readback and payment-provider E2E evidence"
"FE","P12-013","P06","Payment return state machine","IMPLEMENTED_PARTIAL","I2","WO-008F; identity-free signed token and token-only no-store endpoint map durable order/hold truth to processing/paid/failed/cancelled/manual_review/expired; tamper/expiry/state/API/frontend tests PASS","Retain live provider redirect and exact-candidate public/cabinet readback without token leakage"
"FE","P12-014","P06","Server-side stale checkout revalidation","IMPLEMENTED_PARTIAL","I2","WO-008D/008F; locked offer-token revalidation now has marketing/cabinet consumers for server price/revision/reason/deadline/terms plus return-time order/hold revalidation; payment/frontend regressions PASS","Retain exact-candidate provider/readback and PostgreSQL concurrency evidence"
"FE","P12-015","P08","Platform-adaptive behavior","VERIFIED","I3","WO-010E1; host platform selects scroll/overscroll, page transition, switch and refresh physics while Android system-back and desktop focus/shortcut journeys remain covered; client analyze, adaptive 3/3 and full app-shell 359/359 PASS","Retain exact-candidate Android/Windows pointer, keyboard, system-back and device scroll evidence before I4"
"FE","P12-016","P08","Reduced-motion marketing showcase","VERIFIED","I3","WO-010E1; OS reduced motion replaces desktop sticky scrollytelling with a static four-screen grid, removes spatial hero motion and uses immediate scrolling; reduced-motion browser smoke PASS","Retain exact-candidate browser/device reduced-motion evidence before I4"
"FE","P12-017","P08","Progressive reveal visible without JavaScript","VERIFIED","I3","WO-010E1; reveal content is visible in server/no-JS HTML and only hides after its own hydrated observer enhancement; dedicated no-JS browser smoke PASS","Retain exact-candidate no-JS and constrained-runtime browser evidence before I4"
"FE","P12-018","P08","Critical path at 200 percent text scale","LOCALLY_PROVED","I3","WO-010F1; first-session choice and restore, Home and connect, Locations and Support are exercised at 2.0 text scale; six concrete overflow sites were corrected; full app-shell PASS","Run exact Android and Windows OS scaling on candidate artifacts before I4"
"FE","P12-019","P08","Accessible web tabs","LOCALLY_PROVED","I3","WO-010F1; marketing install tabs implement wrapped ArrowLeft and ArrowRight, Home and End, automatic activation and roving tabindex; browser keyboard smoke PASS","Run exact-candidate keyboard and screen-reader pass before I4"
"FE","P12-020","P01","Client PR CI workflow","LOCALLY_PROVED","I3","WO-013B client release-v2 workflow triggers on PR/push/main, pins Java 17 and Flutter 3.38.5, runs cross-repository validate-seed plus the standard 11-module/two-flavor gate; CI and runner source contracts PASS","Observe the workflow green on clean frozen client PR and exact companion revisions before I4"
"FE","P12-021","P01","Portal frontend CI with critical Playwright","LOCALLY_PROVED","I3","WO-013B; Guardrails installs matching Chromium for webapp and adminapp and runs both critical Playwright suites; static workflow contract 34 passed plus 21 subtests; local webapp 85/85 and adminapp 72/72 PASS","Observe the exact hosted Guardrails run from a clean frozen revision and retain the immutable workflow/artifact evidence before I4"
"FE","P12-022","P01","Cross-repository release manifest","CANDIDATE32_SIGNED_MANIFEST_ANDROID_STATIC_PASS_RUNTIME_PUBLIC_OPEN","I2","WO-013GF binds candidate.32 platform/client/Core/release-index sources and six exact artifacts to strict-v2 handoff, refreshed SBOM/provenance and trusted manifest/signature/receipt with promotion_authorized=false. WO-013GH independently repeats all five Android size/SHA/signer bindings, validates four APK identities and passes official AAB bundle validation. Candidate.32 installed Android runtime and public same-byte identity remain absent.","Retain successor candidate installed Android runtime plus public same-byte digest/identity readback before I3/I4"
"FE","P12-023","P01","Stable public trust surface","CANDIDATE32_SIGNED_INDEX_READY_PUBLIC_ASSETS_OPEN","I3","WO-013GF binds the exact candidate.32 bytes to strict-v2 handoff, candidate-bound SBOM/provenance and trusted manifest/signature/receipt b15938e1/e63d8ee3/7bfaf81f from release-index source 5d11fd6. OWNER_SOLO_EXCEPTION retains independent_review_performed=false; promotion_authorized=false, and no public asset, tag, Store object or stable pointer exists. WO-013GI supersedes candidate.21 only as current authority.","Retain six same-byte successor-candidate public asset digests and immutable public index readback before I4"
"FE","P12-024","P06","Product facts consistency gate","LOCALLY_PROVED","I3","WO-008A/008H/008I/008J; digest-pinned active-client projection consumes trial, reward and Android/Windows versus Apple-readiness scope; server plans remain the only client price source; production Dart currency-price literals are rejected; commercial/copy/shared tests 33 passed and focused client scope/server-price tests PASS","Retain exact-candidate Android/Windows/device and public/server readback before I4"
"FE","P12-101","P08","ProtectionViewState with state and intents","LOCALLY_PROVED","I3","WO-010B1; immutable ProtectionViewState retains the exact ConnectionPresentation and bounded protection context; ProtectionIntents is the single Home action boundary; unit 11/11, widget 3/3, analyze and seed validation PASS","Retain exact-candidate Android/Windows visual and semantics evidence before I4"
"FE","P12-102","P08","Extract four coordinators from bootstrap","LOCALLY_PROVED","I3","WO-010B2..B5; connection first-session account/session and diagnostics mutable ownership extracted behind focused coordinator contracts; raw-field regression guard analysis coordinator/widget tests and full seed validation pass","Retain exact-candidate client evidence before I4"
"FE","P12-103","P08","Guard feature boundaries and part count","LOCALLY_PROVED","I3","WO-010B1; client-presentation-boundary rejects parallel Home connection props, composition-root leakage and app-shell part growth above 29; focused guard and full seed validation PASS","Extend the guard only when later coordinator seams are implemented; no line-count rewrite"
"FE","P12-104","P08","Protection summary and disclosed details","LOCALLY_PROVED","I3","WO-010B6; summary-first status added with explicit details disclosure for technical checks location last check live stats history and support action; focused widgets architecture guard and full 347-test app-shell suite pass","Retain exact-candidate 210-percent/device evidence before I4"
"FE","P12-105","P08","Long-connect stage UX","LOCALLY_PROVED","I3","WO-010B6; ConnectionCoordinator owns ten-second per-stage timer reset/cancel and Home exposes current safe stage plus details while recording one bounded slow-stage event; unit/widget/full regression pass","Retain exact-candidate device and analytics readback before I4"
"FE","P12-106","P08","Repair progress and disconnect warning","LOCALLY_PROVED","I3","WO-010B6; repair requires explicit transient-disconnect confirmation reports stop/profile/verify steps and ends in verified result or support path; success/failure widget and full regression pass","Retain exact-candidate device evidence before I4"
"FE","P12-107","P08","Locations information architecture","VERIFIED","I3","WO-010H proves the ordered Auto, recovery-framed reserve, favorites, recent and remaining-catalog structure with cached/offline behavior in the complete app-shell regression","Retain physical-device navigation and exact-candidate presentation proof for I4"
"FE","P12-108","P08","Latency freshness states","VERIFIED","I3","WO-010H proves current/stale/invalid catalog measurements and explicit per-variant age labels; unknown or future timestamps never present as fresh latency","Retain real-device measurement cadence and exact-candidate latency-source proof for I4"
"FE","P12-109","P08","Split basic and expert rules","VERIFIED","I3","WO-010H keeps route scope and app selection in the first layer while DNS, custom routes, trusted Wi-Fi and Windows stack remain behind one expert disclosure; focused IA regression PASS","Retain physical-device discoverability and exact-candidate proof for I4"
"FE","P12-110","P08","One change-summary apply/reconnect operation","VERIFIED","I3","WO-010H accumulates expert changes in one named summary and proves two edits cause no disconnect until one Apply action performs exactly one disconnect/connect; focused 6/6 and full app-shell 375/375 PASS","Retain Android/Windows physical-device reconnect and failure-recovery evidence for I4"
"FE","P12-111","P08","Decompose Profile information architecture","VERIFIED","I3","WO-010H proves distinct access, account/devices, recovery, support, app-settings and rewards sections; routing and diagnostics retain their canonical owners","Retain screen-reader navigation and exact-candidate presentation proof for I4"
"FE","P12-112","P04","Support Bundle v1 preview, redaction and diagnostic ID","LOCALLY_PROVED","I3","WO-006F; exact summary-profile preview and separately labelled safe ticket summary; app-shell 329 tests and analyzer PASS","Complete encrypted upload action only after signed platform key/ticket exists"
"FE","P12-113","P08","Polling lifecycle with stop, jitter and backoff","LOCALLY_PROVED","I3","WO-010G2/010K; the one-shot coordinator stops in background/ineligible/disposed states. Client PR 29 head 03a59a7 adds active 8-10 second cadence, 15-30 seconds after one unchanged minute, immediate foreground refresh, typed changed/unchanged/failed results and failure backoff capped at two minutes; focused tests, app-shell 392/392 and the full local client gate PASS. PR 29 is unmerged and its zero-step hosted job is billing-blocked","Require successful hosted checks and merge before building a replacement exact candidate; then retain LDPlayer/Windows background-resume and authorized live-support traffic evidence before I4"
"FE","P12-114","P08","Guard direct haptic calls","LOCALLY_PROVED","I3","WO-010B1; PokrovHaptics is a standalone guarded adapter used by shell, features and design controls; boundary test rejects every direct HapticFeedback call outside it; haptic contract PASS","Retain exact-candidate Android/Windows haptic observation before I4"
"FE","P12-115","P08","Announce meaningful semantic transitions only","LOCALLY_PROVED","I3","WO-010F1; CTA announces only the action while a dedicated status button owns live transition text; idle-to-verified semantics proof PASS","Run TalkBack and Narrator announcement timing on exact candidate before I4"
"FE","P12-116","P08","Golden critical states","LOCALLY_PROVED","I3","WO-010F1; four tracked deterministic client goldens cover idle, route scope, verified and degraded across light and dark with animations disabled and image-cache isolation; comparison PASS","Attach exact-candidate device captures separately before I4"
"FE","P12-117","P08","Semantics tests for CTA, status, modal and live region","LOCALLY_PROVED","I3","WO-010F1; semantics tests assert unique CTA and status labels, button roles and live-region state while retained modal and permission contracts pass in the full suite","Run exact-candidate screen-reader manual suite before I4"
"FE","P12-118","P08","Checklist instead of automatic tour","LOCALLY_PROVED","I3","WO-010D1; automatic first-run modal removed and the launch checklist remains available on demand; focused cabinet and full WebApp E2E PASS","Retain exact-candidate browser/device evidence before I4"
"FE","P12-119","P08","Dashboard activation CTA by lifecycle stage","LOCALLY_PROVED","I3","WO-010D1; dashboard CTA now follows inactive/install/connect/complete/expiring lifecycle states with focused journey coverage; cabinet 63/63 and full WebApp E2E 82/82 PASS","Retain exact-candidate account-state journey evidence before I4"
"FE","P12-120","P06","Parallelize checkout data","LOCALLY_PROVED","I3","WO-008L; browser gates hold the first responses open and prove cabinet catalog/provider 2/2 plus public checkout catalog/provider/acquisition 3/3 all start before any response; dependent offer preview stays sequenced after catalog/plan; WebApp 69/69 and marketing production/responsive gates PASS","Retain exact-candidate browser performance and deployed-origin request timing before I4"
"FE","P12-121","P08","Audit custom navigation and prefetch","LOCALLY_PROVED","I3","WO-010D1; route links retain Link ownership with documented bounded prefetch/activity/duplicate-click behavior and external/auth exclusions; lint build and full WebApp E2E PASS","Retain exact-candidate browser navigation evidence before I4"
"FE","P12-122","P08","Restore focus to main heading","LOCALLY_PROVED","I3","WO-010D1; client-side route changes restore focus to the destination main heading and focused route coverage passes; cabinet 63/63 and full WebApp E2E 82/82 PASS","Retain exact-candidate keyboard/screen-reader evidence before I4"
"FE","P12-123","P08","Integrate axe with no serious or critical issues","LOCALLY_PROVED","I3","WO-010F1; direct axe-core gates report zero serious or critical findings on marketing home and install plus cabinet dashboard, downloads and checkout; browser suites PASS","Repeat against the exact deployed candidate origin before I4"
"FE","P12-124","P08","Visual regression matrix","LOCALLY_PROVED","I3","WO-010F1; eight tracked Playwright baselines cover cabinet mobile and desktop by light and dark by normal and reduced motion; development chrome is excluded and release-style comparison PASS","Retain exact-candidate visual artifacts and manual platform review before I4"
"FE","P12-125","P08","Finite hero motion","VERIFIED","I3","WO-010E1; hero chips run two finite cycles then stop, mouse tilt is pointer-only and OS reduced motion removes offset, depth and looping; static and browser motion guards PASS","Retain exact-candidate browser motion evidence before I4"
"FE","P12-126","P04","Shared reason-code catalog","LOCALLY_PROVED","I3","WO-006A; platform canonical 117-code catalog plus client typed snapshot and drift tests","Wire safe messages/actions into diagnostics UI in WO-010; no UI claim yet"
"FE","P12-127","P09","Activation telemetry beyond download","LOCALLY_PROVED","I3","WO-011D/F; server-issued campaign/offer/creative/assignment/impression/click lineage reaches signed checkout and identity-free paid/verified-connect/D7/D30/renewal/reversal projections; app consumer and backend gate PASS","Retain exact-candidate deployed redacted activation lineage and D30 outcome evidence before I4"
"FE","P12-128","P08","Remove stale beta wording","LOCALLY_PROVED","I3","WO-010D1; stale public-beta and unsigned-beta wording removed from active cabinet download/onboarding surfaces; copy guardrails 39/39 and full WebApp E2E PASS","Retain exact-candidate public copy readback before I4"
"FE","P12-129","P06","Remove duplicated hardcoded copy facts","LOCALLY_PROVED","I3","WO-008I; active client digest-pins product/public-URL facts and rejects production Dart hardcodes; portal/backend/bot live trial and reward constants bind shared product-facts; marketing/catalog consumers bind variables; cross-surface tests, client analyze and frontend builds PASS","Retain exact-candidate rendered-copy and device/origin evidence before I4"
"FE","P12-130","P11","Reversible stable pointer and rollback catalog","CANDIDATE32_EXACT_LOCAL_POINTER_ROLLBACK_PASS_RUNTIME_PUBLIC_OPEN","I3","WO-013GG validates the exact signed candidate.32 handoff and passes isolated dry-run, forward switch, reverse switch and final stable readback with byte-identical restoration. Tracked, runtime and public stable pointers remain unchanged.","Retain separately authorized successor candidate runtime backup/receipt/current-Brain readback, post-rollback health and exact public pointer proof before I4"
"FE","P12-201","P02","Core ABI v3 ConnectionStatus","DEFERRED_POST_1_2_0","I1","WO-004D; source sections 7.2, proposed ABI v3 and exclusions require the 1.2.0 frontend adapter on ABI v2, place ConnectionStatus after 1.2.0 and forbid ABI v3 as a release blocker; current ABI2 descriptor/event compatibility and fail-closed ABI3 tests pass","Keep out of 1.2.0; start a separate post-1.2.0 Core/client ABI proposal only with versioned v2 fallback, v3 binding fixture, export/artifact compatibility and migration evidence"
"FE","P12-202","P08","Fully extract Profile and Rules from part files","VERIFIED","I1","WO-010H finds no P0/P1 acceptance failure requiring a mechanical library extraction; Profile and Rules already live in focused feature part files and the active change stayed scoped","Conditional P2 deferred; extract only when a concrete ownership/testability failure requires a public-library boundary"
"FE","P12-203","P08","Portal component test environment","VERIFIED","I1","WO-010I final reconciliation; cabinet lint/build and focused Playwright component-boundary journeys pass 66/66, but no dedicated component runner exists and no P0/P1 failure requires another test environment","Conditional P2 deferred; add a component runner only when an isolated component failure cannot be proved proportionally by current unit/E2E contracts"
"FE","P12-204","P08","Marketing LazyMotion and bundle optimization","VERIFIED","I3","WO-010E1; measured Framer feature payload at 141.5 KiB raw/47.2 KiB gzip, then strict async LazyMotion domAnimation reduced it to 43.5/17.1 KiB; production build and browser regression PASS","Measure exact deployed transfer and LCP evidence before I4"
"FE","P12-205","P08","Explainable smart location","VERIFIED","I1","WO-010H retains current bounded Auto copy because no P0/P1 failure proves a need for a new advisory scoring/explanation authority","Conditional P2 deferred until Smart Connect exposes stable reason factors and a user acceptance failure requires them"
"FE","P12-206","P08","Windows titlebar and tray polish","VERIFIED","I1","WO-010H finds no P0/P1 titlebar/tray acceptance failure beyond the already proved close-to-tray, autostart, adaptive navigation and shortcut contracts","Conditional P2 deferred pending physical Windows evidence of a concrete shell usability failure"
"FE","P12-207","P08","User motion setting over OS preference","VERIFIED","I1","WO-010E1 confirms OS preference is authoritative across app and marketing; no explicit in-product motion override has been approved or implemented","Conditional P2: require product decision, persistence/accessibility contract and focused proof before implementation"
"FE","P12-208","P07","Support SSE/WebSocket only if required","VERIFIED_DEFERRED_NOT_REQUIRED","I1","WO-010K; source-plan and canonical product authorities make streaming conditional on a measured polling failure. No such failure is retained; the complete adaptive polling contract passes locally on unmerged client PR 29, so no SSE/WebSocket transport was added","Reopen only after retained polling SLA, battery or backend-load evidence proves the bounded foreground policy inadequate and a single owned streaming contract is approved"
"FE","P12-209","P08","Cross-device QR handoff","VERIFIED","I1","WO-010H finds no P0/P1 path blocked by the absence of QR; existing authenticated cabinet, pairing-code and safe handoff authorities cover required flows","Conditional P2 deferred until a measured cross-device completion failure justifies a scoped expiring QR contract"
"FE","P12-210","P06","Generated copy-contract documentation","LOCALLY_PROVED","I3","WO-013DK; platform f8a3b3369a16b37494f910a31ac39fcf5ba70ab4 plus client PR 48 / main merge 9b52d6a7d461fcebe4c2225dfe5655f6cc8aa02d generate and digest-pin the product, public-URL, commercial, copy-catalog and marketing-governance authority map; all seven catalog namespaces and the active-client app baseline are documented; exact-Core seed/docs drift gate and platform 41/41 copy-contract matrix PASS","Retain the read-only generator gate on the next exact candidate; generated reference remains non-authoritative and no I4/public/deployed/legal claim is implied"
"FE_PR","PR-00","P01","Freeze and contracts","MERGED_HOSTED_PROVED_NO_VISIBLE_UI","I3","WO-013K/013N; platform PR 18 exact head e26fcb0b3581c8b0261db29812563085b8fb90a9 contains ten freeze/contracts/workflow/evidence paths and zero visible UI paths; hosted release-base-isolation run 32616491039 and Guardrails run 32616491005 SUCCESS; merged as 8cef00ace333d9164d7ac9f4a0856eb7fa88f173; scoped three-path retained-workflow/CRLF follow-up PR 19 passed Guardrails 32618497517 and merged as a25fa8a9ec5fe9e4032a65e152c9852c5c78e45b","Keep branch-policy/reviewer proof separate under REL-001/DOD-09 and repeat freeze/contracts against the exact candidate before I4; no eligible non-author review or candidate proof is implied"
"FE_PR","PR-01","P02","Connection reducer","LOCALLY_PROVED","I3","WO-004A2 direct-cutover decision; one ConnectionCoordinator owns mutable state, reducer/presenter construction stays inside the focused boundary, Home receives one aggregate state/intents contract, boundary check and 14/14 focused tests PASS","Retain physical-device and exact-candidate transition evidence before I4; do not reintroduce a second live reducer"
"FE_PR","PR-02","P02","Presenter and connect disc","LOCALLY_PROVED","I3","WO-004A2; presenter/disc/haptic contract plus four deterministic 390x844 critical-state goldens (idle, route scope, verified, degraded) PASS without update mode","Retain Android/Windows physical rendering, TalkBack/Narrator, OS scaling and exact-candidate screenshots before I4"
"FE_PR","PR-03","P08","First session","LOCALLY_PROVED","I3","WO-010C1; trial, existing-access restore, failed handoff, permission deny/retry and first verified connect share one bounded journey; client analyze and 356/356 app-shell tests PASS; authenticated backend app-first regression 43/43 PASS","Retain exact-candidate device journey evidence before I4"
"FE_PR","PR-04","P08","Downloads","LOCALLY_PROVED","I3","WO-010D1; platform-correct release cards require version channel date positive size and valid SHA-256, hide partial artifacts and expose explicit support/manual paths; cabinet 63/63 and full WebApp E2E 82/82 PASS","Retain exact-candidate published artifact and authenticated cabinet evidence before I4"
"FE_PR","PR-05","P06","Subscription and checkout","LOCALLY_PROVED","I3","WO-008M; aggregate local proof binds the six-state access presentation, provider capabilities, locked offer/order revalidation, identity-free return capability with closed return UI, idempotent pending behavior and payment-funnel diagnostics that remain separate from signed payment truth; backend 30/30, client 2/2, WebApp build plus 69/69 and marketing gates PASS","Retain exact-candidate Android/Windows and authenticated cabinet accessibility/performance, deployed provider/public redirect, PostgreSQL concurrency, payment analytics readback and real paid/access-mismatch evidence before I4"
"FE_PR","PR-06","P08","Adaptive behavior","VERIFIED","I3","WO-010E1; Android/Windows/Apple interaction physics plus reduced/no-JS/static/mobile marketing paths are implemented; client 359/359 and marketing lint/build/SEO/responsive gates PASS","Retain exact-candidate device and browser evidence before I4"
"FE_PR","PR-07","P08","Information architecture","VERIFIED","I3","WO-010H locally proves the Locations, Rules and Profile hierarchy plus one expert-rules apply boundary; client design owner and focused/full regressions are current","Retain physical-device, screen-reader and exact-candidate presentation evidence for I4"
"FE_PR","PR-08","P04","Support and recovery","LOCALLY_PROVED","I3","WO-006J; encrypted bundle and safe reason-code producers pass; polling lifecycle/backoff/dispose 4 tests, encrypted outbox 3 tests and Protection Center disconnect/profile/verify repair 4 tests pass","Retain exact-candidate device support upload and repair recovery evidence before I4"
"FE_PR","PR-09","P08","Quality gate","CANDIDATE32_EXACT_LOCAL_GATE_PASS_EXTERNAL_PROOF_OPEN","I3","WO-010I defines the aggregate gate. WO-013GG runs it from the exact signed candidate.32 source tuple under declared Node 22.14.0 and passes 15/15, including client 413/413, cabinet 69/69, Admin v2 SDK 75/75, static performance 9/9 and fresh dependency audits 0/0/0. Physical accessibility, authenticated journeys, comparable device/artifact/browser performance, named origins and post-promotion proof stay open. WO-013GI makes that exact replay the current ledger authority.","Attach successor candidate physical Android/Windows accessibility and performance, authenticated journeys, comparable artifacts, named origins and post-promotion evidence before I4/I5"
"FE_PR","PR-10","P11","Release hardening","CANDIDATE33_WIN_001_PASS_GATE_F_BLOCKED_2_17_0","I3","WO-013GT binds candidate.33 fresh signed supply and exact Windows update/singleton/typed-forwarding/focus PASS. Candidate.32 source gates, rollback and Android static proof remain predecessor history. Current Gate F is BLOCKED 2 PASS / 17 non-PASS / 0 FAIL with zero validation errors; no promotion exists.","Replay candidate.33 exact source gates and complete its runtime, origin, rollback, approval, performance and final rows; prohibit promotion until exact GO"
"MKT","MKT-000","P09","Legal and launch truth","LOCALLY_PROVED","I3","WO-011B/F; closed-schema governance, trust/service profiles, channel gates and scanner preserve seller/offer/RF launch blocked; aggregate local gate PASS","Owner legal qualification, published seller/terms, channel permission and deployed readback remain BLOCKED; no launch from local proof"
"MKT","MKT-100","P06","Server-authoritative offers","LOCALLY_PROVED","I3","WO-011C/D/F; exact 3/6-month 10% offer, immutable 72-hour window, one-use assignment, signed ticket/reservation and price/revision/deadline/legal/capacity/quota locks; focused and aggregate tests PASS","Retain exact-candidate provider/deployed offer readback before I4"
"MKT","MKT-200","P06","Campaign identity and attribution","LOCALLY_PROVED","I3","WO-011D/E/F; complete bounded lineage now flows app/cabinet -> signed checkout -> order -> paid/reversed/verified-connect/D7/D30/renewal projections and mature variant read model; local gate PASS","Retain deployed redacted provider/payment/observer/admin freshness and D30 outcome evidence before I4"
"MKT","MKT-300","P09","Capacity-aware growth","LOCALLY_PROVED","I3","WO-011C/E/F plus WO-008B/G; pilot exposure requires green/yellow below pause boundary, audited hysteresis remains authoritative and decision pack stops on capacity; local gate PASS","Live worker freshness, capacity transition/readback and exact-candidate evidence remain BLOCKED_BY_ACCESS"
"MKT","MKT-400","P06","Honest urgency","LOCALLY_PROVED","I3","WO-011C/D/F; app/cabinet consume server price, absolute deadline, terms and conservative remaining quota with no client-reset timer; expiry and stale-cache paths fail closed; local gate PASS","Retain exact-candidate public/app clock and deployed offer evidence before I4"
"MKT","MKT-500","P09","Copy and positioning","LOCALLY_PROVED","I3","WO-011B/F; registry-backed trust-led homepage/checkout/winback A/B copy, prohibited-claim scanner and marketing lint/build/SEO/responsive gates PASS","Service-led/RF advertising profile remains BLOCKED_BY_OWNER_DECISION; retain exact deployed copy readback before I4"
"MKT","MKT-600","P06","Commercial consistency","IMPLEMENTED_PARTIAL","I2","WO-008A–G and WO-011B–F; commercial revision now also binds governance/pilot digests, owned surfaces and decision readback; deterministic contracts and local aggregate gate PASS","Prove clean exact-candidate atomic deploy, CDN purge, public/admin revision readback and authorized rollback rehearsal before I3/I4 for this broad row"
"MKT","MKT-700","P08","App integration","LOCALLY_PROVED","I3","WO-011D/F; active client parses all-or-nothing commercial lineage, emits bounded promo events, preserves normal/offline access on absent/stale pilot and passes analyze plus 83/83 focused tests","Retain Android/Windows exact-candidate device, offline expiry and payment-success suppression evidence before I4"
"MKT","MKT-800","P09","Claim evidence registry","LOCALLY_PROVED","I3","WO-011B/F; generated closed-schema claim/evidence/profile/channel registry has digest/staleness validation and deterministic active-copy scan; local gate PASS","Owner legal records and deployed public-copy digest readback remain external gates before I4"
"MKT","MKT-900","P09","Controlled pilot and evidence-based decision","LOCALLY_PROVED","I3","WO-011C–F; 13 deterministic eligible/holdout/suppression vectors, exact quota/concurrency, mature net-revenue metric, stop guards, Operator Center and refusing postmortem generator pass the 19-step local gate","External pilot/send/spend/launch/outcomes are NOT_AUTHORIZED; D30/holdout/legal/provider/capacity evidence required before I4"
"MKT_STAGE","STAGE-0","P09","Stop legal and commercial launch risk","LOCALLY_PROVED","I3","WO-011B/F; repository legal/seller/RF/channel state stays blocked and stale/missing claims fail closed; local aggregate gate PASS","Resolve owner legal and published seller/terms/channel evidence separately"
"MKT_STAGE","STAGE-1","P09","Repair commercial authority","LOCALLY_PROVED","I3","WO-011B/C/F; generated commercial/governance/pilot revisions and one server offer authority are exact and current; local gate PASS","Retain clean exact-candidate deployed revision readback before I4"
"MKT_STAGE","STAGE-2","P09","Carry campaign identity through revenue","LOCALLY_PROVED","I3","WO-011D/E/F; signed complete lineage and identity-free paid/connect/D7/D30/renewal/reversal projections plus postmortem input are locally proved","Retain deployed provider/runtime chain and mature exact-candidate outcomes before I4"
"MKT_STAGE","STAGE-3","P09","Bind marketing to capacity","LOCALLY_PROVED","I3","WO-011C/E/F; exposure and decision paths share the 300-unit capacity policy and stop at the pause guard; tests and Operator Center build PASS","Fresh production worker/capacity/admin evidence remains BLOCKED_BY_ACCESS"
"MKT_STAGE","STAGE-4","P09","Approve copy and legal profiles","IMPLEMENTED_PARTIAL","I2","WO-011B/F; trust/service profiles, claim evidence, expiry and channel requirements are implemented and scanned, but repository truth intentionally contains no sample approval","Real non-expired owner legal/profile/channel approval is BLOCKED_BY_OWNER_DECISION"
"MKT_STAGE","STAGE-5","P09","Run controlled pilot","VERIFIED","I1","WO-011F; exact external prerequisites, runbook, 20-payment ceiling, stop guards and evidence labels are frozen; no contact/send/spend/launch occurred","WO-011G is NOT_AUTHORIZED; owner must authorize exact candidate, audience, channels, mutations and scope"
"MKT_STAGE","STAGE-6","P09","Scale only from evidence","LOCALLY_PROVED","I3","WO-011E/F; decision/postmortem refuses CTR/early-payment winner, requires mature net revenue plus holdout/complete window/no stop guard and never auto-scales; local gate PASS","Observe authorized D30/refund/support/incident outcomes and obtain a separate owner scale decision before I4"
"FRKN_ADOPT","ADOPT-01","P02","Require egress and traffic proof beyond handshake","LOCALLY_PROVED","I3","WO-004A; green requires DNS plus authenticated selected-outbound egress traffic probe; all host enums tested","Retain native and exact-candidate proof in Phase 11"
"FRKN_ADOPT","ADOPT-02","P04","Measure transport, config generation, endpoint/ASN, versions and network type","CANDIDATE16_BOUNDED_PROFILE_RUNTIME_PARTIAL_EGRESS_FAIL","I2","WO-012B/D freeze safe dimensions and forbid raw identifiers. WO-013DE/013DF bind candidate.16 version, exact Core/client bytes, LDPlayer environment and sanitized default/AWG profile outcomes. Both labs activate but fail egress. Endpoint/ASN and broader network-type measurements remain absent","Isolate lab egress and collect remaining bounded endpoint/ASN/network-type values before I3/I4"
"FRKN_ADOPT","ADOPT-03","P10","Maintain TCP/TLS-like and UDP transport families","LOCALLY_PROVED","I3","WO-012B-G; legacy REALITY remains the default TCP/TLS-like family and typed AWG2 is an isolated disabled UDP-family lab in the same sing-box graph; 012 local gate PASS","Retain exact-artifact and distinct-origin comparison before any readiness or product claim"
"FRKN_ADOPT","ADOPT-04","P04","Classify endpoint burn, protocol block, DNS bootstrap, TLS/REALITY, route ownership and server failure","VERIFIED","I1","WO-006 problem taxonomy plus WO-012 inventory confirms owners and safe evidence ceiling","Retain owned reproductions and exact-candidate classification evidence"
"FRKN_ADOPT","ADOPT-05","P01","Publish immutable version, SHA-256, signer, source commit and SBOM contract","CANDIDATE32_SIGNED_ARTIFACT_CONTRACT_ANDROID_STATIC_PASS_PUBLIC_ASSETS_OPEN","I2","WO-013GF binds candidate.32 Core/client/platform identities and six private artifacts to strict-v2 handoff, refreshed SBOM/provenance and trusted release-index manifest/signature/receipt; Android signer lineage passes and Windows keeps the owner unsigned-direct-beta exception. WO-013GH independently validates every Android size/SHA/signer binding, four APK identities and the AAB bundle. No public immutable asset mapping, tag, Store object or stable pointer exists.","Retain successor candidate public same-byte asset mapping and trusted Windows signer evidence before I3/I4; keep the owner unsigned direct-beta exception explicit"
"FRKN_ADOPT","ADOPT-06","P08","Keep consumer-first UI with sanitized technical health sheet","LOCALLY_PROVED","I3","WO-010G1; Profile exposes consumer labels, proof freshness, supported safe actions and bounded package metadata while raw host/provider/config details remain absent; presenter/widget raw-detail regressions and full app-shell pass","Retain exact-candidate Android/Windows visual and support-operability evidence before I4"
"FRKN_ADOPT","ADOPT-07","P06","Centralize price, referral, privacy and release truth","LOCALLY_PROVED","I3","WO-008A/008I; commercial contract remains price authority; referral/trial/reward constants bind product-facts; public-URLs digest and full offer/privacy/release URLs are generated into the client and consumed by Profile; local cross-surface proof PASS","Retain exact-candidate server/client/public readback before I4"
"FRKN_AWG","AWG-01","P10","Use synthetic client/server fixtures without real keys or endpoints","LOCALLY_PROVED_CANDIDATE21_STATIC_HISTORY_CANDIDATE32_RUNTIME_OPEN","I3","WO-012B/C retain documentation-address dual-stack fixtures, deterministic non-production keys and source contracts. WO-013EP retains the six-artifact candidate.21 static scan as predecessor history. WO-013GH validates candidate.32 Android signing/bundle/direct-store identity but is not a raw-material privacy scan, so candidate.32 physical/runtime proof remains open.","Keep exact candidate.32 artifacts and live endpoints outside retained synthetic evidence; require candidate-bound privacy and physical/runtime repetition before I4"
"FRKN_AWG","AWG-02","P10","Version AWG schema subset and capability","LOCALLY_PROVED","I3","WO-012B; pokrov.awg2.endpoint.v1 JSON/schema/SHA and cross-repo drift gate PASS","Any schema change requires new digest/revision and exact-candidate reproof"
"FRKN_AWG","AWG-03","P10","Prove TCP, UDP, DNS, IPv4 and IPv6 on exact Android AAR and Windows DLL","CANDIDATE32_PACKAGED_AWG_ARTIFACTS_BOUND_RUNTIME_OPEN","I1","WO-013GF binds candidate.32 Windows DLL and Android AAR into signed artifacts. The same Core commit has direct-RU source-level AWG3.1/AWG2 PASS in WO-013FW, but exact packaged candidate.32 TCP/UDP/DNS/IPv4/IPv6 runtime is not run.","Run exact successor candidate packaged AWG3.1/AWG2 on Windows and physical Android, then direct UDP and IPv6"
"FRKN_AWG","AWG-04","P10","Sweep MTU 1280, 1400 and 1408","LOCALLY_PROVED_SOURCE","I3","WO-012B/C/E; exact allowed MTUs and forced invalid values pass Core/platform/client source tests","Run real traffic/PMTU sweep on exact artifacts before I4"
"FRKN_AWG","AWG-05","P10","Prove one TUN owner and no second default route","CANDIDATE32_ONE_TUN_AND_ROUTE_MATRIX_OPEN","I3","WO-013GF provides no candidate.32 installed TUN credit. Older direct-only and AWG route ownership remain predecessor history; candidate.32 Windows/Android one-TUN, route ownership, leak, failure and network-change cases are open.","Retain exact successor candidate Android and Windows one-TUN and route/leak-table proof for default/AWG/Smart-DNS, including failure and network change"
"FRKN_AWG","AWG-06","P10","Prove selected apps, all-except-RU and full tunnel","LOCALLY_PROVED_HOST_CONTRACT","I3","WO-012E; runtime-engine forwards exact AWG2 through all three existing outer route modes with integrated TUN false","Run exact traffic/leak matrix on Android and Windows before I4"
"FRKN_AWG","AWG-07","P10","Test Wi-Fi/LTE, Doze, sleep/resume and crash teardown","CANDIDATE32_DISCONNECTED_REBOOT_AND_FORCED_SERVICE_RECOVERY_PASS_CONNECTED_MATRIX_OPEN","I1","WO-013GK proves exact candidate.32 disconnected Windows reboot. WO-013GL then proves disconnected forced service termination and automatic SCM restart in 5,252 ms with clean recovery and unchanged network. Neither exercises AWG, an active tunnel, sleep/resume, network change, Android Doze or endurance.","Run successor candidate physical Android Wi-Fi/mobile and exact Windows connected AWG sleep/resume, network-change, forced-termination and endurance matrices"
"FRKN_AWG","AWG-08","P10","Measure 30-minute idle and 60-minute active battery, CPU and thermal","MANUAL_OWNER_TEST","I1","WO-012F freezes durations/baseline/environment contract; no candidate.32 measurement is run","Collect successor candidate same-build physical-device measurements before I4"
"FRKN_AWG","AWG-09","P10","Provide server-side disable and rollback","CANDIDATE32_DEFAULT_OFF_SOURCE_BOUND_KILL_MATRIX_OPEN","I3","Candidate.32 binds default-off and kill source contracts through WO-013GF but has no exact installed AWG revocation/runtime readback. Earlier owner-lab rollback remains predecessor history.","Exercise successor candidate live kill switch and revocation with exact Android/Windows plus strict server readback before I4"
"FRKN_AWG","AWG-10","P10","Run distinct RU-origin canary across mobile/fixed networks and ASNs","CANDIDATE32_EXACT_CORE_RU_PI_PASS_PACKAGED_MULTI_ASN_OPEN","I2","Candidate.32 binds the same exact Core cd8f0f4 whose WO-013FW direct-RU Pi run passes AWG3.1 then AWG2. This is source-level evidence only. Exact packaged candidate.32 Windows/Android and distinct mobile/fixed ASN canaries remain unrun.","Run successor candidate packaged Windows and physical Android AWG3.1/AWG2 over Wi-Fi/Beeline and additional named fixed/mobile ASN canaries"
"FRKN_HY2","HY2-01","P10","Evaluate Hysteria2 later as bounded UDP/QUIC selector or fallback, never sole bootstrap","SUCCESSOR_CLIENT_SMART_CONNECT_BYPASS_PASS_RUNTIME_MATERIAL_MISSING","I3","WO-013BT retains the exact server artifact and guarded owned-node PLAN with runtime material intentionally absent. WO-013CW adds the client-side owner-lab correction shared by AWG2/AWG3.1/HY2: typed lab envelopes no longer enter ordinary Smart Connect or its node quarantine; the full bootstrap file passes 86/86 and analyzer/seed/docs gates pass. No HY2 deploy, endpoint material, handshake or live traffic claim exists","Generate receipt-bound owner-only runtime material, run guarded exact-bundle APPLY, provision encrypted device material and execute bounded successor-candidate HY2 handshake/traffic/DNS/leak/rollback/current-Brain-RU evidence before I4"
"FRKN_SMART_DNS","SMARTDNS-01","P10","Evaluate selective Smart DNS for bounded AI and gaming-service web/API access without a second VPN core","CANDIDATE32_DEFAULT_OFF_PACKAGED_SMART_DNS_RUNTIME_OPEN","I3","Candidate.32 binds default-off Smart-DNS source and signed package bytes. WO-013FW proves the same source policy/TLS contour from one direct-RU Pi, not packaged client runtime. Authenticated sessions, physical Android, attribution, leak/privacy/load and lifecycle remain open.","Run exact successor candidate Windows and physical Wi-Fi/mobile Smart DNS with authenticated ChatGPT/Gemini/Xbox behavior, attribution and clean restoration"
"FRKN_MONITOR","MONITOR-01","P10","Track AWG 3.0 and later obfuscation generations","VERIFIED_MONITOR_ONLY","I1","WO-012G-HY2-DECISION monitor registry; Core owner and reopen trigger recorded","Observe official upstream only; no 1.2.0 implementation"
"FRKN_MONITOR","MONITOR-02","P10","Track Hysteria2 Gecko, Mimic and port hopping","VERIFIED_MONITOR_ONLY","I1","WO-012G amendment and WO-013AR separate the implemented bounded base HY2 contract from unimplemented Gecko/Mimic/port-hopping extensions","Observe official upstream and owned evidence only; reopen an extension only for a measured gap and separate typed rollback contract"
"FRKN_MONITOR","MONITOR-03","P10","Track TrustTunnel/fptn only with production dependency and ownership","VERIFIED_MONITOR_ONLY","I1","WO-012G-HY2-DECISION monitor registry; architecture owner and production-dependency trigger recorded","No fork or dependency without a separate authorized WO"
"FRKN_MONITOR","MONITOR-04","P10","Track XHTTP, REALITY and AWG blocking using owned RU-origin data","VERIFIED_MONITOR_ONLY","I1","WO-012G-HY2-DECISION monitor registry preserves current/brain/RU separation and owned-data rule","Collect only sanitized owned evidence; no public effectiveness claim"
"FRKN_REJECT","REJECT-01","P10","Do not fork Dopamine/Amnezia or port Qt/QML stack","LOCALLY_PROVED_REJECTION","I3","WO-012A/B; current Core/sing-box stack retained and local gate PASS","Preserve rejection unless a separate architecture decision supersedes it"
"FRKN_REJECT","REJECT-02","P10","Do not add a second Xray client core beside sing-box","LOCALLY_PROVED_REJECTION","I3","WO-012A/B; one POKROV Core and one sing-box graph retained","Preserve single-core boundary"
"FRKN_REJECT","REJECT-03","P10","Do not add separate official AWG service/driver in first PoC","LOCALLY_PROVED_REJECTION","I3","WO-012B/E; AWG is an internal endpoint and integrated TUN is fail-closed","Retain one host TUN owner"
"FRKN_REJECT","REJECT-04","P10","Do not import generic raw FRKN configs in consumer onboarding","LOCALLY_PROVED_REJECTION","I3","WO-012B/D; raw converter rejects AWG and managed-only issuance excludes public/onboarding exports","Keep raw config import absent"
"FRKN_REJECT","REJECT-05","P10","Do not use subscription ID as account credential","LOCALLY_PROVED_REJECTION","I3","WO-012D; normal authenticated device session/install binding owns managed material","Keep subscription token out of AWG identity"
"FRKN_REJECT","REJECT-06","P10","Do not emit secret-bearing diagnostic logs","LOCALLY_PROVED_REJECTION","I3","WO-012B/D; safe dimensions and fingerprints only; intent/result/DB tests PASS","Retain redaction and encrypted material gates"
"FRKN_REJECT","REJECT-07","P10","Do not use vanilla WireGuard/OpenVPN/IKEv2 as RU default","LOCALLY_PROVED_REJECTION","I3","WO-012A/D; default and rollback remain legacy_reality_fallback","No default transport change without exact evidence"
"FRKN_REJECT","REJECT-08","P10","Do not offer unlimited devices without abuse/economics model","LOCALLY_PROVED_REJECTION","I3","WO-012A/D; experiment is exact device/user allowlisted and does not alter product device promises","Keep commercial/device policy outside transport PoC"
"FRKN_REJECT","REJECT-09","P10","Do not publish mutable latest.apk without immutable mapping","LOCALLY_PROVED_REJECTION","I3","WO-012B/C plus existing release-v2 contract; PoC creates no publication path","Exact artifacts remain Phase 11 immutable candidates only"
"FRKN_REJECT","REJECT-10","P10","Do not expose raw endpoint, IP or protocol internals in primary UI","LOCALLY_PROVED_REJECTION","I3","WO-012D/E; public exports/location/UI force legacy and safe metadata only; tests PASS","Retain managed-only encrypted boundary"
"FRKN_PLAN","W1-01","P10","Assign AWG server and client path owner","LOCALLY_PROVED","I3","WO-012A/D; Core endpoint owner, client host owner and platform managed rollout owner recorded","Assign named human/operator before any owned server action"
"FRKN_PLAN","W1-02","P10","Freeze AWG2 schema subset and capability manifest","LOCALLY_PROVED","I3","WO-012B; machine-readable contract/schema and exact digest verified across three repos","Version any future change"
"FRKN_PLAN","W1-03","P10","Record license and SBOM notices","SIGNED_CANDIDATE33_SBOM_PROVENANCE_READY_PUBLIC_MAPPING_OPEN","I3","WO-012B/013I retain the pinned module sum, MIT notice and third-party registry/Core verifier contracts. WO-013GT binds candidate.33 exact Core/client/platform sources and all six artifacts to CycloneDX SBOM 3b586c6e, provenance 9aadcb1d and manifest/signature/receipt 5620c2f0/5115ab3c/f84843c8; strict supply validation passes 6/6 artifacts and 11/11 Windows runtime files. Older candidate snapshots remain immutable history.","Retain public immutable same-byte candidate.33 asset/SBOM/provenance/notices mapping and final promotion evidence before I4; do not rewrite signed snapshots"
"FRKN_PLAN","W1-04","P10","Block or remove suspect legacy converter path","LOCALLY_PROVED","I3","WO-012B; raw awg:// and [Interface] paths reject and unconditional WireGuard mapping is removed; Go tests PASS","Keep typed endpoint as sole AWG authority"
"FRKN_PLAN","W1-05","P10","Create synthetic fixtures, immutable metadata and safe telemetry categories","LOCALLY_PROVED","I3","WO-012B/C; fixture policy, contract SHA and allow/forbid dimensions pass local gate","No real/provider material in fixtures or evidence"
"FRKN_PLAN","W3-01","P10","Bring up a POKROV-owned AWG test server","LOCALLY_PROVED_OWNED_LAB","I3","WO-012A/F defines the owner boundary; WO-013AO binds the isolated default-off DE lab and WO-013BB adds guarded multi-address reply policy, exact readback, service-cycle persistence, physical Beeline handshakes/inner traffic and clean default restore without exposing material","Keep the lab default-off; require exact signed-candidate handshake, tunnel egress, leak, rollback and distinct-origin evidence before I4 or any cohort"
"FRKN_PLAN","W3-02","P10","Run typed AWG endpoint in exact Android and Windows core artifacts","CANDIDATE32_TYPED_AWG_ARTIFACTS_BOUND_RUNTIME_OPEN","I3","WO-013GF binds candidate.32 exact Windows DLL and Android AAR with typed materialization contracts into signed artifacts. Packaged AWG3.1/AWG2 runtime remains unrun.","Run exact successor candidate packaged AWG3.1 then AWG2 on Windows and physical Android over Wi-Fi and mobile network"
"FRKN_PLAN","W3-03","P10","Prove TCP, UDP, DNS, IP and MTU forced-failure behavior","CANDIDATE32_TRANSPORT_MATRIX_OPEN","I3","Candidate.32 signed artifacts and exact Core source are bound, while WO-013FW supplies source-level AWG control only. Candidate.32 TCP/UDP/DNS/IPv4/IPv6/MTU failure, leak, network change, endurance and Android parity are incomplete.","Run successor candidate TCP/UDP/DNS/IP/MTU forced-failure matrices on installed Windows and physical Android"
"FRKN_PLAN","W3-04","P10","Prove server rotation, revoke and rollback","LOCALLY_PROVED_CONTROL_PLANE","I3","WO-012D; per-device replace rotates prior material and kill/stale/missing state rolls back before issuance","Exercise real server rotation/revoke with exact candidate before I4"
"FRKN_PLAN","W6-01","P10","Enforce one TUN and route owner","LOCALLY_PROVED_HOST_CONTRACT","I3","WO-012B/E; integrated TUN forbidden and existing Android/Windows host route owner preserved","Retain exact route-table evidence"
"FRKN_PLAN","W6-02","P10","Integrate Android routing modes","LOCALLY_PROVED_EXACT_CANDIDATE6_OUTER_ROUTE_CONFIG","I3","WO-012E plus WO-013BP; source contract still forwards AWG through existing outer modes. Exact signed candidate.6 LDPlayer materializes selected-app as one include and excluded-app as test-app plus self excludes with mixed TUN and managed DNS, then restores zero selection/default mode. This does not prove AWG per-app traffic or leak behavior","Run exact physical AWG selected/excluded/full-tunnel traffic and DNS/IPv6 leak matrix before I4"
"FRKN_PLAN","W6-03","P10","Prove Windows clean VM, sleep/resume and forced-kill cleanup","CANDIDATE32_CLEAN_INSTALL_BOOT_UI_IPC_INPLACE_REBOOT_AND_DISCONNECTED_FORCED_RECOVERY_PASS_REMAINING_LIFECYCLE_OPEN","I1","WO-013GK proves in-place UI/IPC/reboot, WO-013GL disconnected forced-service recovery, WO-013GM exact clean install, and WO-013GN clean boot-before-login plus ordinary UI/IPC/initialize with unchanged network. Sleep/resume and connected lifecycle remain open.","Execute successor candidate sleep/resume and connected default/AWG/Smart-DNS forced-service/reboot/recovery/uninstall checks"
"FRKN_PLAN","W6-04","P10","Test network switches, Doze, Private DNS and IPv6 leaks","CANDIDATE16_AND_21_HISTORY_CANDIDATE32_PHYSICAL_MATRIX_OPEN","I1","WO-013DF retains candidate.16 emulator lab history; WO-013EH records that candidate.21 had no physical Android handover/Doze/Private-DNS/IPv6 leak result. WO-013GF/013GH establish candidate.32 supply/static identity only; no candidate.32 physical Android or managed Windows network-switch/leak result exists.","Complete protected-egress, network-change, Doze, Private DNS and IPv6 leak slices on exact successor candidate physical Android and isolated Windows"
"FRKN_PLAN","W6-05","P10","Compare battery, CPU and thermal against VLESS plus REALITY","MANUAL_OWNER_TEST","I1","WO-012F freezes same-build baseline/durations; candidate.32 comparison is not run","Collect exact successor candidate physical-device comparison before I4"
"FRKN_PLAN","W9-01","P10","Run internal then bounded opt-in cohort","NOT_AUTHORIZED","I1","WO-012F verifies cohort order/kill prerequisite; no enrollment or external action occurred","Require separate owner authorization after exact internal proof"
"FRKN_PLAN","W9-02","P10","Separate current-origin, brain-origin and RU-origin evidence","CANDIDATE32_CURRENT_BRAIN_NOT_RUN_RU_SOURCE_LEVEL_ONLY","I2","WO-013GF keeps candidate.32 current and Brain origins NOT_RUN. WO-013FW proves the same Core from one direct-RU Pi only; it is not general RU origin or authenticated-client credit. Candidate.31 origin evidence remains predecessor history.","Run successor candidate current and Brain exact-source contours, then general RU authenticated-client coverage across named mobile/fixed origins"
"FRKN_PLAN","W9-03","P10","Cover several Russian mobile/fixed ASNs and regions","BLOCKED_BY_ACCESS_NOT_AUTHORIZED","I1","WO-012F verifies scope; no RU canary occurred","Owner-authorize named bounded matrix and retain sanitized results"
"FRKN_PLAN","W9-04","P10","Exercise server-side kill and rollback","LOCALLY_PROVED_CONTROL_PLANE","I3","WO-012D; policy/API kill immediately returns managed profile to legacy fallback","Repeat with owned server/exact artifacts before I4"
"FRKN_PLAN","W9-05","P10","Make exact-candidate metric-based go/no-go decision","CANDIDATE33_GATE_F_BLOCKED_2_17_0","I1","WO-013GT binds all 19 candidate.33 checks and returns BLOCKED 2 PASS / 17 non-PASS / 0 FAIL with zero validation errors. Signed supply, release docs and exact WIN-001 pass; Android, managed network, exact Gates A-E, origins, rollback, approvals, performance and final aggregate remain non-PASS.","Close candidate.33 remaining rows and regenerate exact Gate F; prohibit Gate G and promotion until exact GO"
"FRKN_UNCERTAINTY","UNCERT-01","P10","Current FRKN server-side AWG generation/schema is not public","VERIFIED_UNRESOLVED","I1","WO-012A; third-party schema is non-authoritative so POKROV pins its owned v1 subset","Resolve only against an owned server; never import unknown schema"
"FRKN_UNCERTAINTY","UNCERT-02","P10","AWG Mobile compatibility with pinned POKROV capability needs owned proof","CANDIDATE32_EXACT_CORE_RU_PI_PASS_PACKAGED_PHYSICAL_OPEN","I3","Candidate.32 binds exact Core cd8f0f4; WO-013FW proves that Core's AWG3.1/AWG2 from one direct-RU Pi. Exact packaged Windows/physical Android, leak, network-change, OEM and endurance remain open.","Run successor candidate packaged Windows and physical Android AWG3.1/AWG2 plus leak/network-change/OEM/endurance matrices"
"FRKN_UNCERTAINTY","UNCERT-03","P10","Transport effectiveness by Russian ASN/region is temporally unstable","VERIFIED_UNRESOLVED","I1","WO-012F/G; only owned time-bound distinct-origin evidence can answer this","Keep monitoring separate from product truth"
"FRKN_UNCERTAINTY","UNCERT-04","P10","Low-end Android battery and thermal behavior needs device proof","VERIFIED_UNRESOLVED","I1","WO-012F; named physical measurement lane retained and unrun","Measure same-build 30-minute idle/60-minute active before I4"
