
[RUN] performance-contract
{"budget_count": 32, "contract_id": "pokrov.performance-budgets", "contract_version": "1.0.0", "sha256": "9edc0b96ee1b7e762342d8ff72f974d61898540fd5c4174ff0cc8d6583d6fca2", "status": "PASS"}
[PASS] performance-contract (0.156s)

[RUN] performance-contract-tests
..............................                                           [100%]
30 passed in 2.11s
[PASS] performance-contract-tests (2.897s)

[RUN] client-analyze
Resolving dependencies...
Downloading packages...
  async 2.11.0 (2.13.1 available)
  boolean_selector 2.1.1 (2.1.2 available)
  characters 1.4.0 (1.4.1 available)
  clock 1.1.2 (1.1.3 available)
  cross_file 0.3.5+4 (0.3.5+5 available)
  ffi 2.1.3 (2.2.0 available)
  file_selector_android 0.5.2+6 (0.5.2+10 available)
  file_selector_ios 0.5.3+5 (0.5.3+6 available)
  file_selector_linux 0.9.4 (0.9.4+1 available)
  file_selector_macos 0.9.5 (0.9.5+1 available)
  file_selector_windows 0.9.3+5 (0.9.3+6 available)
  flutter_secure_storage 10.3.1 (11.0.0 available)
  flutter_secure_storage_darwin 0.3.2 (0.4.1 available)
  flutter_secure_storage_linux 3.0.1 (3.0.2 available)
  flutter_secure_storage_platform_interface 2.0.1 (2.0.3 available)
  flutter_secure_storage_windows 4.1.0 (4.2.2 available)
  html 0.15.6 (0.15.7 available)
  jovial_svg 1.1.29 (1.1.30 available)
  matcher 0.12.17 (0.12.20 available)
  material_color_utilities 0.11.1 (0.13.1 available)
  meta 1.17.0 (1.19.0 available)
  path_provider 2.1.5 (2.1.6 available)
  path_provider_android 2.2.15 (2.3.1 available)
  path_provider_foundation 2.4.1 (2.6.0 available)
  path_provider_linux 2.2.1 (2.2.2 available)
  path_provider_platform_interface 2.1.2 (2.1.3 available)
  platform 3.1.6 (3.2.0 available)
  source_span 1.10.0 (1.10.2 available)
  stack_trace 1.12.1 (1.12.2 available)
  string_scanner 1.2.0 (1.4.1 available)
  term_glyph 1.2.1 (1.2.2 available)
  test_api 0.7.7 (0.7.14 available)
  url_launcher 6.3.1 (6.3.2 available)
  url_launcher_android 6.3.14 (6.3.33 available)
  url_launcher_ios 6.3.3 (6.4.2 available)
  url_launcher_linux 3.2.1 (3.2.3 available)
  url_launcher_macos 3.2.2 (3.2.6 available)
  url_launcher_web 2.3.3 (2.4.3 available)
  url_launcher_windows 3.1.4 (3.1.6 available)
  vector_math 2.2.0 (2.4.2 available)
  video_player 2.11.1 (2.14.0 available)
  video_player_android 2.9.5 (2.12.2 available)
  video_player_avfoundation 2.11.0 (2.12.0 available)
  vm_service 14.2.5 (15.3.0 available)
  win32 5.10.1 (6.4.0 available)
  xml 6.6.1 (7.0.1 available)
Got dependencies!
46 packages have newer versions incompatible with dependency constraints.
Try `flutter pub outdated` for more information.
Analyzing app_shell...                                          
No issues found! (ran in 2.0s)
[PASS] client-analyze (5.211s)

[RUN] client-widget-suite
Resolving dependencies...
Downloading packages...
  async 2.11.0 (2.13.1 available)
  boolean_selector 2.1.1 (2.1.2 available)
  characters 1.4.0 (1.4.1 available)
  clock 1.1.2 (1.1.3 available)
  cross_file 0.3.5+4 (0.3.5+5 available)
  ffi 2.1.3 (2.2.0 available)
  file_selector_android 0.5.2+6 (0.5.2+10 available)
  file_selector_ios 0.5.3+5 (0.5.3+6 available)
  file_selector_linux 0.9.4 (0.9.4+1 available)
  file_selector_macos 0.9.5 (0.9.5+1 available)
  file_selector_windows 0.9.3+5 (0.9.3+6 available)
  flutter_secure_storage 10.3.1 (11.0.0 available)
  flutter_secure_storage_darwin 0.3.2 (0.4.1 available)
  flutter_secure_storage_linux 3.0.1 (3.0.2 available)
  flutter_secure_storage_platform_interface 2.0.1 (2.0.3 available)
  flutter_secure_storage_windows 4.1.0 (4.2.2 available)
  html 0.15.6 (0.15.7 available)
  jovial_svg 1.1.29 (1.1.30 available)
  matcher 0.12.17 (0.12.20 available)
  material_color_utilities 0.11.1 (0.13.1 available)
  meta 1.17.0 (1.19.0 available)
  path_provider 2.1.5 (2.1.6 available)
  path_provider_android 2.2.15 (2.3.1 available)
  path_provider_foundation 2.4.1 (2.6.0 available)
  path_provider_linux 2.2.1 (2.2.2 available)
  path_provider_platform_interface 2.1.2 (2.1.3 available)
  platform 3.1.6 (3.2.0 available)
  source_span 1.10.0 (1.10.2 available)
  stack_trace 1.12.1 (1.12.2 available)
  string_scanner 1.2.0 (1.4.1 available)
  term_glyph 1.2.1 (1.2.2 available)
  test_api 0.7.7 (0.7.14 available)
  url_launcher 6.3.1 (6.3.2 available)
  url_launcher_android 6.3.14 (6.3.33 available)
  url_launcher_ios 6.3.3 (6.4.2 available)
  url_launcher_linux 3.2.1 (3.2.3 available)
  url_launcher_macos 3.2.2 (3.2.6 available)
  url_launcher_web 2.3.3 (2.4.3 available)
  url_launcher_windows 3.1.4 (3.1.6 available)
  vector_math 2.2.0 (2.4.2 available)
  video_player 2.11.1 (2.14.0 available)
  video_player_android 2.9.5 (2.12.2 available)
  video_player_avfoundation 2.11.0 (2.12.0 available)
  vm_service 14.2.5 (15.3.0 available)
  win32 5.10.1 (6.4.0 available)
  xml 6.6.1 (7.0.1 available)
Got dependencies!
46 packages have newer versions incompatible with dependency constraints.
Try `flutter pub outdated` for more information.
00:00 +0: loading E:/r12-current-inputs-client-20260908/packages/app_shell/test/account_session_coordinator_test.dart
00:00 +0: E:/r12-current-inputs-client-20260908/packages/app_shell/test/account_session_coordinator_test.dart: summary callers share an ordered flight and can refresh again
00:00 +1: E:/r12-current-inputs-client-20260908/packages/app_shell/test/account_session_coordinator_test.dart: summary failure releases the shared flight for retry
00:00 +2: E:/r12-current-inputs-client-20260908/packages/app_shell/test/account_session_coordinator_test.dart: summary stops after subscription when shell becomes inactive
00:00 +3: E:/r12-current-inputs-client-20260908/packages/app_shell/test/account_session_coordinator_test.dart: summary stops after bonus when shell becomes inactive
00:00 +4: E:/r12-current-inputs-client-20260908/packages/app_shell/test/account_session_coordinator_test.dart: account session owns access and subscription state independently
00:00 +5: E:/r12-current-inputs-client-20260908/packages/app_shell/test/adaptive_behavior_test.dart: scroll physics follow the host platform
00:00 +6: E:/r12-current-inputs-client-20260908/packages/app_shell/test/adaptive_behavior_test.dart: route transitions preserve platform conventions
00:00 +7: E:/r12-current-inputs-client-20260908/packages/app_shell/test/adaptive_behavior_test.dart: switch uses Material on Windows and Cupertino on Apple hosts
00:00 +8: E:/r12-current-inputs-client-20260908/packages/app_shell/test/adaptive_behavior_test.dart: switch uses Material on Windows and Cupertino on Apple hosts
00:00 +9: E:/r12-current-inputs-client-20260908/packages/app_shell/test/adaptive_behavior_test.dart: switch uses Material on Windows and Cupertino on Apple hosts
00:00 +10: E:/r12-current-inputs-client-20260908/packages/app_shell/test/app_first_runtime_bootstrap_test.dart: protected managed cache restores exact profile after restart and respects server denial
00:00 +11: E:/r12-current-inputs-client-20260908/packages/app_shell/test/app_first_runtime_bootstrap_test.dart: protected managed cache restores exact profile after restart and respects server denial
00:00 +12: E:/r12-current-inputs-client-20260908/packages/app_shell/test/app_first_runtime_bootstrap_test.dart: protected managed cache restores exact profile after restart and respects server denial
00:00 +13: E:/r12-current-inputs-client-20260908/packages/app_shell/test/app_first_runtime_bootstrap_test.dart: protected managed cache restores exact profile after restart and respects server denial
00:00 +14: E:/r12-current-inputs-client-20260908/packages/app_shell/test/app_first_runtime_bootstrap_test.dart: protected managed cache restores exact profile after restart and respects server denial
00:00 +15: E:/r12-current-inputs-client-20260908/packages/app_shell/test/app_first_runtime_bootstrap_test.dart: protected managed cache restores exact profile after restart and respects server denial
00:00 +16: E:/r12-current-inputs-client-20260908/packages/app_shell/test/app_first_runtime_bootstrap_test.dart: protected managed cache restores exact profile after restart and respects server denial
00:00 +17: E:/r12-current-inputs-client-20260908/packages/app_shell/test/app_first_runtime_bootstrap_test.dart: protected managed cache restores exact profile after restart and respects server denial
00:00 +18: E:/r12-current-inputs-client-20260908/packages/app_shell/test/app_first_runtime_bootstrap_test.dart: protected managed cache restores exact profile after restart and respects server denial
00:00 +19: E:/r12-current-inputs-client-20260908/packages/app_shell/test/app_first_runtime_bootstrap_test.dart: protected managed cache restores exact profile after restart and respects server denial
00:00 +20: E:/r12-current-inputs-client-20260908/packages/app_shell/test/app_first_runtime_bootstrap_test.dart: protected managed cache restores exact profile after restart and respects server denial
00:00 +21: E:/r12-current-inputs-client-20260908/packages/app_shell/test/app_first_runtime_bootstrap_test.dart: protected managed cache restores exact profile after restart and respects server denial
00:01 +22: E:/r12-current-inputs-client-20260908/packages/app_shell/test/app_first_runtime_bootstrap_test.dart: automatic Android network context reports unknown origin through API and throttles duplicates
00:01 +23: E:/r12-current-inputs-client-20260908/packages/app_shell/test/client_diagnostics_test.dart: verified runtime exposes four current proofs and stable message keys
00:01 +24: E:/r12-current-inputs-client-20260908/packages/app_shell/test/client_diagnostics_test.dart: verified runtime exposes four current proofs and stable message keys
00:01 +25: E:/r12-current-inputs-client-20260908/packages/app_shell/test/client_diagnostics_test.dart: verified runtime exposes four current proofs and stable message keys
00:01 +26: E:/r12-current-inputs-client-20260908/packages/app_shell/test/app_first_runtime_bootstrap_test.dart: non-idempotent API request is not replayed after transport failure
00:01 +27: E:/r12-current-inputs-client-20260908/packages/app_shell/test/app_first_runtime_bootstrap_test.dart: non-idempotent API request is not replayed after transport failure
00:01 +28: E:/r12-current-inputs-client-20260908/packages/app_shell/test/client_diagnostics_test.dart: degraded DNS maps only to evidence and a supported problem-book rule
00:01 +29: E:/r12-current-inputs-client-20260908/packages/app_shell/test/app_first_runtime_bootstrap_test.dart: prewarmed emergency bundle connects without any control-plane request
00:01 +30: E:/r12-current-inputs-client-20260908/packages/app_shell/test/app_first_runtime_bootstrap_test.dart: prewarmed emergency bundle connects without any control-plane request
00:01 +31: E:/r12-current-inputs-client-20260908/packages/app_shell/test/app_first_runtime_bootstrap_test.dart: prewarmed emergency bundle connects without any control-plane request
00:01 +32: E:/r12-current-inputs-client-20260908/packages/app_shell/test/app_first_runtime_bootstrap_test.dart: prewarmed emergency bundle connects without any control-plane request
00:01 +33: E:/r12-current-inputs-client-20260908/packages/app_shell/test/app_first_runtime_bootstrap_test.dart: prewarmed emergency bundle connects without any control-plane request
00:01 +34: E:/r12-current-inputs-client-20260908/packages/app_shell/test/app_first_runtime_bootstrap_test.dart: prewarmed emergency bundle connects without any control-plane request
00:01 +35: E:/r12-current-inputs-client-20260908/packages/app_shell/test/app_first_runtime_bootstrap_test.dart: prewarmed emergency bundle connects without any control-plane request
00:01 +36: E:/r12-current-inputs-client-20260908/packages/app_shell/test/app_first_runtime_bootstrap_test.dart: prewarmed emergency bundle connects without any control-plane request
00:01 +37: E:/r12-current-inputs-client-20260908/packages/app_shell/test/app_first_runtime_bootstrap_test.dart: prewarmed emergency bundle connects without any control-plane request
00:01 +38: E:/r12-current-inputs-client-20260908/packages/app_shell/test/app_first_runtime_bootstrap_test.dart: prewarmed emergency bundle connects without any control-plane request
00:01 +39: E:/r12-current-inputs-client-20260908/packages/app_shell/test/app_first_runtime_bootstrap_test.dart: prewarmed emergency bundle connects without any control-plane request
00:01 +40: E:/r12-current-inputs-client-20260908/packages/app_shell/test/app_first_runtime_bootstrap_test.dart: prewarmed emergency bundle connects without any control-plane request
00:01 +41: E:/r12-current-inputs-client-20260908/packages/app_shell/test/app_first_runtime_bootstrap_test.dart: prewarmed emergency bundle connects without any control-plane request
00:01 +42: E:/r12-current-inputs-client-20260908/packages/app_shell/test/client_diagnostics_test.dart: screen renders catalog rule and sanitized safe actions
00:01 +43: E:/r12-current-inputs-client-20260908/packages/app_shell/test/client_diagnostics_test.dart: screen renders catalog rule and sanitized safe actions
00:01 +44: E:/r12-current-inputs-client-20260908/packages/app_shell/test/client_diagnostics_test.dart: screen renders catalog rule and sanitized safe actions
00:01 +45: E:/r12-current-inputs-client-20260908/packages/app_shell/test/client_diagnostics_test.dart: screen renders catalog rule and sanitized safe actions
00:01 +46: E:/r12-current-inputs-client-20260908/packages/app_shell/test/client_diagnostics_test.dart: screen renders catalog rule and sanitized safe actions
00:01 +47: E:/r12-current-inputs-client-20260908/packages/app_shell/test/client_diagnostics_test.dart: screen renders catalog rule and sanitized safe actions
00:01 +48: E:/r12-current-inputs-client-20260908/packages/app_shell/test/client_diagnostics_test.dart: screen renders catalog rule and sanitized safe actions
00:01 +49: E:/r12-current-inputs-client-20260908/packages/app_shell/test/client_diagnostics_test.dart: screen renders catalog rule and sanitized safe actions
00:01 +50: E:/r12-current-inputs-client-20260908/packages/app_shell/test/client_diagnostics_test.dart: screen renders catalog rule and sanitized safe actions
00:01 +51: E:/r12-current-inputs-client-20260908/packages/app_shell/test/client_diagnostics_test.dart: screen renders catalog rule and sanitized safe actions
00:01 +52: E:/r12-current-inputs-client-20260908/packages/app_shell/test/client_diagnostics_test.dart: screen renders catalog rule and sanitized safe actions
00:01 +53: E:/r12-current-inputs-client-20260908/packages/app_shell/test/client_diagnostics_test.dart: screen renders catalog rule and sanitized safe actions
00:01 +54: E:/r12-current-inputs-client-20260908/packages/app_shell/test/client_diagnostics_test.dart: screen renders catalog rule and sanitized safe actions
00:01 +55: E:/r12-current-inputs-client-20260908/packages/app_shell/test/client_diagnostics_test.dart: screen renders catalog rule and sanitized safe actions
00:01 +56: E:/r12-current-inputs-client-20260908/packages/app_shell/test/client_diagnostics_test.dart: screen renders catalog rule and sanitized safe actions
00:01 +57: E:/r12-current-inputs-client-20260908/packages/app_shell/test/client_diagnostics_test.dart: screen renders catalog rule and sanitized safe actions
00:01 +58: E:/r12-current-inputs-client-20260908/packages/app_shell/test/client_diagnostics_test.dart: screen renders catalog rule and sanitized safe actions
00:01 +59: E:/r12-current-inputs-client-20260908/packages/app_shell/test/client_diagnostics_test.dart: screen renders catalog rule and sanitized safe actions
00:01 +60: E:/r12-current-inputs-client-20260908/packages/app_shell/test/client_diagnostics_test.dart: screen renders catalog rule and sanitized safe actions
00:01 +61: E:/r12-current-inputs-client-20260908/packages/app_shell/test/client_diagnostics_test.dart: screen renders catalog rule and sanitized safe actions
00:01 +62: E:/r12-current-inputs-client-20260908/packages/app_shell/test/client_diagnostics_test.dart: screen renders catalog rule and sanitized safe actions
00:01 +63: E:/r12-current-inputs-client-20260908/packages/app_shell/test/client_diagnostics_test.dart: screen renders catalog rule and sanitized safe actions
00:01 +64: E:/r12-current-inputs-client-20260908/packages/app_shell/test/client_diagnostics_test.dart: screen renders catalog rule and sanitized safe actions
00:01 +65: E:/r12-current-inputs-client-20260908/packages/app_shell/test/client_diagnostics_test.dart: screen renders catalog rule and sanitized safe actions
00:01 +66: E:/r12-current-inputs-client-20260908/packages/app_shell/test/client_diagnostics_test.dart: screen renders catalog rule and sanitized safe actions
00:01 +67: E:/r12-current-inputs-client-20260908/packages/app_shell/test/client_diagnostics_test.dart: screen renders catalog rule and sanitized safe actions
00:01 +68: E:/r12-current-inputs-client-20260908/packages/app_shell/test/client_diagnostics_test.dart: screen renders catalog rule and sanitized safe actions
00:01 +69: E:/r12-current-inputs-client-20260908/packages/app_shell/test/client_diagnostics_test.dart: screen renders catalog rule and sanitized safe actions
00:01 +70: E:/r12-current-inputs-client-20260908/packages/app_shell/test/client_diagnostics_test.dart: screen renders catalog rule and sanitized safe actions
00:01 +71: E:/r12-current-inputs-client-20260908/packages/app_shell/test/client_diagnostics_test.dart: screen renders catalog rule and sanitized safe actions
00:01 +72: E:/r12-current-inputs-client-20260908/packages/app_shell/test/client_diagnostics_test.dart: screen renders catalog rule and sanitized safe actions
00:01 +73: E:/r12-current-inputs-client-20260908/packages/app_shell/test/client_diagnostics_test.dart: screen renders catalog rule and sanitized safe actions
00:01 +74: E:/r12-current-inputs-client-20260908/packages/app_shell/test/client_diagnostics_test.dart: screen renders catalog rule and sanitized safe actions
00:01 +75: E:/r12-current-inputs-client-20260908/packages/app_shell/test/client_diagnostics_test.dart: screen renders catalog rule and sanitized safe actions
00:01 +76: E:/r12-current-inputs-client-20260908/packages/app_shell/test/client_diagnostics_test.dart: screen renders catalog rule and sanitized safe actions
00:01 +77: E:/r12-current-inputs-client-20260908/packages/app_shell/test/client_diagnostics_test.dart: screen renders catalog rule and sanitized safe actions
00:01 +78: E:/r12-current-inputs-client-20260908/packages/app_shell/test/client_diagnostics_test.dart: screen renders catalog rule and sanitized safe actions
00:01 +79: E:/r12-current-inputs-client-20260908/packages/app_shell/test/client_diagnostics_test.dart: screen renders catalog rule and sanitized safe actions
00:01 +80: E:/r12-current-inputs-client-20260908/packages/app_shell/test/client_diagnostics_test.dart: screen renders catalog rule and sanitized safe actions
00:01 +81: E:/r12-current-inputs-client-20260908/packages/app_shell/test/client_diagnostics_test.dart: screen renders catalog rule and sanitized safe actions
00:01 +82: E:/r12-current-inputs-client-20260908/packages/app_shell/test/client_diagnostics_test.dart: screen renders catalog rule and sanitized safe actions
00:01 +83: E:/r12-current-inputs-client-20260908/packages/app_shell/test/client_diagnostics_test.dart: screen renders catalog rule and sanitized safe actions
00:01 +84: E:/r12-current-inputs-client-20260908/packages/app_shell/test/client_diagnostics_test.dart: screen renders catalog rule and sanitized safe actions
00:01 +85: E:/r12-current-inputs-client-20260908/packages/app_shell/test/client_diagnostics_test.dart: screen renders catalog rule and sanitized safe actions
00:01 +86: E:/r12-current-inputs-client-20260908/packages/app_shell/test/client_diagnostics_test.dart: screen renders catalog rule and sanitized safe actions
00:01 +87: E:/r12-current-inputs-client-20260908/packages/app_shell/test/client_diagnostics_test.dart: screen renders catalog rule and sanitized safe actions
00:01 +88: E:/r12-current-inputs-client-20260908/packages/app_shell/test/client_diagnostics_test.dart: screen renders catalog rule and sanitized safe actions
00:01 +89: E:/r12-current-inputs-client-20260908/packages/app_shell/test/client_diagnostics_test.dart: screen renders catalog rule and sanitized safe actions
00:01 +90: E:/r12-current-inputs-client-20260908/packages/app_shell/test/client_diagnostics_test.dart: screen renders catalog rule and sanitized safe actions
00:01 +91: E:/r12-current-inputs-client-20260908/packages/app_shell/test/client_diagnostics_test.dart: screen renders catalog rule and sanitized safe actions
00:01 +92: E:/r12-current-inputs-client-20260908/packages/app_shell/test/client_diagnostics_test.dart: screen renders catalog rule and sanitized safe actions
00:01 +93: E:/r12-current-inputs-client-20260908/packages/app_shell/test/client_diagnostics_test.dart: screen renders catalog rule and sanitized safe actions
00:01 +94: E:/r12-current-inputs-client-20260908/packages/app_shell/test/client_diagnostics_test.dart: screen renders catalog rule and sanitized safe actions
00:01 +95: E:/r12-current-inputs-client-20260908/packages/app_shell/test/client_diagnostics_test.dart: screen renders catalog rule and sanitized safe actions
00:01 +96: E:/r12-current-inputs-client-20260908/packages/app_shell/test/client_diagnostics_test.dart: screen renders catalog rule and sanitized safe actions
00:01 +97: E:/r12-current-inputs-client-20260908/packages/app_shell/test/client_diagnostics_test.dart: screen renders catalog rule and sanitized safe actions
00:01 +98: E:/r12-current-inputs-client-20260908/packages/app_shell/test/client_diagnostics_test.dart: screen renders catalog rule and sanitized safe actions
00:01 +99: E:/r12-current-inputs-client-20260908/packages/app_shell/test/client_diagnostics_test.dart: screen renders catalog rule and sanitized safe actions
00:01 +100: E:/r12-current-inputs-client-20260908/packages/app_shell/test/client_diagnostics_test.dart: screen renders catalog rule and sanitized safe actions
00:01 +101: E:/r12-current-inputs-client-20260908/packages/app_shell/test/client_diagnostics_test.dart: screen renders catalog rule and sanitized safe actions
00:02 +102: E:/r12-current-inputs-client-20260908/packages/app_shell/test/client_diagnostics_test.dart: screen renders catalog rule and sanitized safe actions
00:02 +103: E:/r12-current-inputs-client-20260908/packages/app_shell/test/app_first_runtime_bootstrap_test.dart: uses local selection and promotes the profile when Smart Connect advisory stalls
00:02 +104: E:/r12-current-inputs-client-20260908/packages/app_shell/test/app_first_runtime_bootstrap_test.dart: uses local selection and promotes the profile when Smart Connect advisory stalls
00:02 +105: E:/r12-current-inputs-client-20260908/packages/app_shell/test/app_first_runtime_bootstrap_test.dart: uses local selection and promotes the profile when Smart Connect advisory stalls
00:02 +106: E:/r12-current-inputs-client-20260908/packages/app_shell/test/app_first_runtime_bootstrap_test.dart: uses local selection and promotes the profile when Smart Connect advisory stalls
00:02 +107: E:/r12-current-inputs-client-20260908/packages/app_shell/test/app_first_runtime_bootstrap_test.dart: uses local selection and promotes the profile when Smart Connect advisory stalls
00:02 +108: E:/r12-current-inputs-client-20260908/packages/app_shell/test/app_first_runtime_bootstrap_test.dart: uses local selection and promotes the profile when Smart Connect advisory stalls
00:02 +109: E:/r12-current-inputs-client-20260908/packages/app_shell/test/app_first_runtime_bootstrap_test.dart: uses local selection and promotes the profile when Smart Connect advisory stalls
00:02 +110: E:/r12-current-inputs-client-20260908/packages/app_shell/test/app_first_runtime_bootstrap_test.dart: uses local selection and promotes the profile when Smart Connect advisory stalls
00:02 +111: E:/r12-current-inputs-client-20260908/packages/app_shell/test/app_first_runtime_bootstrap_test.dart: uses local selection and promotes the profile when Smart Connect advisory stalls
00:02 +112: E:/r12-current-inputs-client-20260908/packages/app_shell/test/app_first_runtime_bootstrap_test.dart: uses local selection and promotes the profile when Smart Connect advisory stalls
00:02 +113: E:/r12-current-inputs-client-20260908/packages/app_shell/test/app_first_runtime_bootstrap_test.dart: uses local selection and promotes the profile when Smart Connect advisory stalls
00:02 +114: E:/r12-current-inputs-client-20260908/packages/app_shell/test/app_first_runtime_bootstrap_test.dart: uses local selection and promotes the profile when Smart Connect advisory stalls
00:02 +115: E:/r12-current-inputs-client-20260908/packages/app_shell/test/app_first_runtime_bootstrap_test.dart: uses local selection and promotes the profile when Smart Connect advisory stalls
00:02 +116: E:/r12-current-inputs-client-20260908/packages/app_shell/test/app_first_runtime_bootstrap_test.dart: uses local selection and promotes the profile when Smart Connect advisory stalls
00:02 +117: E:/r12-current-inputs-client-20260908/packages/app_shell/test/app_first_runtime_bootstrap_test.dart: uses local selection and promotes the profile when Smart Connect advisory stalls
00:02 +118: E:/r12-current-inputs-client-20260908/packages/app_shell/test/app_first_runtime_bootstrap_test.dart: uses local selection and promotes the profile when Smart Connect advisory stalls
00:02 +119: E:/r12-current-inputs-client-20260908/packages/app_shell/test/app_first_runtime_bootstrap_test.dart: uses local selection and promotes the profile when Smart Connect advisory stalls
00:02 +120: E:/r12-current-inputs-client-20260908/packages/app_shell/test/app_first_runtime_bootstrap_test.dart: uses local selection and promotes the profile when Smart Connect advisory stalls
00:02 +121: E:/r12-current-inputs-client-20260908/packages/app_shell/test/app_first_runtime_bootstrap_test.dart: uses local selection and promotes the profile when Smart Connect advisory stalls
00:02 +122: E:/r12-current-inputs-client-20260908/packages/app_shell/test/app_first_runtime_bootstrap_test.dart: uses local selection and promotes the profile when Smart Connect advisory stalls
00:02 +123: E:/r12-current-inputs-client-20260908/packages/app_shell/test/app_first_runtime_bootstrap_test.dart: uses local selection and promotes the profile when Smart Connect advisory stalls
00:02 +124: E:/r12-current-inputs-client-20260908/packages/app_shell/test/app_first_runtime_bootstrap_test.dart: uses local selection and promotes the profile when Smart Connect advisory stalls
00:02 +125: E:/r12-current-inputs-client-20260908/packages/app_shell/test/app_first_runtime_bootstrap_test.dart: uses local selection and promotes the profile when Smart Connect advisory stalls
00:02 +126: E:/r12-current-inputs-client-20260908/packages/app_shell/test/app_first_runtime_bootstrap_test.dart: uses local selection and promotes the profile when Smart Connect advisory stalls
00:02 +127: E:/r12-current-inputs-client-20260908/packages/app_shell/test/app_first_runtime_bootstrap_test.dart: uses local selection and promotes the profile when Smart Connect advisory stalls
00:02 +128: E:/r12-current-inputs-client-20260908/packages/app_shell/test/app_first_runtime_bootstrap_test.dart: uses local selection and promotes the profile when Smart Connect advisory stalls
00:02 +129: E:/r12-current-inputs-client-20260908/packages/app_shell/test/app_first_runtime_bootstrap_test.dart: uses local selection and promotes the profile when Smart Connect advisory stalls
00:02 +130: E:/r12-current-inputs-client-20260908/packages/app_shell/test/app_first_runtime_bootstrap_test.dart: uses local selection and promotes the profile when Smart Connect advisory stalls
00:02 +131: E:/r12-current-inputs-client-20260908/packages/app_shell/test/app_first_runtime_bootstrap_test.dart: uses local selection and promotes the profile when Smart Connect advisory stalls
00:02 +132: E:/r12-current-inputs-client-20260908/packages/app_shell/test/app_first_runtime_bootstrap_test.dart: uses local selection and promotes the profile when Smart Connect advisory stalls
00:02 +133: E:/r12-current-inputs-client-20260908/packages/app_shell/test/app_first_runtime_bootstrap_test.dart: uses local selection and promotes the profile when Smart Connect advisory stalls
00:02 +134: E:/r12-current-inputs-client-20260908/packages/app_shell/test/app_first_runtime_bootstrap_test.dart: uses local selection and promotes the profile when Smart Connect advisory stalls
00:02 +135: E:/r12-current-inputs-client-20260908/packages/app_shell/test/app_first_runtime_bootstrap_test.dart: uses local selection and promotes the profile when Smart Connect advisory stalls
00:02 +136: E:/r12-current-inputs-client-20260908/packages/app_shell/test/app_first_runtime_bootstrap_test.dart: uses local selection and promotes the profile when Smart Connect advisory stalls
00:02 +137: E:/r12-current-inputs-client-20260908/packages/app_shell/test/app_first_runtime_bootstrap_test.dart: uses local selection and promotes the profile when Smart Connect advisory stalls
00:02 +138: E:/r12-current-inputs-client-20260908/packages/app_shell/test/app_first_runtime_bootstrap_test.dart: uses local selection and promotes the profile when Smart Connect advisory stalls
00:02 +139: E:/r12-current-inputs-client-20260908/packages/app_shell/test/app_first_runtime_bootstrap_test.dart: uses local selection and promotes the profile when Smart Connect advisory stalls
00:02 +140: E:/r12-current-inputs-client-20260908/packages/app_shell/test/app_first_runtime_bootstrap_test.dart: uses local selection and promotes the profile when Smart Connect advisory stalls
00:03 +141: E:/r12-current-inputs-client-20260908/packages/app_shell/test/app_first_runtime_bootstrap_test.dart: uses local selection and promotes the profile when Smart Connect advisory stalls
00:03 +142: E:/r12-current-inputs-client-20260908/packages/app_shell/test/app_first_runtime_bootstrap_test.dart: uses local selection and promotes the profile when Smart Connect advisory stalls
00:03 +143: E:/r12-current-inputs-client-20260908/packages/app_shell/test/app_first_runtime_bootstrap_test.dart: uses local selection and promotes the profile when Smart Connect advisory stalls
00:03 +144: E:/r12-current-inputs-client-20260908/packages/app_shell/test/app_first_runtime_bootstrap_test.dart: uses local selection and promotes the profile when Smart Connect advisory stalls
00:03 +145: E:/r12-current-inputs-client-20260908/packages/app_shell/test/app_first_runtime_bootstrap_test.dart: uses local selection and promotes the profile when Smart Connect advisory stalls
00:03 +146: E:/r12-current-inputs-client-20260908/packages/app_shell/test/app_first_runtime_bootstrap_test.dart: uses local selection and promotes the profile when Smart Connect advisory stalls
00:03 +147: E:/r12-current-inputs-client-20260908/packages/app_shell/test/app_first_runtime_bootstrap_test.dart: uses local selection and promotes the profile when Smart Connect advisory stalls
00:03 +148: E:/r12-current-inputs-client-20260908/packages/app_shell/test/app_first_runtime_bootstrap_test.dart: uses local selection and promotes the profile when Smart Connect advisory stalls
00:03 +149: E:/r12-current-inputs-client-20260908/packages/app_shell/test/app_first_runtime_bootstrap_test.dart: uses local selection and promotes the profile when Smart Connect advisory stalls
00:03 +150: E:/r12-current-inputs-client-20260908/packages/app_shell/test/app_first_runtime_bootstrap_test.dart: uses local selection and promotes the profile when Smart Connect advisory stalls
00:03 +151: E:/r12-current-inputs-client-20260908/packages/app_shell/test/connect_first_hint_test.dart: successful first connection dismisses the hint and reports UX state
00:03 +152: E:/r12-current-inputs-client-20260908/packages/app_shell/test/connect_first_hint_test.dart: successful first connection dismisses the hint and reports UX state
00:03 +153: E:/r12-current-inputs-client-20260908/packages/app_shell/test/connect_first_hint_test.dart: successful first connection dismisses the hint and reports UX state
00:03 +154: E:/r12-current-inputs-client-20260908/packages/app_shell/test/connect_first_hint_test.dart: successful first connection dismisses the hint and reports UX state
00:03 +155: E:/r12-current-inputs-client-20260908/packages/app_shell/test/connect_first_hint_test.dart: successful first connection dismisses the hint and reports UX state
00:03 +156: E:/r12-current-inputs-client-20260908/packages/app_shell/test/connect_first_hint_test.dart: successful first connection dismisses the hint and reports UX state
00:03 +157: E:/r12-current-inputs-client-20260908/packages/app_shell/test/connect_first_hint_test.dart: successful first connection dismisses the hint and reports UX state
00:03 +158: E:/r12-current-inputs-client-20260908/packages/app_shell/test/connect_first_hint_test.dart: successful first connection dismisses the hint and reports UX state
00:03 +159: E:/r12-current-inputs-client-20260908/packages/app_shell/test/connect_first_hint_test.dart: successful first connection dismisses the hint and reports UX state
00:03 +160: E:/r12-current-inputs-client-20260908/packages/app_shell/test/connect_first_hint_test.dart: successful first connection dismisses the hint and reports UX state
00:03 +161: E:/r12-current-inputs-client-20260908/packages/app_shell/test/connect_first_hint_test.dart: successful first connection dismisses the hint and reports UX state
00:03 +162: E:/r12-current-inputs-client-20260908/packages/app_shell/test/connect_first_hint_test.dart: successful first connection dismisses the hint and reports UX state
00:03 +163: E:/r12-current-inputs-client-20260908/packages/app_shell/test/connect_first_hint_test.dart: successful first connection dismisses the hint and reports UX state
00:03 +164: E:/r12-current-inputs-client-20260908/packages/app_shell/test/connect_first_hint_test.dart: successful first connection dismisses the hint and reports UX state
00:03 +165: E:/r12-current-inputs-client-20260908/packages/app_shell/test/connect_first_hint_test.dart: successful first connection dismisses the hint and reports UX state
00:03 +166: E:/r12-current-inputs-client-20260908/packages/app_shell/test/connect_first_hint_test.dart: successful first connection dismisses the hint and reports UX state
00:03 +167: E:/r12-current-inputs-client-20260908/packages/app_shell/test/connect_first_hint_test.dart: successful first connection dismisses the hint and reports UX state
00:03 +168: E:/r12-current-inputs-client-20260908/packages/app_shell/test/connect_first_hint_test.dart: successful first connection dismisses the hint and reports UX state
00:03 +169: E:/r12-current-inputs-client-20260908/packages/app_shell/test/connect_first_hint_test.dart: successful first connection dismisses the hint and reports UX state
00:03 +170: E:/r12-current-inputs-client-20260908/packages/app_shell/test/connect_first_hint_test.dart: successful first connection dismisses the hint and reports UX state
00:03 +171: E:/r12-current-inputs-client-20260908/packages/app_shell/test/connect_first_hint_test.dart: successful first connection dismisses the hint and reports UX state
00:04 +172: E:/r12-current-inputs-client-20260908/packages/app_shell/test/pokrov_seed_app_test.dart: inactive app mutes animation ticks including modal routes
00:04 +173: E:/r12-current-inputs-client-20260908/packages/app_shell/test/pokrov_seed_app_test.dart: inactive app mutes animation ticks including modal routes
00:04 +174: E:/r12-current-inputs-client-20260908/packages/app_shell/test/pokrov_seed_app_test.dart: inactive app mutes animation ticks including modal routes
00:04 +175: E:/r12-current-inputs-client-20260908/packages/app_shell/test/pokrov_seed_app_test.dart: inactive app mutes animation ticks including modal routes
00:04 +176: E:/r12-current-inputs-client-20260908/packages/app_shell/test/pokrov_seed_app_test.dart: inactive app mutes animation ticks including modal routes
00:04 +177: E:/r12-current-inputs-client-20260908/packages/app_shell/test/pokrov_seed_app_test.dart: inactive app mutes animation ticks including modal routes
00:04 +178: E:/r12-current-inputs-client-20260908/packages/app_shell/test/pokrov_seed_app_test.dart: inactive app mutes animation ticks including modal routes
00:04 +179: E:/r12-current-inputs-client-20260908/packages/app_shell/test/pokrov_seed_app_test.dart: inactive app mutes animation ticks including modal routes
00:04 +180: E:/r12-current-inputs-client-20260908/packages/app_shell/test/pokrov_seed_app_test.dart: inactive app mutes animation ticks including modal routes
00:04 +181: E:/r12-current-inputs-client-20260908/packages/app_shell/test/pokrov_seed_app_test.dart: inactive app mutes animation ticks including modal routes
00:04 +182: E:/r12-current-inputs-client-20260908/packages/app_shell/test/pokrov_seed_app_test.dart: inactive app mutes animation ticks including modal routes
00:04 +183: E:/r12-current-inputs-client-20260908/packages/app_shell/test/pokrov_seed_app_test.dart: inactive app mutes animation ticks including modal routes
00:04 +184: E:/r12-current-inputs-client-20260908/packages/app_shell/test/pokrov_seed_app_test.dart: inactive app mutes animation ticks including modal routes
00:04 +185: E:/r12-current-inputs-client-20260908/packages/app_shell/test/pokrov_seed_app_test.dart: inactive app mutes animation ticks including modal routes
00:04 +186: E:/r12-current-inputs-client-20260908/packages/app_shell/test/pokrov_seed_app_test.dart: inactive app mutes animation ticks including modal routes
00:04 +187: E:/r12-current-inputs-client-20260908/packages/app_shell/test/pokrov_seed_app_test.dart: inactive app mutes animation ticks including modal routes
00:04 +188: E:/r12-current-inputs-client-20260908/packages/app_shell/test/pokrov_seed_app_test.dart: inactive app mutes animation ticks including modal routes
00:04 +189: E:/r12-current-inputs-client-20260908/packages/app_shell/test/pokrov_seed_app_test.dart: inactive app mutes animation ticks including modal routes
00:04 +190: E:/r12-current-inputs-client-20260908/packages/app_shell/test/pokrov_seed_app_test.dart: inactive app mutes animation ticks including modal routes
00:04 +191: E:/r12-current-inputs-client-20260908/packages/app_shell/test/pokrov_seed_app_test.dart: inactive app mutes animation ticks including modal routes
00:04 +192: E:/r12-current-inputs-client-20260908/packages/app_shell/test/pokrov_seed_app_test.dart: inactive app mutes animation ticks including modal routes
00:04 +193: E:/r12-current-inputs-client-20260908/packages/app_shell/test/pokrov_seed_app_test.dart: inactive app mutes animation ticks including modal routes
00:04 +194: E:/r12-current-inputs-client-20260908/packages/app_shell/test/pokrov_seed_app_test.dart: inactive app mutes animation ticks including modal routes
00:04 +195: E:/r12-current-inputs-client-20260908/packages/app_shell/test/pokrov_seed_app_test.dart: inactive app mutes animation ticks including modal routes
00:04 +196: E:/r12-current-inputs-client-20260908/packages/app_shell/test/pokrov_seed_app_test.dart: inactive app mutes animation ticks including modal routes
00:04 +197: E:/r12-current-inputs-client-20260908/packages/app_shell/test/pokrov_seed_app_test.dart: inactive app mutes animation ticks including modal routes
00:04 +198: E:/r12-current-inputs-client-20260908/packages/app_shell/test/pokrov_seed_app_test.dart: inactive app mutes animation ticks including modal routes
00:04 +199: E:/r12-current-inputs-client-20260908/packages/app_shell/test/pokrov_seed_app_test.dart: inactive app mutes animation ticks including modal routes
00:04 +200: E:/r12-current-inputs-client-20260908/packages/app_shell/test/pokrov_seed_app_test.dart: inactive app mutes animation ticks including modal routes
00:04 +201: E:/r12-current-inputs-client-20260908/packages/app_shell/test/pokrov_seed_app_test.dart: inactive app mutes animation ticks including modal routes
00:04 +202: E:/r12-current-inputs-client-20260908/packages/app_shell/test/pokrov_seed_app_test.dart: inactive app mutes animation ticks including modal routes
00:04 +203: E:/r12-current-inputs-client-20260908/packages/app_shell/test/pokrov_seed_app_test.dart: inactive app mutes animation ticks including modal routes
00:04 +204: E:/r12-current-inputs-client-20260908/packages/app_shell/test/pokrov_seed_app_test.dart: inactive app mutes animation ticks including modal routes
00:04 +205: E:/r12-current-inputs-client-20260908/packages/app_shell/test/pokrov_seed_app_test.dart: inactive app mutes animation ticks including modal routes
00:04 +206: E:/r12-current-inputs-client-20260908/packages/app_shell/test/pokrov_seed_app_test.dart: inactive app mutes animation ticks including modal routes
00:04 +207: E:/r12-current-inputs-client-20260908/packages/app_shell/test/pokrov_seed_app_test.dart: inactive app mutes animation ticks including modal routes
00:04 +208: E:/r12-current-inputs-client-20260908/packages/app_shell/test/pokrov_seed_app_test.dart: inactive app mutes animation ticks including modal routes
00:04 +209: E:/r12-current-inputs-client-20260908/packages/app_shell/test/pokrov_seed_app_test.dart: inactive app mutes animation ticks including modal routes
00:04 +210: E:/r12-current-inputs-client-20260908/packages/app_shell/test/pokrov_seed_app_test.dart: inactive app mutes animation ticks including modal routes
00:04 +211: E:/r12-current-inputs-client-20260908/packages/app_shell/test/pokrov_seed_app_test.dart: inactive app mutes animation ticks including modal routes
00:04 +212: E:/r12-current-inputs-client-20260908/packages/app_shell/test/pokrov_seed_app_test.dart: inactive app mutes animation ticks including modal routes
00:04 +213: E:/r12-current-inputs-client-20260908/packages/app_shell/test/pokrov_seed_app_test.dart: inactive app mutes animation ticks including modal routes
00:04 +214: E:/r12-current-inputs-client-20260908/packages/app_shell/test/pokrov_seed_app_test.dart: inactive app mutes animation ticks including modal routes
00:04 +215: E:/r12-current-inputs-client-20260908/packages/app_shell/test/pokrov_seed_app_test.dart: inactive app mutes animation ticks including modal routes
00:04 +216: E:/r12-current-inputs-client-20260908/packages/app_shell/test/support_mode_controller_test.dart: support mode fails closed on cap, expiry and corrupt local state
00:04 +217: E:/r12-current-inputs-client-20260908/packages/app_shell/test/support_mode_controller_test.dart: support mode fails closed on cap, expiry and corrupt local state
00:04 +218: E:/r12-current-inputs-client-20260908/packages/app_shell/test/connect_first_hint_test.dart: Android permission callback refreshes a later running host snapshot without another tap
00:04 +219: E:/r12-current-inputs-client-20260908/packages/app_shell/test/connect_first_hint_test.dart: Android permission callback refreshes a later running host snapshot without another tap
00:04 +220: E:/r12-current-inputs-client-20260908/packages/app_shell/test/connect_first_hint_test.dart: Android permission callback refreshes a later running host snapshot without another tap
00:04 +221: E:/r12-current-inputs-client-20260908/packages/app_shell/test/connect_first_hint_test.dart: Android permission callback refreshes a later running host snapshot without another tap
00:05 +222: E:/r12-current-inputs-client-20260908/packages/app_shell/test/connect_first_hint_test.dart: Android permission callback refreshes a later running host snapshot without another tap
00:05 +223: E:/r12-current-inputs-client-20260908/packages/app_shell/test/connect_first_hint_test.dart: Android permission callback refreshes a later running host snapshot without another tap
00:05 +224: E:/r12-current-inputs-client-20260908/packages/app_shell/test/connect_first_hint_test.dart: Android permission callback refreshes a later running host snapshot without another tap
00:05 +225: E:/r12-current-inputs-client-20260908/packages/app_shell/test/connect_first_hint_test.dart: Android permission callback refreshes a later running host snapshot without another tap
00:05 +226: E:/r12-current-inputs-client-20260908/packages/app_shell/test/connect_first_hint_test.dart: Android permission callback refreshes a later running host snapshot without another tap
00:05 +227: E:/r12-current-inputs-client-20260908/packages/app_shell/test/connect_first_hint_test.dart: Android permission callback refreshes a later running host snapshot without another tap
00:05 +228: E:/r12-current-inputs-client-20260908/packages/app_shell/test/connect_first_hint_test.dart: Android permission callback refreshes a later running host snapshot without another tap
00:05 +229: E:/r12-current-inputs-client-20260908/packages/app_shell/test/connect_first_hint_test.dart: Android permission callback refreshes a later running host snapshot without another tap
00:05 +230: E:/r12-current-inputs-client-20260908/packages/app_shell/test/connect_first_hint_test.dart: Android permission callback refreshes a later running host snapshot without another tap
00:05 +231: E:/r12-current-inputs-client-20260908/packages/app_shell/test/connect_first_hint_test.dart: Android permission callback refreshes a later running host snapshot without another tap
00:05 +232: E:/r12-current-inputs-client-20260908/packages/app_shell/test/connect_first_hint_test.dart: Android permission callback refreshes a later running host snapshot without another tap
00:05 +233: E:/r12-current-inputs-client-20260908/packages/app_shell/test/connect_first_hint_test.dart: Android permission callback refreshes a later running host snapshot without another tap
00:05 +234: E:/r12-current-inputs-client-20260908/packages/app_shell/test/connect_first_hint_test.dart: Android permission callback refreshes a later running host snapshot without another tap
00:05 +235: E:/r12-current-inputs-client-20260908/packages/app_shell/test/connect_first_hint_test.dart: Android permission callback refreshes a later running host snapshot without another tap
00:05 +236: E:/r12-current-inputs-client-20260908/packages/app_shell/test/connect_first_hint_test.dart: Android permission callback refreshes a later running host snapshot without another tap
00:05 +237: E:/r12-current-inputs-client-20260908/packages/app_shell/test/connect_first_hint_test.dart: Android permission callback refreshes a later running host snapshot without another tap
00:05 +238: E:/r12-current-inputs-client-20260908/packages/app_shell/test/pokrov_seed_app_test.dart: expired acquisition leaves normal access paths usable
00:05 +239: E:/r12-current-inputs-client-20260908/packages/app_shell/test/pokrov_seed_app_test.dart: expired acquisition leaves normal access paths usable
00:05 +240: E:/r12-current-inputs-client-20260908/packages/app_shell/test/pokrov_seed_app_test.dart: expired acquisition leaves normal access paths usable
00:05 +241: E:/r12-current-inputs-client-20260908/packages/app_shell/test/connect_first_hint_test.dart: Android VPN permission denial remains disconnected
00:05 +242: E:/r12-current-inputs-client-20260908/packages/app_shell/test/connect_first_hint_test.dart: Android VPN permission denial remains disconnected
00:05 +243: E:/r12-current-inputs-client-20260908/packages/app_shell/test/connect_first_hint_test.dart: Android VPN permission denial remains disconnected
00:05 +244: E:/r12-current-inputs-client-20260908/packages/app_shell/test/connect_first_hint_test.dart: Android VPN permission denial remains disconnected
00:05 +245: E:/r12-current-inputs-client-20260908/packages/app_shell/test/connect_first_hint_test.dart: Android VPN permission denial remains disconnected
00:05 +246: E:/r12-current-inputs-client-20260908/packages/app_shell/test/connect_first_hint_test.dart: Android VPN permission denial remains disconnected
00:05 +247: E:/r12-current-inputs-client-20260908/packages/app_shell/test/connect_first_hint_test.dart: Android VPN permission denial remains disconnected
00:05 +248: E:/r12-current-inputs-client-20260908/packages/app_shell/test/connect_first_hint_test.dart: Android VPN permission denial remains disconnected
00:05 +249: E:/r12-current-inputs-client-20260908/packages/app_shell/test/connect_first_hint_test.dart: Android VPN permission denial remains disconnected
00:05 +250: E:/r12-current-inputs-client-20260908/packages/app_shell/test/connect_first_hint_test.dart: Android VPN permission denial remains disconnected
00:05 +251: E:/r12-current-inputs-client-20260908/packages/app_shell/test/connect_first_hint_test.dart: Android VPN permission denial remains disconnected
00:05 +252: E:/r12-current-inputs-client-20260908/packages/app_shell/test/connect_first_hint_test.dart: Android VPN permission denial remains disconnected
00:05 +253: E:/r12-current-inputs-client-20260908/packages/app_shell/test/connect_first_hint_test.dart: Android VPN permission denial remains disconnected
00:06 +254: E:/r12-current-inputs-client-20260908/packages/app_shell/test/connect_first_hint_test.dart: Android VPN permission denial remains disconnected
00:06 +255: E:/r12-current-inputs-client-20260908/packages/app_shell/test/connect_first_hint_test.dart: Android VPN permission denial remains disconnected
00:06 +256: E:/r12-current-inputs-client-20260908/packages/app_shell/test/pokrov_seed_app_test.dart: Quick Settings invalidation coalesces a held burst before connect
00:06 +257: E:/r12-current-inputs-client-20260908/packages/app_shell/test/pokrov_seed_app_test.dart: Quick Settings invalidation coalesces a held burst before connect
00:06 +258: E:/r12-current-inputs-client-20260908/packages/app_shell/test/pokrov_seed_app_test.dart: Quick Settings invalidation coalesces a held burst before connect
00:06 +259: E:/r12-current-inputs-client-20260908/packages/app_shell/test/pokrov_seed_app_test.dart: Quick Settings invalidation coalesces a held burst before connect
00:06 +260: E:/r12-current-inputs-client-20260908/packages/app_shell/test/pokrov_seed_app_test.dart: Quick Settings invalidation coalesces a held burst before connect
00:06 +261: E:/r12-current-inputs-client-20260908/packages/app_shell/test/pokrov_seed_app_test.dart: Quick Settings invalidation coalesces a held burst before connect
00:06 +262: E:/r12-current-inputs-client-20260908/packages/app_shell/test/pokrov_seed_app_test.dart: Quick Settings invalidation coalesces a held burst before connect
00:06 +263: E:/r12-current-inputs-client-20260908/packages/app_shell/test/pokrov_seed_app_test.dart: Quick Settings invalidation coalesces a held burst before connect
00:06 +264: E:/r12-current-inputs-client-20260908/packages/app_shell/test/pokrov_seed_app_test.dart: Quick Settings invalidation coalesces a held burst before connect
00:06 +265: E:/r12-current-inputs-client-20260908/packages/app_shell/test/pokrov_seed_app_test.dart: Quick Settings invalidation coalesces a held burst before connect
00:06 +266: E:/r12-current-inputs-client-20260908/packages/app_shell/test/pokrov_seed_app_test.dart: Quick Settings invalidation coalesces a held burst before connect
00:06 +267: E:/r12-current-inputs-client-20260908/packages/app_shell/test/pokrov_seed_app_test.dart: Quick Settings invalidation coalesces a held burst before connect
00:06 +268: E:/r12-current-inputs-client-20260908/packages/app_shell/test/pokrov_seed_app_test.dart: Quick Settings invalidation coalesces a held burst before connect
00:06 +269: E:/r12-current-inputs-client-20260908/packages/app_shell/test/pokrov_seed_app_test.dart: Quick Settings invalidation coalesces a held burst before connect
00:06 +270: E:/r12-current-inputs-client-20260908/packages/app_shell/test/pokrov_seed_app_test.dart: Quick Settings invalidation coalesces a held burst before connect
00:06 +271: E:/r12-current-inputs-client-20260908/packages/app_shell/test/connect_first_hint_test.dart: completed store never renders the hint on an idle ready disc
00:06 +272: E:/r12-current-inputs-client-20260908/packages/app_shell/test/connect_first_hint_test.dart: completed store never renders the hint on an idle ready disc
00:06 +273: E:/r12-current-inputs-client-20260908/packages/app_shell/test/connect_first_hint_test.dart: completed store never renders the hint on an idle ready disc
00:06 +274: E:/r12-current-inputs-client-20260908/packages/app_shell/test/connect_first_hint_test.dart: completed store never renders the hint on an idle ready disc
00:06 +275: E:/r12-current-inputs-client-20260908/packages/app_shell/test/connect_first_hint_test.dart: completed store never renders the hint on an idle ready disc
00:06 +276: E:/r12-current-inputs-client-20260908/packages/app_shell/test/connect_first_hint_test.dart: completed store never renders the hint on an idle ready disc
00:06 +277: E:/r12-current-inputs-client-20260908/packages/app_shell/test/connect_first_hint_test.dart: completed store never renders the hint on an idle ready disc
00:06 +278: E:/r12-current-inputs-client-20260908/packages/app_shell/test/pokrov_seed_app_test.dart: Quick Settings invalidation coalesces a held burst before repair
00:06 +279: E:/r12-current-inputs-client-20260908/packages/app_shell/test/pokrov_seed_app_test.dart: Quick Settings invalidation coalesces a held burst before repair
00:06 +280: E:/r12-current-inputs-client-20260908/packages/app_shell/test/pokrov_seed_app_test.dart: Quick Settings invalidation coalesces a held burst before repair
00:06 +281: E:/r12-current-inputs-client-20260908/packages/app_shell/test/pokrov_seed_app_test.dart: Quick Settings invalidation coalesces a held burst before repair
00:07 +282: E:/r12-current-inputs-client-20260908/packages/app_shell/test/pokrov_seed_app_test.dart: Quick Settings invalidation coalesces a held burst before repair
00:07 +283: E:/r12-current-inputs-client-20260908/packages/app_shell/test/app_first_runtime_bootstrap_test.dart: rejects an oversized JSON response before buffering it
00:08 +284: E:/r12-current-inputs-client-20260908/packages/app_shell/test/app_first_runtime_bootstrap_test.dart: rejects an oversized JSON response before buffering it
00:08 +285: E:/r12-current-inputs-client-20260908/packages/app_shell/test/app_first_runtime_bootstrap_test.dart: rejects an oversized JSON response before buffering it
00:08 +286: E:/r12-current-inputs-client-20260908/packages/app_shell/test/app_first_runtime_bootstrap_test.dart: rejects an oversized JSON response before buffering it
00:08 +287: E:/r12-current-inputs-client-20260908/packages/app_shell/test/app_first_runtime_bootstrap_test.dart: rejects an oversized JSON response before buffering it
00:08 +288: E:/r12-current-inputs-client-20260908/packages/app_shell/test/app_first_runtime_bootstrap_test.dart: rejects an oversized JSON response before buffering it
00:09 +289: E:/r12-current-inputs-client-20260908/packages/app_shell/test/app_first_runtime_bootstrap_test.dart: rejects an oversized JSON response before buffering it
00:09 +290: E:/r12-current-inputs-client-20260908/packages/app_shell/test/app_first_runtime_bootstrap_test.dart: rejects an oversized JSON response before buffering it
00:09 +291: E:/r12-current-inputs-client-20260908/packages/app_shell/test/pokrov_seed_app_test.dart: first launch choice uses new and returning access copy
00:09 +292: E:/r12-current-inputs-client-20260908/packages/app_shell/test/pokrov_seed_app_test.dart: first launch choice uses new and returning access copy
00:09 +293: E:/r12-current-inputs-client-20260908/packages/app_shell/test/app_first_runtime_bootstrap_test.dart: accepts only canonical relative managed manifest paths
00:09 +294: E:/r12-current-inputs-client-20260908/packages/app_shell/test/pokrov_seed_app_test.dart: first-session actions remain reachable at 200 percent text
00:09 +295: E:/r12-current-inputs-client-20260908/packages/app_shell/test/pokrov_seed_app_test.dart: first-session actions remain reachable at 200 percent text
00:09 +296: E:/r12-current-inputs-client-20260908/packages/app_shell/test/pokrov_seed_app_test.dart: first-session actions remain reachable at 200 percent text
00:09 +297: E:/r12-current-inputs-client-20260908/packages/app_shell/test/pokrov_seed_app_test.dart: first-session actions remain reachable at 200 percent text
00:09 +298: E:/r12-current-inputs-client-20260908/packages/app_shell/test/pokrov_seed_app_test.dart: restore step focuses the code field and back returns to choice
00:09 +299: E:/r12-current-inputs-client-20260908/packages/app_shell/test/pokrov_seed_app_test.dart: seed shell lazily builds tabs and keeps opened tabs alive
00:09 +300: E:/r12-current-inputs-client-20260908/packages/app_shell/test/pokrov_seed_app_test.dart: new user first launch completion is persisted
00:10 +301: E:/r12-current-inputs-client-20260908/packages/app_shell/test/pokrov_seed_app_test.dart: returning first launch restores through unified redeem
00:10 +302: E:/r12-current-inputs-client-20260908/packages/app_shell/test/pokrov_seed_app_test.dart: returning first launch opens main bot pairing code
00:10 +303: E:/r12-current-inputs-client-20260908/packages/app_shell/test/pokrov_seed_app_test.dart: returning first launch claims a one-time device code
00:10 +304: E:/r12-current-inputs-client-20260908/packages/app_shell/test/pokrov_seed_app_test.dart: returning first launch rejects raw subscription links locally
00:10 +305: E:/r12-current-inputs-client-20260908/packages/app_shell/test/pokrov_seed_app_test.dart: renders premium shell v2 with compact first screen
00:11 +306: E:/r12-current-inputs-client-20260908/packages/app_shell/test/pokrov_seed_app_test.dart: home renders admin promotion only when backend exposes one
00:11 +307: E:/r12-current-inputs-client-20260908/packages/app_shell/test/pokrov_seed_app_test.dart: home renders exact ready winback commercial terms
00:11 +308: E:/r12-current-inputs-client-20260908/packages/app_shell/test/pokrov_seed_app_test.dart: home admin promotion ignores unsafe CTA schemes
00:11 +309: E:/r12-current-inputs-client-20260908/packages/app_shell/test/pokrov_seed_app_test.dart: home promo stays usable at 320px with countdown and mandatory policy
00:11 +310: E:/r12-current-inputs-client-20260908/packages/app_shell/test/pokrov_seed_app_test.dart: startup update downloads through verified Android installer
00:11 +311: E:/r12-current-inputs-client-20260908/packages/app_shell/test/pokrov_seed_app_test.dart: startup update check ignores untrusted download metadata
00:11 +312: E:/r12-current-inputs-client-20260908/packages/app_shell/test/pokrov_seed_app_test.dart: home status opens independent protection checks
00:12 +313: E:/r12-current-inputs-client-20260908/packages/app_shell/test/pokrov_seed_app_test.dart: protection center maps Android runtime failures to safe copy
00:12 +314: E:/r12-current-inputs-client-20260908/packages/app_shell/test/pokrov_seed_app_test.dart: protection repair runs one bounded disconnect stage connect loop
00:12 +315: E:/r12-current-inputs-client-20260908/packages/app_shell/test/pokrov_seed_app_test.dart: repair warns before disconnect and exposes three-step progress
00:12 +316: E:/r12-current-inputs-client-20260908/packages/app_shell/test/pokrov_seed_app_test.dart: repair profile failure keeps the sheet on the fresh stopped snapshot
00:13 +317: E:/r12-current-inputs-client-20260908/packages/app_shell/test/pokrov_seed_app_test.dart: profile uses grouped MVP account sections
00:13 +318: E:/r12-current-inputs-client-20260908/packages/app_shell/test/pokrov_seed_app_test.dart: live paid subscription replaces trial copy across home and profile
00:13 +319: E:/r12-current-inputs-client-20260908/packages/app_shell/test/pokrov_seed_app_test.dart: expired subscription replaces seed trial copy across home and profile
00:13 +320: E:/r12-current-inputs-client-20260908/packages/app_shell/test/pokrov_seed_app_test.dart: Android notification sheet keeps details inside the app
00:14 +321: E:/r12-current-inputs-client-20260908/packages/app_shell/test/pokrov_seed_app_test.dart: profile explains managed free-profile states without premium copy
00:14 +322: E:/r12-current-inputs-client-20260908/packages/app_shell/test/pokrov_seed_app_test.dart: profile theme selector switches light and dark mode
00:15 +323: E:/r12-current-inputs-client-20260908/packages/app_shell/test/pokrov_seed_app_test.dart: profile legal rows open generated platform URLs
00:15 +324: E:/r12-current-inputs-client-20260908/packages/app_shell/test/pokrov_seed_app_test.dart: profile first layer stays compact and hides advanced controls
00:15 +325: E:/r12-current-inputs-client-20260908/packages/app_shell/test/pokrov_seed_app_test.dart: profile redeem uses native app-first endpoint
00:15 +326: E:/r12-current-inputs-client-20260908/packages/app_shell/test/pokrov_seed_app_test.dart: profile gift redeem keeps access-updated confirmation
00:15 +327: E:/r12-current-inputs-client-20260908/packages/app_shell/test/pokrov_seed_app_test.dart: profile redeem keeps the sheet open on empty code
00:16 +328: E:/r12-current-inputs-client-20260908/packages/app_shell/test/pokrov_seed_app_test.dart: profile cabinet opens through short-lived handoff
00:16 +329: E:/r12-current-inputs-client-20260908/packages/app_shell/test/pokrov_seed_app_test.dart: cabinet return refreshes subscription on android
00:16 +330: E:/r12-current-inputs-client-20260908/packages/app_shell/test/pokrov_seed_app_test.dart: cabinet return refreshes subscription on windows
00:16 +331: E:/r12-current-inputs-client-20260908/packages/app_shell/test/pokrov_seed_app_test.dart: foreground account refresh coalesces and recovers after offline
00:16 +332: E:/r12-current-inputs-client-20260908/packages/app_shell/test/pokrov_seed_app_test.dart: profile shows native Telegram identity without another link action
00:16 +333: E:/r12-current-inputs-client-20260908/packages/app_shell/test/pokrov_seed_app_test.dart: profile Telegram bonus works before payment
00:17 +334: E:/r12-current-inputs-client-20260908/packages/app_shell/test/pokrov_seed_app_test.dart: profile verifies Telegram after returning from the bot
00:17 +335: E:/r12-current-inputs-client-20260908/packages/app_shell/test/pokrov_seed_app_test.dart: profile loads compact bonus summary with reward preview
00:17 +336: E:/r12-current-inputs-client-20260908/packages/app_shell/test/pokrov_seed_app_test.dart: zero remaining days never resets to the advertised trial duration
00:17 +337: E:/r12-current-inputs-client-20260908/packages/app_shell/test/pokrov_seed_app_test.dart: subscription refresh timeout does not claim missing entitlement
00:17 +338: E:/r12-current-inputs-client-20260908/packages/app_shell/test/pokrov_seed_app_test.dart: startup orders subscription before bonus summary
00:18 +339: E:/r12-current-inputs-client-20260908/packages/app_shell/test/pokrov_seed_app_test.dart: bonus preview keeps wheel and activity calendar non-mutating
00:18 +340: E:/r12-current-inputs-client-20260908/packages/app_shell/test/pokrov_seed_app_test.dart: profile opens rewards hub with wheel and calendar preview
00:18 +341: E:/r12-current-inputs-client-20260908/packages/app_shell/test/pokrov_seed_app_test.dart: rewards hub can run live wheel and calendar actions
00:18 +342: E:/r12-current-inputs-client-20260908/packages/app_shell/test/pokrov_seed_app_test.dart: profile rewards hub shows first-party promo slots
00:18 +343: E:/r12-current-inputs-client-20260908/packages/app_shell/test/pokrov_seed_app_test.dart: profile rewards hub opens referral share link
00:19 +344: E:/r12-current-inputs-client-20260908/packages/app_shell/test/pokrov_seed_app_test.dart: rewards referral copy confirms in-sheet with icon morph
00:19 +345: E:/r12-current-inputs-client-20260908/packages/app_shell/test/pokrov_seed_app_test.dart: rewards referral hides dead actions without a server link
00:19 +346: E:/r12-current-inputs-client-20260908/packages/app_shell/test/pokrov_seed_app_test.dart: profile opens subscription and email recovery sheets
00:19 +347: E:/r12-current-inputs-client-20260908/packages/app_shell/test/pokrov_seed_app_test.dart: profile surfaces devices, notifications and subscription detail
00:20 +348: E:/r12-current-inputs-client-20260908/packages/app_shell/test/pokrov_seed_app_test.dart: profile keeps account and settings actions grouped
00:20 +349: E:/r12-current-inputs-client-20260908/packages/app_shell/test/pokrov_seed_app_test.dart: disabled rewards stay hidden instead of dead muted cards
00:20 +350: E:/r12-current-inputs-client-20260908/packages/app_shell/test/pokrov_seed_app_test.dart: P4 responsive width matrix keeps the app shell stable
00:20 +351: E:/r12-current-inputs-client-20260908/packages/app_shell/test/pokrov_seed_app_test.dart: expanded desktop sidebar animates label width and opacity
00:20 +352: E:/r12-current-inputs-client-20260908/packages/app_shell/test/pokrov_seed_app_test.dart: windows shell hides unavailable enhanced protection
00:20 +353: E:/r12-current-inputs-client-20260908/packages/app_shell/test/pokrov_seed_app_test.dart: windows profile controls autostart and close behavior
00:21 +354: E:/r12-current-inputs-client-20260908/packages/app_shell/test/pokrov_seed_app_test.dart: enhanced protection asks for explicit consent before activation
00:21 +355: E:/r12-current-inputs-client-20260908/packages/app_shell/test/pokrov_seed_app_test.dart: home WARP switch changes consent without opening details
00:21 +356: E:/r12-current-inputs-client-20260908/packages/app_shell/test/pokrov_seed_app_test.dart: home WARP tile is tappable as a whole and toggles the switch
00:21 +357: E:/r12-current-inputs-client-20260908/packages/app_shell/test/pokrov_seed_app_test.dart: failed WARP connect falls back to ordinary VPN and stays visibly enabled
00:21 +358: E:/r12-current-inputs-client-20260908/packages/app_shell/test/pokrov_seed_app_test.dart: explicit WARP retry overrides one stale fallback status
00:21 +359: E:/r12-current-inputs-client-20260908/packages/app_shell/test/pokrov_seed_app_test.dart: home WARP uses client-local defaults without server material
00:21 +360: E:/r12-current-inputs-client-20260908/packages/app_shell/test/pokrov_seed_app_test.dart: revoking WARP consent clears the local enabled state
00:22 +361: E:/r12-current-inputs-client-20260908/packages/app_shell/test/pokrov_seed_app_test.dart: narrow windows shell uses a hamburger drawer instead of fixed sidebar
00:22 +362: E:/r12-current-inputs-client-20260908/packages/app_shell/test/pokrov_seed_app_test.dart: home uses one compact animated connect control
00:22 +363: E:/r12-current-inputs-client-20260908/packages/app_shell/test/pokrov_seed_app_test.dart: preparation screens use geometry-matched motion skeletons
00:22 +364: E:/r12-current-inputs-client-20260908/packages/app_shell/test/pokrov_seed_app_test.dart: P5 rewards loading uses geometry-matched skeleton
00:22 +365: E:/r12-current-inputs-client-20260908/packages/app_shell/test/pokrov_seed_app_test.dart: P5 support loading uses geometry skeleton instead of spinner
00:22 +366: E:/r12-current-inputs-client-20260908/packages/app_shell/test/pokrov_seed_app_test.dart: P5 Windows shortcuts navigate tabs and focus support composer
00:23 +367: E:/r12-current-inputs-client-20260908/packages/app_shell/test/pokrov_seed_app_test.dart: profile handoffs open safe external destinations
00:23 +368: E:/r12-current-inputs-client-20260908/packages/app_shell/test/pokrov_seed_app_test.dart: home trial access strip opens the profile
00:24 +369: E:/r12-current-inputs-client-20260908/packages/app_shell/test/pokrov_seed_app_test.dart: support chat reuses a loaded ticket thread for follow-up replies
00:24 +370: E:/r12-current-inputs-client-20260908/packages/app_shell/test/pokrov_seed_app_test.dart: support diagnostics actions stay reachable in constrained landscape
00:24 +371: E:/r12-current-inputs-client-20260908/packages/app_shell/test/pokrov_seed_app_test.dart: configured support key exposes encrypted offline delivery
00:24 +372: E:/r12-current-inputs-client-20260908/packages/app_shell/test/pokrov_seed_app_test.dart: support chat keeps optional actions out of the conversation
00:25 +373: E:/r12-current-inputs-client-20260908/packages/app_shell/test/pokrov_seed_app_test.dart: support history failure exposes one compact retry
00:25 +374: E:/r12-current-inputs-client-20260908/packages/app_shell/test/pokrov_seed_app_test.dart: support send retry preserves the draft without duplicate bubbles
00:25 +375: E:/r12-current-inputs-client-20260908/packages/app_shell/test/pokrov_seed_app_test.dart: support AI entry preserves its purpose at 200 percent text
00:26 +376: E:/r12-current-inputs-client-20260908/packages/app_shell/test/pokrov_seed_app_test.dart: support AI assistant opens an honest mini chat and answers from the knowledge base
00:26 +377: E:/r12-current-inputs-client-20260908/packages/app_shell/test/pokrov_seed_app_test.dart: support AI diagnostics action reuses the explicit attachment preview
00:26 +378: E:/r12-current-inputs-client-20260908/packages/app_shell/test/pokrov_seed_app_test.dart: support AI retry keeps one question bubble and returns concrete guidance
00:27 +379: E:/r12-current-inputs-client-20260908/packages/app_shell/test/pokrov_seed_app_test.dart: support AI composer stays above the Android keyboard
00:27 +380: E:/r12-current-inputs-client-20260908/packages/app_shell/test/pokrov_seed_app_test.dart: support AI assistant resets a failed continuation and keeps sessions sheet-local
00:27 +381: E:/r12-current-inputs-client-20260908/packages/app_shell/test/pokrov_seed_app_test.dart: support AI assistant admits a missing answer instead of improvising
00:28 +382: E:/r12-current-inputs-client-20260908/packages/app_shell/test/pokrov_seed_app_test.dart: support chat polls active ticket and shows operator reply
00:28 +383: E:/r12-current-inputs-client-20260908/packages/app_shell/test/pokrov_seed_app_test.dart: support polling stops while the app is in background
00:28 +384: E:/r12-current-inputs-client-20260908/packages/app_shell/test/pokrov_seed_app_test.dart: support chat shows offline lifecycle hint after poll failure
00:28 +385: E:/r12-current-inputs-client-20260908/packages/app_shell/test/pokrov_seed_app_test.dart: rules show selected-apps editor and hide beta prose
00:28 +386: E:/r12-current-inputs-client-20260908/packages/app_shell/test/pokrov_seed_app_test.dart: windows rules use region and process copy instead of mobile presets
00:29 +387: E:/r12-current-inputs-client-20260908/packages/app_shell/test/pokrov_seed_app_test.dart: advanced routing controls persist real rules, DNS and LAN
00:29 +388: E:/r12-current-inputs-client-20260908/packages/app_shell/test/pokrov_seed_app_test.dart: external Smart DNS lab requires custom direct DoH and an eligible purpose
00:29 +389: E:/r12-current-inputs-client-20260908/packages/app_shell/test/pokrov_seed_app_test.dart: expert rules use one apply operation and one reconnect
00:29 +390: E:/r12-current-inputs-client-20260908/packages/app_shell/test/pokrov_seed_app_test.dart: Windows advanced settings retain service VPN and TUN stack
00:30 +391: E:/r12-current-inputs-client-20260908/packages/app_shell/test/pokrov_seed_app_test.dart: trusted Wi-Fi detects, stores and enables a real network rule
00:30 +392: E:/r12-current-inputs-client-20260908/packages/app_shell/test/pokrov_seed_app_test.dart: trusted Wi-Fi accepts a manual network without framework errors
00:30 +393: E:/r12-current-inputs-client-20260908/packages/app_shell/test/pokrov_seed_app_test.dart: trusted Wi-Fi blocks connect before runtime staging
00:30 +394: E:/r12-current-inputs-client-20260908/packages/app_shell/test/pokrov_seed_app_test.dart: Android rules open the host VPN settings action
00:30 +395: E:/r12-current-inputs-client-20260908/packages/app_shell/test/pokrov_seed_app_test.dart: desktop shell controller attaches and detaches with the app
00:30 +396: E:/r12-current-inputs-client-20260908/packages/app_shell/test/pokrov_seed_app_test.dart: desktop shell waits for saved route scope before elevated continuation
00:31 +397: E:/r12-current-inputs-client-20260908/packages/app_shell/test/pokrov_seed_app_test.dart: rules lets user add a custom selected app identifier
00:31 +398: E:/r12-current-inputs-client-20260908/packages/app_shell/test/pokrov_seed_app_test.dart: Android can keep selected apps direct and route the rest by VPN
00:31 +399: E:/r12-current-inputs-client-20260908/packages/app_shell/test/pokrov_seed_app_test.dart: RU app presets classify installed packages and confirm both modes
00:31 +400: E:/r12-current-inputs-client-20260908/packages/app_shell/test/pokrov_seed_app_test.dart: rules app picker adds a known Android application
00:31 +401: E:/r12-current-inputs-client-20260908/packages/app_shell/test/pokrov_seed_app_test.dart: rules app picker can use native Android catalog
00:32 +402: E:/r12-current-inputs-client-20260908/packages/app_shell/test/pokrov_seed_app_test.dart: advanced settings open as diagnostics without acknowledgement
00:32 +403: E:/r12-current-inputs-client-20260908/packages/app_shell/test/pokrov_seed_app_test.dart: diagnostics creates a case with one encrypted bundle action
00:32 +404: E:/r12-current-inputs-client-20260908/packages/app_shell/test/pokrov_seed_app_test.dart: android protection surface keeps degraded runtime messaging consumer friendly
00:33 +405: E:/r12-current-inputs-client-20260908/packages/app_shell/test/pokrov_seed_app_test.dart: windows observes service loss after a long connected session
00:33 +406: E:/r12-current-inputs-client-20260908/packages/app_shell/test/pokrov_seed_app_test.dart: android refreshes delayed degraded host health after connect
00:33 +407: E:/r12-current-inputs-client-20260908/packages/app_shell/test/pokrov_seed_app_test.dart: android running waits for selected-outbound egress proof
00:33 +408: E:/r12-current-inputs-client-20260908/packages/app_shell/test/pokrov_seed_app_test.dart: android running marks failed selected-outbound egress degraded
00:33 +409: E:/r12-current-inputs-client-20260908/packages/app_shell/test/pokrov_seed_app_test.dart: android running shows connected after selected-outbound egress proof
00:33 +410: E:/r12-current-inputs-client-20260908/packages/app_shell/test/pokrov_seed_app_test.dart: explicit inactive subscription blocks cached reconnect on profile 503
00:33 +411: E:/r12-current-inputs-client-20260908/packages/app_shell/test/pokrov_seed_app_test.dart: explicit inactive subscription disconnects a cached tunnel on resume
00:33 +412: E:/r12-current-inputs-client-20260908/packages/app_shell/test/pokrov_seed_app_test.dart: inactive subscription during native connect stops the settled tunnel
00:34 +413: E:/r12-current-inputs-client-20260908/packages/app_shell/test/pokrov_seed_app_test.dart: cached Android profile handles API 503 after app restart
00:34 +414: E:/r12-current-inputs-client-20260908/packages/app_shell/test/pokrov_seed_app_test.dart: cached Android profile handles API 403 after app restart
00:34 +415: E:/r12-current-inputs-client-20260908/packages/app_shell/test/pokrov_seed_app_test.dart: manual retry after egress failure retains the cached profile during API outage
00:34 +416: E:/r12-current-inputs-client-20260908/packages/app_shell/test/pokrov_seed_app_test.dart: android egress fail-closed stop clears the connected home state
00:34 +417: E:/r12-current-inputs-client-20260908/packages/app_shell/test/pokrov_seed_app_test.dart: managed fallback on android (lab: false, baseline failure: false, unavailable: false, refused: false)
00:34 +418: E:/r12-current-inputs-client-20260908/packages/app_shell/test/pokrov_seed_app_test.dart: managed fallback on android (lab: true, baseline failure: false, unavailable: false, refused: false)
00:34 +419: E:/r12-current-inputs-client-20260908/packages/app_shell/test/pokrov_seed_app_test.dart: managed fallback on windows (lab: true, baseline failure: false, unavailable: false, refused: false)
00:34 +420: E:/r12-current-inputs-client-20260908/packages/app_shell/test/pokrov_seed_app_test.dart: managed fallback on android (lab: true, baseline failure: true, unavailable: false, refused: false)
00:34 +421: E:/r12-current-inputs-client-20260908/packages/app_shell/test/pokrov_seed_app_test.dart: managed fallback on android (lab: true, baseline failure: false, unavailable: true, refused: false)
00:35 +422: E:/r12-current-inputs-client-20260908/packages/app_shell/test/pokrov_seed_app_test.dart: managed fallback on android (lab: true, baseline failure: false, unavailable: false, refused: true)
00:35 +423: E:/r12-current-inputs-client-20260908/packages/app_shell/test/pokrov_seed_app_test.dart: stale Android egress poll cannot override a newer connection
00:35 +424: E:/r12-current-inputs-client-20260908/packages/app_shell/test/pokrov_seed_app_test.dart: android protection surface hides raw top-level host diagnostics
00:35 +425: E:/r12-current-inputs-client-20260908/packages/app_shell/test/pokrov_seed_app_test.dart: shows a single logical location in locations
00:35 +426: E:/r12-current-inputs-client-20260908/packages/app_shell/test/pokrov_seed_app_test.dart: stale manual location can return to automatic before provisioning
00:35 +427: E:/r12-current-inputs-client-20260908/packages/app_shell/test/pokrov_seed_app_test.dart: recent automatic node stays automatic after restart
00:35 +428: E:/r12-current-inputs-client-20260908/packages/app_shell/test/pokrov_seed_app_test.dart: automatic Smart Connect stickiness never becomes a manual preference
00:35 +429: E:/r12-current-inputs-client-20260908/packages/app_shell/test/pokrov_seed_app_test.dart: locations screen renders backend catalog cities
00:36 +430: E:/r12-current-inputs-client-20260908/packages/app_shell/test/pokrov_seed_app_test.dart: manual city scrolls every variant into the safe sheet viewport
00:36 +431: E:/r12-current-inputs-client-20260908/packages/app_shell/test/pokrov_seed_app_test.dart: catalog refresh resets a removed preferred variant to direct
00:36 +432: E:/r12-current-inputs-client-20260908/packages/app_shell/test/pokrov_seed_app_test.dart: selected city shows active, available and unavailable variant status
00:36 +433: E:/r12-current-inputs-client-20260908/packages/app_shell/test/pokrov_seed_app_test.dart: location refresh spinner stays out of the Auto card
00:36 +434: E:/r12-current-inputs-client-20260908/packages/app_shell/test/pokrov_seed_app_test.dart: WARP with a white-list variant fails before runtime staging
00:36 +435: E:/r12-current-inputs-client-20260908/packages/app_shell/test/pokrov_seed_app_test.dart: locations stay readable at 200 percent on narrow Android
00:36 +436: E:/r12-current-inputs-client-20260908/packages/app_shell/test/pokrov_seed_app_test.dart: cached catalog allows recovery selection before Smart Connect resolves
00:36 +437: E:/r12-current-inputs-client-20260908/packages/app_shell/test/pokrov_seed_app_test.dart: manual location restarts the active tunnel and promotes the fresh profile
00:37 +438: E:/r12-current-inputs-client-20260908/packages/app_shell/test/pokrov_seed_app_test.dart: locations keep cached catalog favorites and recents offline
00:37 +439: E:/r12-current-inputs-client-20260908/packages/app_shell/test/pokrov_seed_app_test.dart: home bell opens cached notifications when refresh is offline
00:37 +440: E:/r12-current-inputs-client-20260908/packages/app_shell/test/pokrov_seed_app_test.dart: primary connect action auto-prepares and starts host runtime
00:37 +441: E:/r12-current-inputs-client-20260908/packages/app_shell/test/pokrov_seed_app_test.dart: long connect exposes the current stage and details after 10s
00:37 +442: E:/r12-current-inputs-client-20260908/packages/app_shell/test/pokrov_seed_app_test.dart: first route scope blocks an empty selected-apps list
00:37 +443: E:/r12-current-inputs-client-20260908/packages/app_shell/test/pokrov_seed_app_test.dart: late client-experience restore cannot replace first-connect route choice
00:37 +444: E:/r12-current-inputs-client-20260908/packages/app_shell/test/pokrov_seed_app_test.dart: first route scope confirmation survives a shell restart
00:38 +445: E:/r12-current-inputs-client-20260908/packages/app_shell/test/pokrov_seed_app_test.dart: primary connect activates once from pointer and keyboard
00:38 +446: E:/r12-current-inputs-client-20260908/packages/app_shell/test/pokrov_seed_app_test.dart: bootstrap failures surface as a calm recovery banner
00:38 +447: E:/r12-current-inputs-client-20260908/packages/app_shell/test/pokrov_seed_app_test.dart: unexpected runtime errors surface as redacted recovery feedback
00:38 +448: E:/r12-current-inputs-client-20260908/packages/app_shell/test/pokrov_seed_app_test.dart: android reconnect refreshes the managed profile even when one is already staged (success)
00:38 +449: E:/r12-current-inputs-client-20260908/packages/app_shell/test/pokrov_seed_app_test.dart: android reconnect refreshes the managed profile even when one is already staged (timeout)
00:38 +450: E:/r12-current-inputs-client-20260908/packages/app_shell/test/pokrov_seed_app_test.dart: android reconnect refreshes the managed profile even when one is already staged (rejected)
00:38 +451: E:/r12-current-inputs-client-20260908/packages/app_shell/test/pokrov_seed_app_test.dart: windows reconnect refreshes the managed profile even when one is already staged (success)
00:39 +452: E:/r12-current-inputs-client-20260908/packages/app_shell/test/pokrov_seed_app_test.dart: windows reconnect refreshes the managed profile even when one is already staged (timeout)
00:39 +453: E:/r12-current-inputs-client-20260908/packages/app_shell/test/pokrov_seed_app_test.dart: windows reconnect refreshes the managed profile even when one is already staged (rejected)
00:39 +454: E:/r12-current-inputs-client-20260908/packages/app_shell/test/pokrov_seed_app_test.dart: primary connect action is disabled when live connect is unavailable
00:39 +455: E:/r12-current-inputs-client-20260908/packages/app_shell/test/pokrov_seed_app_test.dart: first Android consent converges after delayed native running without lifecycle resume
00:39 +456: E:/r12-current-inputs-client-20260908/packages/app_shell/test/pokrov_seed_app_test.dart: primary connect action polls the host bridge until runtime is running
00:39 +457: E:/r12-current-inputs-client-20260908/packages/app_shell/test/pokrov_seed_app_test.dart: android shell refreshes runtime snapshot when the app resumes
00:39 +458: E:/r12-current-inputs-client-20260908/packages/app_shell/test/pokrov_seed_app_test.dart: tab changes animate through the shared tab transition wrapper
00:39 +459: E:/r12-current-inputs-client-20260908/packages/app_shell/test/pokrov_seed_app_test.dart: profile and rewards hub expose accent pull-to-refresh
00:40 +460: E:/r12-current-inputs-client-20260908/packages/app_shell/test/pokrov_seed_app_test.dart: home offers whitelist recovery after control-plane failure
00:40 +461: E:/r12-current-inputs-client-20260908/packages/app_shell/test/pokrov_seed_app_test.dart: whitelist mode opens ready for restricted networks without extra toggle
00:40 +462: E:/r12-current-inputs-client-20260908/packages/app_shell/test/pokrov_seed_app_test.dart: emergency page explains trial or paid access denial
00:40 +463: E:/r12-current-inputs-client-20260908/packages/app_shell/test/pokrov_seed_app_test.dart: emergency page never exposes raw transport failures
00:40 +464: E:/r12-current-inputs-client-20260908/packages/app_shell/test/pokrov_seed_app_test.dart: emergency catalogs fit 4 or 20 narrow rows
00:41 +465: E:/r12-current-inputs-client-20260908/packages/app_shell/test/pokrov_seed_app_test.dart: emergency disclosure gates profile resolution and connect
00:41 +466: E:/r12-current-inputs-client-20260908/packages/app_shell/test/pokrov_seed_app_test.dart: emergency connect rotates to the next reserve on Android
00:42 +467: E:/r12-current-inputs-client-20260908/packages/app_shell/test/pokrov_seed_app_test.dart: emergency connect rotates after the full-chain egress probe fails
00:42 +468: E:/r12-current-inputs-client-20260908/packages/app_shell/test/pokrov_seed_app_test.dart: manual whitelist route keeps the selected hop chain
00:42 +469: E:/r12-current-inputs-client-20260908/packages/app_shell/test/pokrov_seed_app_test.dart: emergency connect reports when every saved reserve is blocked
00:43 +470: E:/r12-current-inputs-client-20260908/packages/app_shell/test/pokrov_seed_app_test.dart: connection CTA and live status have one semantic source
00:43 +471: E:/r12-current-inputs-client-20260908/packages/app_shell/test/pokrov_seed_app_test.dart: matches deterministic critical-state goldens
00:43 +472: E:/r12-current-inputs-client-20260908/packages/app_shell/test/pokrov_seed_app_test.dart: builds seed app context for public and readiness-only host lanes
00:43 +473: All tests passed!
[PASS] client-widget-suite (48.766s)

[RUN] client-seed-contract
Client/Core version parity OK: app=1.2.0+4053 public=1.1.6 target_state=PRE_CANDIDATE_LOCAL core_pre_candidate=1.1.0 core_target=1.1.0 desktop_abi=2 core_checkout=PASS
Cross-repository product facts projection OK.
Cross-repository version truth OK: public=1.1.6 package=1.1.6+29 target=1.2.0+4053 state=PRE_CANDIDATE_LOCAL candidate=False
{"catalog_entry_count":127,"catalog_sha256":"1cef07aea2f859891794546569431d0e6aab91c6921729389fd63013f3002af1","event_schema_sha256":"24ae72442f778d7f1334ae0a4bf4d774738e4de275707b29420ec733af65cc17","status":"VALID"}
POKROV Core observability contracts OK: schema=1 contracts=2
Observability contract parity OK: platform/client/Core snapshots agree.
Release source logging gate OK: 160 production files.
Release source logging contract OK: real tree plus 4 negative cases.
Release-handoff v2 client contract OK: 16 cases.
Release rollback catalog contract OK: retained pointer plus 5 synthetic cases.
PASS: client release-v2 CI is strict and the Windows exact-candidate gate retains sanitized failure evidence.
Repository hygiene OK: effective_tracked=1113 retained_history=138 pending_temp_deletes=0 runtime_binaries=3
PASS: standard client gate analyzes testless modules, tests all test-bearing modules and both Android flavors, and resolves Gradle and Python tools on Windows/Linux.
Client presentation boundary OK: aggregate Home state/intents, five coordinators, update feature owner, progressive protection disclosure, 29 parts, centralized haptics.
Client performance samples: C:\Users\kiwun\AppData\Local\Temp\pokrov-client-performance-7a3ce16381964fcfa8dc76beefb97b47\cpu-counter-0.json
Mode: WindowsIdleCpu; retained samples: 1; discarded warmups: 0
Client performance collector contract OK.
Client docs contract OK.
Seed scaffold OK:
E:\r12-current-inputs-client-20260908
[PASS] client-seed-contract (53.620s)

[RUN] client-docs-contract
Client docs contract OK.
[PASS] client-docs-contract (5.385s)

[RUN] webapp-lint

> pokrov-webapp@0.1.0 lint
> eslint

[PASS] webapp-lint (31.494s)

[RUN] webapp-build

> pokrov-webapp@0.1.0 build
> next build && node ./scripts/fix-export-segment-paths.mjs

▲ Next.js 16.3.2 (Turbopack)
✓ Running next.config.ts took 312ms
- Experiments (use with caution):
  ✓ externalDir

  Creating an optimized production build ...
✓ Compiled successfully in 6.9s
  Running TypeScript ...
  Finished TypeScript in 10.6s ...
  Collecting page data using 19 workers ...
  Generating static pages using 19 workers (0/40) ...
  Generating static pages using 19 workers (10/40) 
  Generating static pages using 19 workers (20/40) 
  Generating static pages using 19 workers (30/40) 
✓ Generating static pages using 19 workers (40/40) in 868ms
  Finalizing page optimization ...

Route (app)
┌ ○ /
├ ○ /_not-found
├ ○ /admin
├ ○ /admin/bonuses
├ ○ /admin/broadcast
├ ○ /admin/dashboard
├ ○ /admin/funnel
├ ○ /admin/network
├ ○ /admin/nodes
├ ○ /admin/payments
├ ○ /admin/programs
├ ○ /admin/promos
├ ○ /admin/referrals
├ ○ /admin/release
├ ○ /admin/tickets
├ ○ /admin/users
├ ○ /dashboard
├ ○ /dashboard/downloads
├ ○ /devices
├ ○ /downloads
├ ○ /guides
├ ○ /guides/pokrov-app
├ ○ /icon.svg
├ ○ /pricing
├ ○ /profile
├ ○ /programs
├ ○ /protection
├ ○ /recover
├ ○ /redeem
├ ○ /rewards
├ ○ /settings
├ ○ /statistics
├ ○ /subscription
├ ○ /subscription/checkout
├ ○ /support
├ ○ /support/legal
├ ○ /support/thread
└ ○ /verify


○  (Static)  prerendered as static content

[fix-export-segment-paths] created 36 dot-joined segment payload copies
[PASS] webapp-build (29.184s)

[RUN] webapp-cabinet-e2e

> pokrov-webapp@0.1.0 test:e2e:cabinet
> node ./scripts/run-e2e.mjs cabinet


> pokrov-webapp@0.1.0 build
> next build && node ./scripts/fix-export-segment-paths.mjs

▲ Next.js 16.3.2 (Turbopack)
✓ Running next.config.ts took 43ms
- Experiments (use with caution):
  ✓ externalDir

  Creating an optimized production build ...
✓ Compiled successfully in 571ms
  Running TypeScript ...
  Finished TypeScript in 2.0s ...
  Collecting page data using 19 workers ...
  Generating static pages using 19 workers (0/40) ...
  Generating static pages using 19 workers (10/40) 
  Generating static pages using 19 workers (20/40) 
  Generating static pages using 19 workers (30/40) 
✓ Generating static pages using 19 workers (40/40) in 777ms
  Finalizing page optimization ...

Route (app)
┌ ○ /
├ ○ /_not-found
├ ○ /admin
├ ○ /admin/bonuses
├ ○ /admin/broadcast
├ ○ /admin/dashboard
├ ○ /admin/funnel
├ ○ /admin/network
├ ○ /admin/nodes
├ ○ /admin/payments
├ ○ /admin/programs
├ ○ /admin/promos
├ ○ /admin/referrals
├ ○ /admin/release
├ ○ /admin/tickets
├ ○ /admin/users
├ ○ /dashboard
├ ○ /dashboard/downloads
├ ○ /devices
├ ○ /downloads
├ ○ /guides
├ ○ /guides/pokrov-app
├ ○ /icon.svg
├ ○ /pricing
├ ○ /profile
├ ○ /programs
├ ○ /protection
├ ○ /recover
├ ○ /redeem
├ ○ /rewards
├ ○ /settings
├ ○ /statistics
├ ○ /subscription
├ ○ /subscription/checkout
├ ○ /support
├ ○ /support/legal
├ ○ /support/thread
└ ○ /verify


○  (Static)  prerendered as static content

[fix-export-segment-paths] created 36 dot-joined segment payload copies

Running 69 tests using 1 worker

(node:39548) Warning: The 'NO_COLOR' env is ignored due to the 'FORCE_COLOR' env being set.
(Use `node --trace-warnings ...` to show where the warning was created)
(node:39548) Warning: The 'NO_COLOR' env is ignored due to the 'FORCE_COLOR' env being set.
(Use `node --trace-warnings ...` to show where the warning was created)
  ok  1 e2e\cabinet-flow.spec.ts:715:7 › Cabinet session persistence › exchanges an app handoff token once and removes it from the URL (737ms)
  ok  2 e2e\cabinet-flow.spec.ts:730:7 › Cabinet session persistence › uses the exchanged cabinet target path (436ms)
  ok  3 e2e\cabinet-flow.spec.ts:744:7 › Cabinet session persistence › explains a reused app handoff link and removes it from the URL (340ms)
  ok  4 e2e\cabinet-flow.spec.ts:759:7 › Cabinet session persistence › reuses an email web session from the cookie fallback (528ms)
  ok  5 e2e\cabinet-flow.spec.ts:774:5 › settings preserves a grandfathered claimed Telegram bonus (535ms)
  ok  6 e2e\cabinet-flow.spec.ts:784:5 › keeps the account checklist on demand and persists its dismissal server-side (1.3s)
  ok  7 e2e\cabinet-flow.spec.ts:802:5 › selects the dashboard CTA from the server lifecycle stage (422ms)
  ok  8 e2e\cabinet-flow.spec.ts:812:5 › routes a connected account to devices and an expiring account to renewal (742ms)
  ok  9 e2e\cabinet-flow.spec.ts:834:5 › renders every required fact from the shared release catalog (636ms)
  ok 10 e2e\cabinet-flow.spec.ts:865:5 › uses the detected Windows release and never substitutes Android on mismatch (552ms)
  ok 11 e2e\cabinet-flow.spec.ts:900:5 › requires an explicit choice when the browser platform is unknown (689ms)
  ok 12 e2e\cabinet-flow.spec.ts:915:5 › renders every payment-return state and separates paid access mismatch (3.1s)
  ok 13 e2e\cabinet-flow.spec.ts:969:5 › starts independent cabinet checkout data requests without a waterfall (567ms)
  ok 14 e2e\cabinet-flow.spec.ts:1005:7 › Cabinet flow › shows shared POKROV cabinet branding and a site return link (476ms)
  ok 15 e2e\cabinet-flow.spec.ts:1025:7 › Cabinet flow › keeps server and device protection checks distinct (530ms)
  ok 16 e2e\cabinet-flow.spec.ts:1037:7 › Cabinet flow › uses desktop navigation at 1280px without mobile navigation chrome (657ms)
  ok 17 e2e\cabinet-flow.spec.ts:1049:7 › Cabinet flow › deduplicates rapid same-section left clicks (499ms)
  ok 18 e2e\cabinet-flow.spec.ts:1074:7 › Cabinet flow › shows email and Telegram entry on the root auth entry (425ms)
  ok 19 e2e\cabinet-flow.spec.ts:1096:7 › Cabinet flow › keeps the email entry available alongside Telegram (331ms)
  ok 20 e2e\cabinet-flow.spec.ts:1108:7 › Cabinet flow › reuses an existing web session and lands in the cabinet without showing auth entry again (471ms)
  ok 21 e2e\cabinet-flow.spec.ts:1116:7 › Cabinet flow › shows a human reauth CTA when the browser session is expired (341ms)
  ok 22 e2e\cabinet-flow.spec.ts:1134:7 › Cabinet flow › maps raw Telegram deprecated auth errors to a reauth CTA (344ms)
  ok 23 e2e\cabinet-flow.spec.ts:1151:7 › Cabinet flow › keeps the dashboard on consumer-safe access actions (486ms)
  ok 24 e2e\cabinet-flow.spec.ts:1169:7 › Cabinet flow › uses the side drawer as the only mobile cabinet navigation (1.1s)
  ok 25 e2e\cabinet-flow.spec.ts:1220:7 › Cabinet flow › keeps cabinet navigation usable with left-click browser routing (671ms)
  ok 26 e2e\cabinet-flow.spec.ts:1234:7 › Cabinet flow › keeps all six canonical plans when the public plan request fails (697ms)
  ok 27 e2e\cabinet-flow.spec.ts:1259:7 › Cabinet flow › gives secondary APK downloads a mobile-safe touch target (1.3s)
  ok 28 e2e\cabinet-flow.spec.ts:1295:7 › Cabinet flow › keeps download instructions compact until requested (1.3s)
  ok 29 e2e\cabinet-flow.spec.ts:1306:7 › Cabinet flow › links a trial entitlement to compact checkout (465ms)
  ok 30 e2e\cabinet-flow.spec.ts:1343:7 › Cabinet flow › shows branded root and cabinet not-found recovery screens (410ms)
  ok 31 e2e\cabinet-flow.spec.ts:1355:7 › Cabinet flow › shows Apple manual connection only as an explicit platform path (766ms)
  ok 32 e2e\cabinet-flow.spec.ts:1376:7 › Cabinet flow › builds the Happ URL without leaking it to third parties (535ms)
  ok 33 e2e\cabinet-flow.spec.ts:1404:7 › Cabinet flow › keeps manual setup closed from a direct hash when no active link exists (449ms)
  ok 34 e2e\cabinet-flow.spec.ts:1418:7 › Cabinet flow › keeps paid plan cards selectable for a free monthly account (704ms)
  ok 35 e2e\cabinet-flow.spec.ts:1482:7 › Cabinet flow › renders runtime connections on devices and keeps statistics as its own safe-summary page (747ms)
  ok 36 e2e\cabinet-flow.spec.ts:1505:7 › Cabinet flow › issues a one-time device code without exposing the subscription URL (685ms)
  ok 37 e2e\cabinet-flow.spec.ts:1514:7 › Cabinet flow › searches fallback guides and the POKROV screen atlas on mobile (3.3s)
  ok 38 e2e\cabinet-flow.spec.ts:1547:7 › Cabinet flow › submits a competitor-switch application without automatic reward (1.1s)
  ok 39 e2e\cabinet-flow.spec.ts:1569:7 › Cabinet flow › keeps redeem as a compact activation task (472ms)
  ok 40 e2e\cabinet-flow.spec.ts:1583:7 › Cabinet flow › keeps cabinet copy human and hides node internals (702ms)
  ok 41 e2e\cabinet-flow.spec.ts:1597:7 › Cabinet flow › settings exposes clear Telegram bonus actions without raw account details (1.7s)
  ok 42 e2e\cabinet-flow.spec.ts:1615:7 › Cabinet flow › shows honest payment history and a compact Russian checkout (866ms)
  ok 43 e2e\cabinet-flow.spec.ts:1657:7 › Cabinet flow › keeps downloads and support flows usable without the app (1.4s)
  ok 44 e2e\cabinet-flow.spec.ts:1693:7 › Cabinet flow › renders support thread attachments without exposing private access data (1.6s)
  ok 45 e2e\cabinet-flow.spec.ts:1750:7 › Cabinet flow › sends staged attachment id without the private media triplet (3.4s)
  ok 46 e2e\cabinet-flow.spec.ts:1832:7 › Cabinet flow › keeps legal documents as compact support rows (498ms)
  ok 47 e2e\cabinet-flow.spec.ts:1845:7 › Cabinet flow › stays inside a narrow mobile viewport for core cabinet pages (884ms)
  ok 48 e2e\cabinet-flow.spec.ts:1856:7 › Cabinet flow › maps every server access state to the subscription title and primary action (2.6s)
  ok 49 e2e\cabinet-flow.spec.ts:1880:7 › Cabinet flow › restores focus after routes and the onboarding dialog (1.2s)
  ok 50 e2e\cabinet-flow.spec.ts:1898:7 › Cabinet flow › has no serious or critical axe findings on critical cabinet routes (1.4s)
  ok 51 e2e\cabinet-flow.spec.ts:1911:7 › Cabinet flow › matches the deterministic cabinet visual matrix (6.4s)
  ok 52 e2e\rewards.spec.ts:268:7 › rewards fail-closed cabinet surface › shows anonymized referral conversion and history (550ms)
  ok 53 e2e\rewards.spec.ts:286:7 › rewards fail-closed cabinet surface › keeps calendar usable when wheel state fails (449ms)
  ok 54 e2e\rewards.spec.ts:294:7 › rewards fail-closed cabinet surface › keeps wheel usable when calendar state fails (437ms)
  ok 55 e2e\rewards.spec.ts:302:7 › rewards fail-closed cabinet surface › does not invent sectors or animate an unknown committed reward (685ms)
  ok 56 e2e\rewards.spec.ts:312:7 › rewards fail-closed cabinet surface › renders one sector as a guaranteed reward card (462ms)
  ok 57 e2e\rewards.spec.ts:327:9 › rewards fail-closed cabinet surface › fails closed for missing sectors (459ms)
  ok 58 e2e\rewards.spec.ts:327:9 › rewards fail-closed cabinet surface › fails closed for duplicate sectors (456ms)
  ok 59 e2e\rewards.spec.ts:327:9 › rewards fail-closed cabinet surface › fails closed for non-positive sectors (440ms)
  ok 60 e2e\rewards.spec.ts:327:9 › rewards fail-closed cabinet surface › fails closed for too many sectors (468ms)
  ok 61 e2e\rewards.spec.ts:327:9 › rewards fail-closed cabinet surface › fails closed for excessive reward (443ms)
  ok 62 e2e\rewards.spec.ts:337:9 › rewards fail-closed cabinet surface › keeps FREE rewards ineligible (445ms)
  ok 63 e2e\rewards.spec.ts:337:9 › rewards fail-closed cabinet surface › keeps TRIAL rewards ineligible (449ms)
  ok 64 e2e\rewards.spec.ts:337:9 › rewards fail-closed cabinet surface › keeps BONUS rewards ineligible (445ms)
  ok 65 e2e\rewards.spec.ts:347:7 › rewards fail-closed cabinet surface › keeps expired rewards ineligible (458ms)
  ok 66 e2e\rewards.spec.ts:355:7 › rewards fail-closed cabinet surface › renders disabled features without mutation controls (474ms)
  ok 67 e2e\rewards.spec.ts:365:7 › rewards fail-closed cabinet surface › accepts the server same-day calendar response (711ms)
  ok 68 e2e\rewards.spec.ts:374:7 › rewards fail-closed cabinet surface › refetches wheel state and entitlement after committed reward (690ms)
  ok 69 e2e\rewards.spec.ts:387:7 › rewards fail-closed cabinet surface › refetches calendar state and entitlement after check-in (670ms)

  69 passed (1.1m)
[PASS] webapp-cabinet-e2e (86.822s)

[RUN] marketing-build

> pokrov-marketing@0.1.0 build
> next build && node ./scripts/fix-export-segment-paths.mjs

▲ Next.js 16.3.2 (Turbopack)
✓ Running next.config.mjs took 33ms
- Experiments (use with caution):
  ✓ externalDir

  Creating an optimized production build ...
✓ Compiled successfully in 6.0s
  Running TypeScript ...
  Finished TypeScript in 6.6s ...
  Collecting page data using 19 workers ...
  Generating static pages using 19 workers (0/35) ...
  Generating static pages using 19 workers (8/35) 
  Generating static pages using 19 workers (17/35) 
  Generating static pages using 19 workers (26/35) 
✓ Generating static pages using 19 workers (35/35) in 881ms
  Finalizing page optimization ...

Route (app)
┌ ○ /
├ ○ /_not-found
├ ○ /android
├ ○ /best-vpn
├ ○ /billing/no-autosubscription
├ ○ /checkout
├ ○ /compare/free-vpn
├ ○ /devices
├ ○ /fail
├ ○ /fallback
├ ○ /guides
├ ○ /guides/pokrov-app
├ ○ /install
├ ○ /install/android
├ ○ /install/windows
├ ○ /manifest.webmanifest
├ ○ /mobile
├ ○ /offer
├ ○ /privacy
├ ○ /programs
├ ○ /robots.txt
├ ○ /sitemap.xml
├ ○ /status
├ ○ /success
├ ○ /support
├ ○ /support/install
├ ○ /telegram
├ ○ /tiktok
├ ○ /transparency
├ ○ /trial/no-card
├ ○ /trust/github-releases
├ ○ /vpn
├ ○ /windows
└ ○ /youtube


○  (Static)  prerendered as static content

[fix-export-segment-paths] created 30 dot-joined segment payload copies
[PASS] marketing-build (24.376s)

[RUN] marketing-seo

> pokrov-marketing@0.1.0 check:seo
> node ./scripts/check-marketing-seo.mjs

Marketing SEO/brand checks passed.
[PASS] marketing-seo (4.305s)

[RUN] marketing-responsive-reduced-motion

> pokrov-marketing@0.1.0 check:responsive
> node ./scripts/check-marketing-responsive.mjs

Marketing responsive checks passed. Screenshots: E:\r12-current-quality-platform-20260908\.tmp-marketing-responsive-1788876092966
[PASS] marketing-responsive-reduced-motion (58.252s)

[RUN] adminapp-build-for-static-budget

> pokrov-adminapp@0.1.0 prebuild
> npm run check:sdk && npm run build:contract


> pokrov-adminapp@0.1.0 check:sdk
> python ../scripts/generate_admin_v2_openapi.py --check && node scripts/generate-admin-v2-sdk.mjs --check

PASS admin-v2-openapi operations=75 sha256=beebbea12e3c5168d0bb54cd96e752aeebf7768df15f5194d5f22bb94669531c
PASS admin-v2-sdk operations=75 sha256=beebbea12e3c5168d0bb54cd96e752aeebf7768df15f5194d5f22bb94669531c

> pokrov-adminapp@0.1.0 build:contract
> node scripts/generate-build-contract.mjs

{"ok":true,"output_dir":"E:\\r12-current-quality-platform-20260908\\adminapp\\public","route_manifest_hash":"174894555db7c842f2c2b13f5ed8622cd9f8a31b8d93a2b0e5577a70984d3bc3","cutover_matrix_hash":"e438253b9512763f7fb887cac3a3abb8d6233f055cf123e4505278482083c0fe"}

> pokrov-adminapp@0.1.0 build
> next build

▲ Next.js 16.3.2 (Turbopack)
✓ Running next.config.ts took 327ms
- Experiments (use with caution):
  ✓ externalDir

  Creating an optimized production build ...
✓ Compiled successfully in 6.2s
  Running TypeScript ...
  Finished TypeScript in 10.6s ...
  Collecting page data using 5 workers ...
  Generating static pages using 5 workers (0/30) ...
  Generating static pages using 5 workers (7/30) 
  Generating static pages using 5 workers (14/30) 
  Generating static pages using 5 workers (22/30) 
✓ Generating static pages using 5 workers (30/30) in 1083ms
  Finalizing page optimization ...

Route (app)
┌ ○ /
├ ○ /_not-found
└   /[section]
  ├ ● /shift
  ├ ● /support
  ├ ● /users
  └ ● [+24 more paths]


○  (Static)  prerendered as static content
●  (SSG)     prerendered as static HTML (uses generateStaticParams)

[PASS] adminapp-build-for-static-budget (36.180s)

[RUN] web-static-performance-collect
WEB_PERFORMANCE_EVIDENCE: E:\r12-integrated-acceptance-20260908\current-quality\retry\010I-local-web-performance-evidence.json
[PASS] web-static-performance-collect (2.619s)

[RUN] web-static-performance-gate
{"contract": {"id": "pokrov.performance-budgets", "sha256": "9edc0b96ee1b7e762342d8ff72f974d61898540fd5c4174ff0cc8d6583d6fca2", "version": "1.0.0"}, "counts": {"baseline_recorded": 0, "failed": 0, "measured": 9, "non_measured": 0, "passed": 9, "total": 9}, "environment_fingerprint": "d427c84f1627238a4419e6e88ee26e9fd8ce1781900ef32c642d9c30900adb63", "missing_required_budget_ids": [], "nonpassing_required_budget_ids": [], "overall_status": "PASS", "release": {"candidate_label": "local-working-tree", "source_revision": "16407b8909508c9d533e88ba24153f8fef0314ce", "version": "1.2.0", "working_tree_state": "clean"}, "required_scopes": ["local_static"], "results": [{"baseline_compared": false, "budget_id": "web.marketing.critical_route_js_gzip_bytes", "environment_fingerprint": "d427c84f1627238a4419e6e88ee26e9fd8ce1781900ef32c642d9c30900adb63", "gate_status": "PASS", "max_regression_percent": 10, "regression_met": true, "regression_percent": null, "sample_count": 1, "scope": "local_static", "state": "MEASURED", "statistic": "max", "stop_lte": 275000, "stop_met": true, "target_lte": 122880, "target_met": false, "unit": "bytes", "value": 239757.0}, {"baseline_compared": false, "budget_id": "web.marketing.export_image_bytes", "environment_fingerprint": "d427c84f1627238a4419e6e88ee26e9fd8ce1781900ef32c642d9c30900adb63", "gate_status": "PASS", "max_regression_percent": 10, "regression_met": true, "regression_percent": null, "sample_count": 1, "scope": "local_static", "state": "MEASURED", "statistic": "sum", "stop_lte": 8700000, "stop_met": true, "target_lte": 7500000, "target_met": false, "unit": "bytes", "value": 7848431.0}, {"baseline_compared": false, "budget_id": "web.marketing.export_font_bytes", "environment_fingerprint": "d427c84f1627238a4419e6e88ee26e9fd8ce1781900ef32c642d9c30900adb63", "gate_status": "PASS", "max_regression_percent": 10, "regression_met": true, "regression_percent": null, "sample_count": 1, "scope": "local_static", "state": "MEASURED", "statistic": "sum", "stop_lte": 110000, "stop_met": true, "target_lte": 100000, "target_met": true, "unit": "bytes", "value": 96848.0}, {"baseline_compared": false, "budget_id": "web.webapp.critical_route_js_gzip_bytes", "environment_fingerprint": "d427c84f1627238a4419e6e88ee26e9fd8ce1781900ef32c642d9c30900adb63", "gate_status": "PASS", "max_regression_percent": 10, "regression_met": true, "regression_percent": null, "sample_count": 1, "scope": "local_static", "state": "MEASURED", "statistic": "max", "stop_lte": 340000, "stop_met": true, "target_lte": 153600, "target_met": false, "unit": "bytes", "value": 305386.0}, {"baseline_compared": false, "budget_id": "web.webapp.export_image_bytes", "environment_fingerprint": "d427c84f1627238a4419e6e88ee26e9fd8ce1781900ef32c642d9c30900adb63", "gate_status": "PASS", "max_regression_percent": 10, "regression_met": true, "regression_percent": null, "sample_count": 1, "scope": "local_static", "state": "MEASURED", "statistic": "sum", "stop_lte": 6000000, "stop_met": true, "target_lte": 5200000, "target_met": false, "unit": "bytes", "value": 5390960.0}, {"baseline_compared": false, "budget_id": "web.webapp.export_font_bytes", "environment_fingerprint": "d427c84f1627238a4419e6e88ee26e9fd8ce1781900ef32c642d9c30900adb63", "gate_status": "PASS", "max_regression_percent": 10, "regression_met": true, "regression_percent": null, "sample_count": 1, "scope": "local_static", "state": "MEASURED", "statistic": "sum", "stop_lte": 210000, "stop_met": true, "target_lte": 190000, "target_met": true, "unit": "bytes", "value": 182880.0}, {"baseline_compared": false, "budget_id": "web.adminapp.critical_route_js_gzip_bytes", "environment_fingerprint": "d427c84f1627238a4419e6e88ee26e9fd8ce1781900ef32c642d9c30900adb63", "gate_status": "PASS", "max_regression_percent": 10, "regression_met": true, "regression_percent": null, "sample_count": 1, "scope": "local_static", "state": "MEASURED", "statistic": "max", "stop_lte": 510000, "stop_met": true, "target_lte": 400000, "target_met": false, "unit": "bytes", "value": 452056.0}, {"baseline_compared": false, "budget_id": "web.adminapp.export_image_bytes", "environment_fingerprint": "d427c84f1627238a4419e6e88ee26e9fd8ce1781900ef32c642d9c30900adb63", "gate_status": "PASS", "max_regression_percent": 10, "regression_met": true, "regression_percent": null, "sample_count": 1, "scope": "local_static", "state": "MEASURED", "statistic": "sum", "stop_lte": 100000, "stop_met": true, "target_lte": 100000, "target_met": true, "unit": "bytes", "value": 0.0}, {"baseline_compared": false, "budget_id": "web.adminapp.export_font_bytes", "environment_fingerprint": "d427c84f1627238a4419e6e88ee26e9fd8ce1781900ef32c642d9c30900adb63", "gate_status": "PASS", "max_regression_percent": 10, "regression_met": true, "regression_percent": null, "sample_count": 1, "scope": "local_static", "state": "MEASURED", "statistic": "sum", "stop_lte": 100000, "stop_met": true, "target_lte": 100000, "target_met": true, "unit": "bytes", "value": 0.0}], "schema_version": 1}
[PASS] web-static-performance-gate (0.141s)
{"candidate_proven": false, "local_status": "PASS", "promotion_status": "MANUAL_OWNER_TEST", "report": "E:\\r12-integrated-acceptance-20260908\\current-quality\\retry\\010I-local-quality-gate.json"}
